Workbook

Sheet 1
B2: 记录人 | C2: 一期左进水 流量计读数 | D2: 一期右进水 流量计读数 | E2: 二期左进水 流量计读数 | F2: 二期右进水 流量计读数 | G2: 现场出水 流量计读数 | H2: 现场回用水 读数 | I2: 出水流量计 读数（网站） | J2: 回用水流量 （网站） | K2: 污泥流量 计读数 | L2: PAC2#流量计读数 | M2: PAC3#流量计读数 | N2: PAM流量 计读数 | O2: 盐酸流量 计读数 | P2: 氯酸钠流 量计读数 | Q2: 生反池 水温 | R2: 天气 (阴晴雨) | S2: 盐酸液位 差（CM） | T2: 氯酸钠液位差 差（CM） | U2: 最高流量 m3/h | V2: 最低流量 m3/h | W2: 最高液位 m | X2: 最低液位 m | Y2: 超液位时 间（分） | Z2: 备注 | AA2: 一期左 进水流量 | AB2: 一期右 进水流量 | AC2: 二期左 进水流量 | AD2: 二期右 进水流量 | AE2: 现场出水 流量 | AF2: 现场回用水 流量 | AG2: 进出水 流量差 | AH2: 出水流量（网站） | AI2: 回用水流量（网站） | AJ2: 实际处理量（网站） | AK2: 排泥量 m3 | AL2: PAC量 kg | AM2: PAM量 kg | AN2: 盐酸量 kg | AO2: 氯酸钠量 kg | AP2: 碳源量 kg | AQ2: PAC单耗 ppm | AR2: PAM单耗 ppm | AS2: 盐酸单耗 ppm | AT2: 氯酸钠单耗 ppm
A3: 43831 | B3: 仇昊 | C3: 12589440 | D3: 15183451 | E3: 14233000 | F3: 14231000 | G3: 205463623 | H3: 43037145 | I3: 205463698 | J3: 43037145 | L3: 4246.2 | M3: 3276.65 | N3: 71617.86 | Q3: 17.8 | R3: 晴 | S3: 330 | T3: 350 | U3: 6427 | V3: 5586 | W3: 6 | X3: 3 | Y3: 1044 | AA3: =IF(OR(C4=""),"",C4-C3) -> 32739 | AB3: =IF(OR(D4=""),"",D4-D3) -> 36286 | AC3: =IF(OR(E4=""),"",E4-E3) -> 33000 | AD3: =IF(OR(F4=""),"",F4-F3) -> 31000 | AE3: =IF(OR(G4=""),"",G4-G3) -> 134872 | AF3: =IF(OR(H4=""),"",H4-H3) -> 5094 | AG3: =IF(OR(AA3="",AB3="",AC3=""),"",AA3+AB3+AC3+AD3-AE3) -> -1847 | AH3: =IF(OR(I4=""),"",I4-I3) -> 136795 | AI3: =IF(OR(J4=""),"",J4-J3) -> 5094 | AJ3: =IF(OR(AH3="",AI3=""),"",AH3-AI3) -> 131701 | AK3: 1750 | AL3: =IF(OR(L4="",M4=""),"",ROUND((L4-L3+M4-M3)*1200,0)) -> 5760 | AM3: =IF(OR(N4=""),"",(ROUND((N4-N3)*2,0))) -> 28 | AN3: =IF(OR(S3=""),"",ROUND(S3*7.1,0)) -> 2343 | AO3: =IF(OR(T3=""),"",ROUND(T3*2.4,0)) -> 840 | AP3: 1900 | AQ3: =IF(OR($AJ3=""),"",ROUND(AL3/$AJ3*1000,1)) -> 43.7 | AR3: =IF(OR($AJ3=""),"",ROUND(AM3/$AJ3*1000,2)) -> 0.21 | AS3: =IF(OR($AJ3=""),"",ROUND(AN3/$AJ3*1000,1)) -> 17.8 | AT3: =IF(OR($AJ3=""),"",ROUND(AO3/$AJ3*1000,2)) -> 6.38
A4: =A3+1 -> 43832 | B4: 胡叶青 | C4: 12622179 | D4: 15219737 | E4: 14266000 | F4: 14262000 | G4: 205598495 | H4: 43042239 | I4: 205600493 | J4: 43042239 | L4: 4246.2 | M4: 3281.45 | N4: 71632.07 | Q4: 17.5 | R4: 晴 | S4: 300 | T4: 330 | U4: 6174 | V4: 5867 | W4: 5.4 | X4: 4.81 | Y4: 1320 | AA4: =IF(OR(C5=""),"",C5-C4) -> 35763 | AB4: =IF(OR(D5=""),"",D5-D4) -> 38999 | AC4: =IF(OR(E5=""),"",E5-E4) -> 34000 | AD4: =IF(OR(F5=""),"",F5-F4) -> 34000 | AE4: =IF(OR(G5=""),"",G5-G4) -> 150191 | AF4: =IF(OR(H5=""),"",H5-H4) -> 5282 | AG4: =IF(OR(AA4="",AB4="",AC4=""),"",AA4+AB4+AC4+AD4-AE4) -> -7429 | AH4: =IF(OR(I5=""),"",I5-I4) -> 147807 | AI4: =IF(OR(J5=""),"",J5-J4) -> 5282 | AJ4: =IF(OR(AH4="",AI4=""),"",AH4-AI4) -> 142525 | AK4: 1400 | AL4: =IF(OR(L5="",M5=""),"",ROUND((L5-L4+M5-M4)*1200,0)) -> 4800 | AM4: =IF(OR(N5=""),"",(ROUND((N5-N4)*2,0))) -> 29 | AN4: =IF(OR(S4=""),"",ROUND(S4*7.1,0)) -> 2130 | AO4: =IF(OR(T4=""),"",ROUND(T4*2.4,0)) -> 792 | AP4: 1900 | AQ4: =IF(OR($AJ4=""),"",ROUND(AL4/$AJ4*1000,1)) -> 33.7 | AR4: =IF(OR($AJ4=""),"",ROUND(AM4/$AJ4*1000,2)) -> 0.2 | AS4: =IF(OR($AJ4=""),"",ROUND(AN4/$AJ4*1000,1)) -> 14.9 | AT4: =IF(OR($AJ4=""),"",ROUND(AO4/$AJ4*1000,2)) -> 5.56
A5: =A4+1 -> 43833 | B5: 潘汝鑫 | C5: 12657942 | D5: 15258736 | E5: 14300000 | F5: 14296000 | G5: 205748686 | H5: 43047521 | I5: 205748300 | J5: 43047521 | L5: 4246.2 | M5: 3285.45 | N5: 71646.49 | Q5: 18.2 | R5: 晴 | S5: 470 | T5: 500 | U5: 8399 | V5: 5054 | W5: 5.96 | X5: 4.28 | Y5: 1431 | AA5: =IF(OR(C6=""),"",C6-C5) -> 39647 | AB5: =IF(OR(D6=""),"",D6-D5) -> 44353 | AC5: =IF(OR(E6=""),"",E6-E5) -> 40000 | AD5: =IF(OR(F6=""),"",F6-F5) -> 40000 | AE5: =IF(OR(G6=""),"",G6-G5) -> 137715 | AF5: =IF(OR(H6=""),"",H6-H5) -> 5200 | AG5: =IF(OR(AA5="",AB5="",AC5=""),"",AA5+AB5+AC5+AD5-AE5) -> 26285 | AH5: =IF(OR(I6=""),"",I6-I5) -> 138071 | AI5: =IF(OR(J6=""),"",J6-J5) -> 5200 | AJ5: =IF(OR(AH5="",AI5=""),"",AH5-AI5) -> 132871 | AK5: 1200 | AL5: =IF(OR(L6="",M6=""),"",ROUND((L6-L5+M6-M5)*1200,0)) -> 9996 | AM5: =IF(OR(N6=""),"",(ROUND((N6-N5)*2,0))) -> 32 | AN5: =IF(OR(S5=""),"",ROUND(S5*7.1,0)) -> 3337 | AO5: =IF(OR(T5=""),"",ROUND(T5*2.4,0)) -> 1200 | AP5: 1900 | AQ5: =IF(OR($AJ5=""),"",ROUND(AL5/$AJ5*1000,1)) -> 75.2 | AR5: =IF(OR($AJ5=""),"",ROUND(AM5/$AJ5*1000,2)) -> 0.24 | AS5: =IF(OR($AJ5=""),"",ROUND(AN5/$AJ5*1000,1)) -> 25.1 | AT5: =IF(OR($AJ5=""),"",ROUND(AO5/$AJ5*1000,2)) -> 9.03
A6: =A5+1 -> 43834 | B6: 陈智娇 | C6: 12697589 | D6: 15303089 | E6: 14340000 | F6: 14336000 | G6: 205886401 | H6: 43052721 | I6: 205886371 | J6: 43052721 | L6: 4246.2 | M6: 3293.78 | N6: 71662.25 | Q6: 18.3 | R6: 阴 | S6: 400 | T6: 450 | U6: 8012 | V6: 4993 | W6: 5.9 | X6: 4.25 | Y6: 1434 | AA6: =IF(OR(C7=""),"",C7-C6) -> 41663 | AB6: =IF(OR(D7=""),"",D7-D6) -> 47029 | AC6: =IF(OR(E7=""),"",E7-E6) -> 42000 | AD6: =IF(OR(F7=""),"",F7-F6) -> 42000 | AE6: =IF(OR(G7=""),"",G7-G6) -> 156130 | AF6: =IF(OR(H7=""),"",H7-H6) -> 5120 | AG6: =IF(OR(AA6="",AB6="",AC6=""),"",AA6+AB6+AC6+AD6-AE6) -> 16562 | AH6: =IF(OR(I7=""),"",I7-I6) -> 153730 | AI6: =IF(OR(J7=""),"",J7-J6) -> 5120 | AJ6: =IF(OR(AH6="",AI6=""),"",AH6-AI6) -> 148610 | AK6: 0 | AL6: =IF(OR(L7="",M7=""),"",ROUND((L7-L6+M7-M6)*1200,0)) -> 12528 | AM6: =IF(OR(N7=""),"",(ROUND((N7-N6)*2,0))) -> 14 | AN6: =IF(OR(S6=""),"",ROUND(S6*7.1,0)) -> 2840 | AO6: =IF(OR(T6=""),"",ROUND(T6*2.4,0)) -> 1080 | AP6: 2200 | AQ6: =IF(OR($AJ6=""),"",ROUND(AL6/$AJ6*1000,1)) -> 84.3 | AR6: =IF(OR($AJ6=""),"",ROUND(AM6/$AJ6*1000,2)) -> 0.09 | AS6: =IF(OR($AJ6=""),"",ROUND(AN6/$AJ6*1000,1)) -> 19.1 | AT6: =IF(OR($AJ6=""),"",ROUND(AO6/$AJ6*1000,2)) -> 7.27
A7: =A6+1 -> 43835 | B7: 陈智娇 | C7: 12739252 | D7: 15350118 | E7: 14382000 | F7: 14378000 | G7: 206042531 | H7: 43057841 | I7: 206040101 | J7: 43057841 | L7: 4246.2 | M7: 3304.22 | N7: 71669.17 | Q7: 16.9 | R7: 阴 | S7: 550 | T7: 600 | U7: 6975 | V7: 5012 | W7: 6.15 | X7: 4.45 | Y7: 1434 | AA7: =IF(OR(C8=""),"",C8-C7) -> 35125 | AB7: =IF(OR(D8=""),"",D8-D7) -> 38688 | AC7: =IF(OR(E8=""),"",E8-E7) -> 35000 | AD7: =IF(OR(F8=""),"",F8-F7) -> 33000 | AE7: =IF(OR(G8=""),"",G8-G7) -> 136953 | AF7: =IF(OR(H8=""),"",H8-H7) -> 5170 | AG7: =IF(OR(AA7="",AB7="",AC7=""),"",AA7+AB7+AC7+AD7-AE7) -> 4860 | AH7: =IF(OR(I8=""),"",I8-I7) -> 139358 | AI7: =IF(OR(J8=""),"",J8-J7) -> 5170 | AJ7: =IF(OR(AH7="",AI7=""),"",AH7-AI7) -> 134188 | AK7: 0 | AL7: =IF(OR(L8="",M8=""),"",ROUND((L8-L7+M8-M7)*1200,0)) -> 11424 | AM7: =IF(OR(N8=""),"",(ROUND((N8-N7)*2,0))) -> 18 | AN7: =IF(OR(S7=""),"",ROUND(S7*7.1,0)) -> 3905 | AO7: =IF(OR(T7=""),"",ROUND(T7*2.4,0)) -> 1440 | AP7: 2200 | AQ7: =IF(OR($AJ7=""),"",ROUND(AL7/$AJ7*1000,1)) -> 85.1 | AR7: =IF(OR($AJ7=""),"",ROUND(AM7/$AJ7*1000,2)) -> 0.13 | AS7: =IF(OR($AJ7=""),"",ROUND(AN7/$AJ7*1000,1)) -> 29.1 | AT7: =IF(OR($AJ7=""),"",ROUND(AO7/$AJ7*1000,2)) -> 10.73
A8: =A7+1 -> 43836 | B8: 陈智娇 | C8: 12774377 | D8: 15388806 | E8: 14417000 | F8: 14411000 | G8: 206179484 | H8: 43063011 | I8: 206179459 | J8: 43063011 | L8: 4246.2 | M8: 3313.74 | N8: 71678.08 | Q8: 17.2 | R8: 阴 | S8: 500 | T8: 530 | U8: 7200 | V8: 4851 | W8: 5.93 | X8: 4.17 | Y8: 1434 | AA8: =IF(OR(C9=""),"",C9-C8) -> 37792 | AB8: =IF(OR(D9=""),"",D9-D8) -> 41406 | AC8: =IF(OR(E9=""),"",E9-E8) -> 38000 | AD8: =IF(OR(F9=""),"",F9-F8) -> 37000 | AE8: =IF(OR(G9=""),"",G9-G8) -> 151032 | AF8: 5157 | AG8: =IF(OR(AA8="",AB8="",AC8=""),"",AA8+AB8+AC8+AD8-AE8) -> 3166 | AH8: =IF(OR(I9=""),"",I9-I8) -> 150634 | AI8: 5157 | AJ8: =IF(OR(AH8="",AI8=""),"",AH8-AI8) -> 145477 | AK8: 0 | AL8: =IF(OR(L9="",M9=""),"",ROUND((L9-L8+M9-M8)*1200,0)) -> 7872 | AM8: =IF(OR(N9=""),"",(ROUND((N9-N8)*2,0))) -> 37 | AN8: =IF(OR(S8=""),"",ROUND(S8*7.1,0)) -> 3550 | AO8: =IF(OR(T8=""),"",ROUND(T8*2.4,0)) -> 1272 | AP8: 2100 | AQ8: =IF(OR($AJ8=""),"",ROUND(AL8/$AJ8*1000,1)) -> 54.1 | AR8: =IF(OR($AJ8=""),"",ROUND(AM8/$AJ8*1000,2)) -> 0.25 | AS8: =IF(OR($AJ8=""),"",ROUND(AN8/$AJ8*1000,1)) -> 24.4 | AT8: =IF(OR($AJ8=""),"",ROUND(AO8/$AJ8*1000,2)) -> 8.74
A9: =A8+1 -> 43837 | B9: 陈智娇 | C9: 12812169 | D9: 15430212 | E9: 14455000 | F9: 14448000 | G9: 206330516 | H9: 5157 | I9: 206330093 | J9: 5157 | L9: 4246.2 | M9: 3320.3 | N9: 71696.51 | Q9: 17.7 | R9: 阴 | S9: 670 | T9: 680 | U9: 7648 | V9: 5033 | W9: 5.92 | X9: 3.67 | Y9: 1434 | AA9: =IF(OR(C10=""),"",C10-C9) -> 40820 | AB9: =IF(OR(D10=""),"",D10-D9) -> 44932 | AC9: =IF(OR(E10=""),"",E10-E9) -> 31000 | AD9: =IF(OR(F10=""),"",F10-F9) -> 30000 | AE9: =IF(OR(G10=""),"",G10-G9) -> 145864 | AF9: =IF(OR(H10=""),"",H10-H9) -> 4816 | AG9: =IF(OR(AA9="",AB9="",AC9=""),"",AA9+AB9+AC9+AD9-AE9) -> 888 | AH9: =IF(OR(I10=""),"",I10-I9) -> 147271 | AI9: =IF(OR(J10=""),"",J10-J9) -> 4816 | AJ9: =IF(OR(AH9="",AI9=""),"",AH9-AI9) -> 142455 | AK9: 0 | AL9: =IF(OR(L10="",M10=""),"",ROUND((L10-L9+M10-M9)*1200,0)) -> 12 | AM9: =IF(OR(N10=""),"",(ROUND((N10-N9)*2,0))) -> 0 | AN9: =IF(OR(S9=""),"",ROUND(S9*7.1,0)) -> 4757 | AO9: =IF(OR(T9=""),"",ROUND(T9*2.4,0)) -> 1632 | AP9: 2100 | AQ9: =IF(OR($AJ9=""),"",ROUND(AL9/$AJ9*1000,1)) -> 0.1 | AR9: =IF(OR($AJ9=""),"",ROUND(AM9/$AJ9*1000,2)) -> 0 | AS9: =IF(OR($AJ9=""),"",ROUND(AN9/$AJ9*1000,1)) -> 33.4 | AT9: =IF(OR($AJ9=""),"",ROUND(AO9/$AJ9*1000,2)) -> 11.46
A10: =A9+1 -> 43838 | B10: 陈智娇 | C10: 12852989 | D10: 15475144 | E10: 14486000 | F10: 14478000 | G10: 206476380 | H10: 9973 | I10: 206477364 | J10: 9973 | L10: 4246.2 | M10: 3320.31 | N10: 71696.6 | Q10: 17 | R10: 晴 | S10: 480 | T10: 500 | U10: 6188 | V10: 5600 | W10: 5.5 | X10: 2.72 | Y10: 1285 | AA10: =IF(OR(C11=""),"",C11-C10) -> 41386 | AB10: =IF(OR(D11=""),"",D11-D10) -> 44798 | AC10: =IF(OR(E11=""),"",E11-E10) -> 27000 | AD10: =IF(OR(F11=""),"",F11-F10) -> 27000 | AE10: =IF(OR(G11=""),"",G11-G10) -> 143988 | AF10: =IF(OR(H11=""),"",H11-H10) -> 5195 | AG10: =IF(OR(AA10="",AB10="",AC10=""),"",AA10+AB10+AC10+AD10-AE10) -> -3804 | AH10: =IF(OR(I11=""),"",I11-I10) -> 142737 | AI10: =IF(OR(J11=""),"",J11-J10) -> 5195 | AJ10: =IF(OR(AH10="",AI10=""),"",AH10-AI10) -> 137542 | AK10: 0 | AL10: =IF(OR(L11="",M11=""),"",ROUND((L11-L10+M11-M10)*1200,0)) -> 0 | AM10: =IF(OR(N11=""),"",(ROUND((N11-N10)*2,0))) -> 0 | AN10: =IF(OR(S10=""),"",ROUND(S10*7.1,0)) -> 3408 | AO10: =IF(OR(T10=""),"",ROUND(T10*2.4,0)) -> 1200 | AP10: 2100 | AQ10: =IF(OR($AJ10=""),"",ROUND(AL10/$AJ10*1000,1)) -> 0 | AR10: =IF(OR($AJ10=""),"",ROUND(AM10/$AJ10*1000,2)) -> 0 | AS10: =IF(OR($AJ10=""),"",ROUND(AN10/$AJ10*1000,1)) -> 24.8 | AT10: =IF(OR($AJ10=""),"",ROUND(AO10/$AJ10*1000,2)) -> 8.72
A11: =A10+1 -> 43839 | B11: 张亚光 | C11: 12894375 | D11: 15519942 | E11: 14513000 | F11: 14505000 | G11: 206620368 | H11: 15168 | I11: 206620101 | J11: 15168 | L11: 4246.2 | M11: 3320.31 | N11: 71696.6 | Q11: 17.4 | R11: 晴 | S11: 290 | T11: 310 | U11: 6654 | V11: 6128 | W11: 5.52 | X11: 2.83 | Y11: 1035 | AA11: =IF(OR(C12=""),"",C12-C11) -> 43818 | AB11: =IF(OR(D12=""),"",D12-D11) -> 47543 | AC11: =IF(OR(E12=""),"",E12-E11) -> 29000 | AD11: =IF(OR(F12=""),"",F12-F11) -> 27000 | AE11: =IF(OR(G12=""),"",G12-G11) -> 146445 | AF11: =IF(OR(H12=""),"",H12-H11) -> 4711 | AG11: =IF(OR(AA11="",AB11="",AC11=""),"",AA11+AB11+AC11+AD11-AE11) -> 916 | AH11: =IF(OR(I12=""),"",I12-I11) -> 148982 | AI11: =IF(OR(J12=""),"",J12-J11) -> 4711 | AJ11: =IF(OR(AH11="",AI11=""),"",AH11-AI11) -> 144271 | AK11: 0 | AL11: =IF(OR(L12="",M12=""),"",ROUND((L12-L11+M12-M11)*1200,0)) -> 0 | AM11: =IF(OR(N12=""),"",(ROUND((N12-N11)*2,0))) -> 0 | AN11: =IF(OR(S11=""),"",ROUND(S11*7.1,0)) -> 2059 | AO11: =IF(OR(T11=""),"",ROUND(T11*2.4,0)) -> 744 | AP11: 1900 | AQ11: =IF(OR($AJ11=""),"",ROUND(AL11/$AJ11*1000,1)) -> 0 | AR11: =IF(OR($AJ11=""),"",ROUND(AM11/$AJ11*1000,2)) -> 0 | AS11: =IF(OR($AJ11=""),"",ROUND(AN11/$AJ11*1000,1)) -> 14.3 | AT11: =IF(OR($AJ11=""),"",ROUND(AO11/$AJ11*1000,2)) -> 5.16
A12: =A11+1 -> 43840 | B12: 胡叶青 | C12: 12938193 | D12: 15567485 | E12: 14542000 | F12: 14532000 | G12: 206766813 | H12: 19879 | I12: 206769083 | J12: 19879 | L12: 4246.2 | M12: 3320.31 | N12: 71696.6 | Q12: 17.6 | R12: 晴 | S12: 500 | T12: 530 | U12: 6641 | V12: 4950 | W12: 6.53 | X12: 4.23 | Y12: 1432 | AA12: =IF(OR(C13=""),"",C13-C12) -> 44805 | AB12: =IF(OR(D13=""),"",D13-D12) -> 48733 | AC12: =IF(OR(E13=""),"",E13-E12) -> 29000 | AD12: =IF(OR(F13=""),"",F13-F12) -> 29000 | AE12: =IF(OR(G13=""),"",G13-G12) -> 154057 | AF12: =IF(OR(H13=""),"",H13-H12) -> 5517 | AG12: =IF(OR(AA12="",AB12="",AC12=""),"",AA12+AB12+AC12+AD12-AE12) -> -2519 | AH12: =IF(OR(I13=""),"",I13-I12) -> 150904 | AI12: =IF(OR(J13=""),"",J13-J12) -> 5517 | AJ12: =IF(OR(AH12="",AI12=""),"",AH12-AI12) -> 145387 | AK12: 495 | AL12: =IF(OR(L13="",M13=""),"",ROUND((L13-L12+M13-M12)*1200,0)) -> 7872 | AM12: =IF(OR(N13=""),"",(ROUND((N13-N12)*2,0))) -> 36 | AN12: =IF(OR(S12=""),"",ROUND(S12*7.1,0)) -> 3550 | AO12: =IF(OR(T12=""),"",ROUND(T12*2.4,0)) -> 1272 | AP12: 2700 | AQ12: =IF(OR($AJ12=""),"",ROUND(AL12/$AJ12*1000,1)) -> 54.1 | AR12: =IF(OR($AJ12=""),"",ROUND(AM12/$AJ12*1000,2)) -> 0.25 | AS12: =IF(OR($AJ12=""),"",ROUND(AN12/$AJ12*1000,1)) -> 24.4 | AT12: =IF(OR($AJ12=""),"",ROUND(AO12/$AJ12*1000,2)) -> 8.75
A13: =A12+1 -> 43841 | B13: 陈智娇 | C13: 12982998 | D13: 15616218 | E13: 14571000 | F13: 14561000 | G13: 206920870 | H13: 25396 | I13: 206919987 | J13: 25396 | L13: 4246.2 | M13: 3326.87 | N13: 71714.46 | Q13: 17.2 | R13: 晴 | S13: 700 | T13: 730 | U13: 7878 | V13: 5012 | W13: 5.8 | X13: 4.23 | Y13: 1439 | AA13: =IF(OR(C14=""),"",C14-C13) -> 46421 | AB13: =IF(OR(D14=""),"",D14-D13) -> 51837 | AC13: =IF(OR(E14=""),"",E14-E13) -> 31000 | AD13: =IF(OR(F14=""),"",F14-F13) -> 30000 | AE13: =IF(OR(G14=""),"",G14-G13) -> 145150 | AF13: =IF(OR(H14=""),"",H14-H13) -> 5440 | AG13: =IF(OR(AA13="",AB13="",AC13=""),"",AA13+AB13+AC13+AD13-AE13) -> 14108 | AH13: =IF(OR(I14=""),"",I14-I13) -> 145766 | AI13: =IF(OR(J14=""),"",J14-J13) -> 5440 | AJ13: =IF(OR(AH13="",AI13=""),"",AH13-AI13) -> 140326 | AK13: 0 | AL13: =IF(OR(L14="",M14=""),"",ROUND((L14-L13+M14-M13)*1200,0)) -> 7356 | AM13: =IF(OR(N14=""),"",(ROUND((N14-N13)*2,0))) -> 26 | AN13: =IF(OR(S13=""),"",ROUND(S13*7.1,0)) -> 4970 | AO13: =IF(OR(T13=""),"",ROUND(T13*2.4,0)) -> 1752 | AP13: 2900 | AQ13: =IF(OR($AJ13=""),"",ROUND(AL13/$AJ13*1000,1)) -> 52.4 | AR13: =IF(OR($AJ13=""),"",ROUND(AM13/$AJ13*1000,2)) -> 0.19 | AS13: =IF(OR($AJ13=""),"",ROUND(AN13/$AJ13*1000,1)) -> 35.4 | AT13: =IF(OR($AJ13=""),"",ROUND(AO13/$AJ13*1000,2)) -> 12.49
A14: =A13+1 -> 43842 | B14: 陈智娇 | C14: 13029419 | D14: 15668055 | E14: 14602000 | F14: 14591000 | G14: 207066020 | H14: 30836 | I14: 207065753 | J14: 30836 | L14: 4246.2 | M14: 3333 | N14: 71727.36 | Q14: 17 | R14: 晴 | S14: 750 | T14: 740 | U14: 7156 | V14: 5525 | W14: 6.07 | X14: 3.51 | Y14: 1427 | AA14: =IF(OR(C15=""),"",C15-C14) -> 46510 | AB14: =IF(OR(D15=""),"",D15-D14) -> 51728 | AC14: =IF(OR(E15=""),"",E15-E14) -> 31000 | AD14: =IF(OR(F15=""),"",F15-F14) -> 29000 | AE14: =IF(OR(G15=""),"",G15-G14) -> 147223 | AF14: =IF(OR(H15=""),"",H15-H14) -> 5503 | AG14: =IF(OR(AA14="",AB14="",AC14=""),"",AA14+AB14+AC14+AD14-AE14) -> 11015 | AH14: =IF(OR(I15=""),"",I15-I14) -> 146689 | AI14: =IF(OR(J15=""),"",J15-J14) -> 5503 | AJ14: =IF(OR(AH14="",AI14=""),"",AH14-AI14) -> 141186 | AK14: 1320 | AL14: =IF(OR(L15="",M15=""),"",ROUND((L15-L14+M15-M14)*1200,0)) -> 7080 | AM14: =IF(OR(N15=""),"",(ROUND((N15-N14)*2,0))) -> 25 | AN14: =IF(OR(S14=""),"",ROUND(S14*7.1,0)) -> 5325 | AO14: =IF(OR(T14=""),"",ROUND(T14*2.4,0)) -> 1776 | AP14: 2400 | AQ14: =IF(OR($AJ14=""),"",ROUND(AL14/$AJ14*1000,1)) -> 50.1 | AR14: =IF(OR($AJ14=""),"",ROUND(AM14/$AJ14*1000,2)) -> 0.18 | AS14: =IF(OR($AJ14=""),"",ROUND(AN14/$AJ14*1000,1)) -> 37.7 | AT14: =IF(OR($AJ14=""),"",ROUND(AO14/$AJ14*1000,2)) -> 12.58
A15: =A14+1 -> 43843 | B15: 陈智娇 | C15: 13075929 | D15: 15719783 | E15: 14633000 | F15: 14620000 | G15: 207213243 | H15: 36339 | I15: 207212442 | J15: 36339 | L15: 4246.2 | M15: 3338.9 | N15: 71740 | Q15: 17.2 | R15: 晴 | S15: 710 | T15: 700 | U15: 8245 | V15: 5421 | W15: 5.77 | X15: 3.65 | Y15: 1432 | AA15: =IF(OR(C16=""),"",C16-C15) -> 47308 | AB15: =IF(OR(D16=""),"",D16-D15) -> 53371 | AC15: =IF(OR(E16=""),"",E16-E15) -> 31000 | AD15: =IF(OR(F16=""),"",F16-F15) -> 31000 | AE15: =IF(OR(G16=""),"",G16-G15) -> 148712 | AF15: =IF(OR(H16=""),"",H16-H15) -> 5476 | AG15: =IF(OR(AA15="",AB15="",AC15=""),"",AA15+AB15+AC15+AD15-AE15) -> 13967 | AH15: =IF(OR(I16=""),"",I16-I15) -> 148845 | AI15: =IF(OR(J16=""),"",J16-J15) -> 5476 | AJ15: =IF(OR(AH15="",AI15=""),"",AH15-AI15) -> 143369 | AK15: 1485 | AL15: =IF(OR(L16="",M16=""),"",ROUND((L16-L15+M16-M15)*1200,0)) -> 6948 | AM15: =IF(OR(N16=""),"",(ROUND((N16-N15)*2,0))) -> 26 | AN15: =IF(OR(S15=""),"",ROUND(S15*7.1,0)) -> 5041 | AO15: =IF(OR(T15=""),"",ROUND(T15*2.4,0)) -> 1680 | AP15: 2300 | AQ15: =IF(OR($AJ15=""),"",ROUND(AL15/$AJ15*1000,1)) -> 48.5 | AR15: =IF(OR($AJ15=""),"",ROUND(AM15/$AJ15*1000,2)) -> 0.18 | AS15: =IF(OR($AJ15=""),"",ROUND(AN15/$AJ15*1000,1)) -> 35.2 | AT15: =IF(OR($AJ15=""),"",ROUND(AO15/$AJ15*1000,2)) -> 11.72
A16: =A15+1 -> 43844 | B16: 陈智娇 | C16: 13123237 | D16: 15773154 | E16: 14664000 | F16: 14651000 | G16: 207361955 | H16: 41815 | I16: 207361287 | J16: 41815 | L16: 4246.2 | M16: 3344.69 | N16: 71752.83 | Q16: 16.4 | R16: 晴 | S16: 660 | T16: 650 | U16: 7012 | V16: 5689 | W16: 5.9 | X16: 3.82 | Y16: 1435 | AA16: =IF(OR(C17=""),"",C17-C16) -> 44971 | AB16: =IF(OR(D17=""),"",D17-D16) -> 49587 | AC16: =IF(OR(E17=""),"",E17-E16) -> 29000 | AD16: =IF(OR(F17=""),"",F17-F16) -> 28000 | AE16: =IF(OR(G17=""),"",G17-G16) -> 150086 | AF16: =IF(OR(H17=""),"",H17-H16) -> 5481 | AG16: =IF(OR(AA16="",AB16="",AC16=""),"",AA16+AB16+AC16+AD16-AE16) -> 1472 | AH16: =IF(OR(I17=""),"",I17-I16) -> 150106 | AI16: =IF(OR(J17=""),"",J17-J16) -> 5481 | AJ16: =IF(OR(AH16="",AI16=""),"",AH16-AI16) -> 144625 | AK16: 1320 | AL16: =IF(OR(L17="",M17=""),"",ROUND((L17-L16+M17-M16)*1200,0)) -> 7164 | AM16: =IF(OR(N17=""),"",(ROUND((N17-N16)*2,0))) -> 16 | AN16: =IF(OR(S16=""),"",ROUND(S16*7.1,0)) -> 4686 | AO16: =IF(OR(T16=""),"",ROUND(T16*2.4,0)) -> 1560 | AP16: 2300 | AQ16: =IF(OR($AJ16=""),"",ROUND(AL16/$AJ16*1000,1)) -> 49.5 | AR16: =IF(OR($AJ16=""),"",ROUND(AM16/$AJ16*1000,2)) -> 0.11 | AS16: =IF(OR($AJ16=""),"",ROUND(AN16/$AJ16*1000,1)) -> 32.4 | AT16: =IF(OR($AJ16=""),"",ROUND(AO16/$AJ16*1000,2)) -> 10.79
A17: =A16+1 -> 43845 | B17: 陈智娇 | C17: 13168208 | D17: 15822741 | E17: 14693000 | F17: 14679000 | G17: 207512041 | H17: 47296 | I17: 207511393 | J17: 47296 | L17: 4246.2 | M17: 3350.66 | N17: 71760.75 | Q17: 17.8 | R17: 晴 | S17: 500 | T17: 550 | U17: 7000 | V17: 5852 | W17: 3.94 | X17: 3.23 | Y17: 19 | AA17: =IF(OR(C18=""),"",C18-C17) -> 46687 | AB17: =IF(OR(D18=""),"",D18-D17) -> 51789 | AC17: =IF(OR(E18=""),"",E18-E17) -> 29000 | AD17: =IF(OR(F18=""),"",F18-F17) -> 28000 | AE17: =IF(OR(G18=""),"",G18-G17) -> 149402 | AF17: =IF(OR(H18=""),"",H18-H17) -> 5436 | AG17: =IF(OR(AA17="",AB17="",AC17=""),"",AA17+AB17+AC17+AD17-AE17) -> 6074 | AH17: =IF(OR(I18=""),"",I18-I17) -> 151220 | AI17: =IF(OR(J18=""),"",J18-J17) -> 5436 | AJ17: =IF(OR(AH17="",AI17=""),"",AH17-AI17) -> 145784 | AK17: 700 | AL17: =IF(OR(L18="",M18=""),"",ROUND((L18-L17+M18-M17)*1200,0)) -> 6636 | AM17: =IF(OR(N18=""),"",(ROUND((N18-N17)*2,0))) -> 24 | AN17: =IF(OR(S17=""),"",ROUND(S17*7.1,0)) -> 3550 | AO17: =IF(OR(T17=""),"",ROUND(T17*2.4,0)) -> 1320 | AP17: 2300 | AQ17: =IF(OR($AJ17=""),"",ROUND(AL17/$AJ17*1000,1)) -> 45.5 | AR17: =IF(OR($AJ17=""),"",ROUND(AM17/$AJ17*1000,2)) -> 0.16 | AS17: =IF(OR($AJ17=""),"",ROUND(AN17/$AJ17*1000,1)) -> 24.4 | AT17: =IF(OR($AJ17=""),"",ROUND(AO17/$AJ17*1000,2)) -> 9.05
A18: =A17+1 -> 43846 | B18: 易萍 | C18: 13214895 | D18: 15874530 | E18: 14722000 | F18: 14707000 | G18: 207661443 | H18: 52732 | I18: 207662613 | J18: 52732 | L18: 4246.2 | M18: 3356.19 | N18: 71772.69 | Q18: 17 | R18: 晴 | S18: 330 | T18: 350 | U18: 6217 | V18: 5319 | W18: 5.4 | X18: 2.96 | Y18: 1346 | AA18: =IF(OR(C19=""),"",C19-C18) -> 43802 | AB18: =IF(OR(D19=""),"",D19-D18) -> 46457 | AC18: =IF(OR(E19=""),"",E19-E18) -> 26000 | AD18: =IF(OR(F19=""),"",F19-F18) -> 26000 | AE18: =IF(OR(G19=""),"",G19-G18) -> 141865 | AF18: =IF(OR(H19=""),"",H19-H18) -> 5516 | AG18: =IF(OR(AA18="",AB18="",AC18=""),"",AA18+AB18+AC18+AD18-AE18) -> 394 | AH18: =IF(OR(I19=""),"",I19-I18) -> 141549 | AI18: =IF(OR(J19=""),"",J19-J18) -> 5516 | AJ18: =IF(OR(AH18="",AI18=""),"",AH18-AI18) -> 136033 | AK18: 1500 | AL18: =IF(OR(L19="",M19=""),"",ROUND((L19-L18+M19-M18)*1200,0)) -> 3132 | AM18: =IF(OR(N19=""),"",(ROUND((N19-N18)*2,0))) -> 14 | AN18: =IF(OR(S18=""),"",ROUND(S18*7.1,0)) -> 2343 | AO18: =IF(OR(T18=""),"",ROUND(T18*2.4,0)) -> 840 | AP18: 2000 | AQ18: =IF(OR($AJ18=""),"",ROUND(AL18/$AJ18*1000,1)) -> 23 | AR18: =IF(OR($AJ18=""),"",ROUND(AM18/$AJ18*1000,2)) -> 0.1 | AS18: =IF(OR($AJ18=""),"",ROUND(AN18/$AJ18*1000,1)) -> 17.2 | AT18: =IF(OR($AJ18=""),"",ROUND(AO18/$AJ18*1000,2)) -> 6.17
A19: =A18+1 -> 43847 | B19: 仇昊 | C19: 13258697 | D19: 15920987 | E19: 14748000 | F19: 14733000 | G19: 207803308 | H19: 58248 | I19: 207804162 | J19: 58248 | L19: 4246.2 | M19: 3358.8 | N19: 71779.788 | Q19: 16.8 | R19: 晴 | S19: 400 | T19: 450 | U19: 7312 | V19: 5341 | W19: 5.01 | X19: 3.2 | Y19: 955 | AA19: =IF(OR(C20=""),"",C20-C19) -> 45767 | AB19: =IF(OR(D20=""),"",D20-D19) -> 49497 | AC19: =IF(OR(E20=""),"",E20-E19) -> 29000 | AD19: =IF(OR(F20=""),"",F20-F19) -> 27000 | AE19: =IF(OR(G20=""),"",G20-G19) -> 148993 | AF19: =IF(OR(H20=""),"",H20-H19) -> 5528 | AG19: =IF(OR(AA19="",AB19="",AC19=""),"",AA19+AB19+AC19+AD19-AE19) -> 2271 | AH19: =IF(OR(I20=""),"",I20-I19) -> 147881 | AI19: =IF(OR(J20=""),"",J20-J19) -> 5528 | AJ19: =IF(OR(AH19="",AI19=""),"",AH19-AI19) -> 142353 | AK19: 1980 | AL19: =IF(OR(L20="",M20=""),"",ROUND((L20-L19+M20-M19)*1200,0)) -> 3024 | AM19: =IF(OR(N20=""),"",(ROUND((N20-N19)*2,0))) -> 20 | AN19: =IF(OR(S19=""),"",ROUND(S19*7.1,0)) -> 2840 | AO19: =IF(OR(T19=""),"",ROUND(T19*2.4,0)) -> 1080 | AP19: 1900 | AQ19: =IF(OR($AJ19=""),"",ROUND(AL19/$AJ19*1000,1)) -> 21.2 | AR19: =IF(OR($AJ19=""),"",ROUND(AM19/$AJ19*1000,2)) -> 0.14 | AS19: =IF(OR($AJ19=""),"",ROUND(AN19/$AJ19*1000,1)) -> 20 | AT19: =IF(OR($AJ19=""),"",ROUND(AO19/$AJ19*1000,2)) -> 7.59
A20: =A19+1 -> 43848 | B20: 陈智娇 | C20: 13304464 | D20: 15970484 | E20: 14777000 | F20: 14760000 | G20: 207952301 | H20: 63776 | I20: 207952043 | J20: 63776 | L20: 4246.2 | M20: 3361.32 | N20: 71789.56 | Q20: 16.7 | R20: 晴 | S20: 660 | T20: 680 | U20: 6400 | V20: 4100 | W20: 4.76 | X20: 2.71 | Y20: 838 | AA20: =IF(OR(C21=""),"",C21-C20) -> 34455 | AB20: =IF(OR(D21=""),"",D21-D20) -> 36371 | AC20: =IF(OR(E21=""),"",E21-E20) -> 34000 | AD20: =IF(OR(F21=""),"",F21-F20) -> 33000 | AE20: =IF(OR(G21=""),"",G21-G20) -> 137091 | AF20: =IF(OR(H21=""),"",H21-H20) -> 5477 | AG20: =IF(OR(AA20="",AB20="",AC20=""),"",AA20+AB20+AC20+AD20-AE20) -> 735 | AH20: =IF(OR(I21=""),"",I21-I20) -> 137151 | AI20: =IF(OR(J21=""),"",J21-J20) -> 5477 | AJ20: =IF(OR(AH20="",AI20=""),"",AH20-AI20) -> 131674 | AK20: 1980 | AL20: =IF(OR(L21="",M21=""),"",ROUND((L21-L20+M21-M20)*1200,0)) -> 2808 | AM20: =IF(OR(N21=""),"",(ROUND((N21-N20)*2,0))) -> 24 | AN20: =IF(OR(S20=""),"",ROUND(S20*7.1,0)) -> 4686 | AO20: =IF(OR(T20=""),"",ROUND(T20*2.4,0)) -> 1632 | AP20: 2800 | AQ20: =IF(OR($AJ20=""),"",ROUND(AL20/$AJ20*1000,1)) -> 21.3 | AR20: =IF(OR($AJ20=""),"",ROUND(AM20/$AJ20*1000,2)) -> 0.18 | AS20: =IF(OR($AJ20=""),"",ROUND(AN20/$AJ20*1000,1)) -> 35.6 | AT20: =IF(OR($AJ20=""),"",ROUND(AO20/$AJ20*1000,2)) -> 12.39
... A33: =A32+1 -> 43861 | B33: 潘汝鑫 | C33: 13803288 | D33: 16510954 | E33: 15305000 | F33: 15279000 | G33: 209961839 | H33: 134305 | I33: 209961839 | J33: 134305 | L33: 4246.2 | M33: 3428.34 | N33: 71938.33 | Q33: 16 | R33: 雨 | S33: 520 | T33: 500 | U33: 7375 | V33: 4230 | W33: 4.9 | X33: 2.74 | Y33: 780 | AA33: =IF(OR(C34=""),"",C34-C33) -> 36028 | AB33: =IF(OR(D34=""),"",D34-D33) -> 39098 | AC33: =IF(OR(E34=""),"",E34-E33) -> 39000 | AD33: =IF(OR(F34=""),"",F34-F33) -> 39000 | AE33: =IF(OR(G34=""),"",G34-G33) -> 143636 | AF33: =IF(OR(H34=""),"",H34-H33) -> 5405 | AG33: =IF(OR(AA33="",AB33="",AC33=""),"",AA33+AB33+AC33+AD33-AE33) -> 9490 | AH33: =IF(OR(I34=""),"",I34-I33) -> 143636 | AI33: =IF(OR(J34=""),"",J34-J33) -> 5405 | AJ33: =IF(OR(AH33="",AI33=""),"",AH33-AI33) -> 138231 | AK33: 2970 | AL33: =IF(OR(L34="",M34=""),"",ROUND((L34-L33+M34-M33)*1200,0)) -> 14124 | AM33: =IF(OR(N34=""),"",(ROUND((N34-N33)*2,0))) -> 22 | AN33: =IF(OR(S33=""),"",ROUND(S33*7.1,0)) -> 3692 | AO33: =IF(OR(T33=""),"",ROUND(T33*2.4,0)) -> 1200 | AP33: 1700 | AQ33: =IF(OR($AJ33=""),"",ROUND(AL33/$AJ33*1000,1)) -> 102.2 | AR33: =IF(OR($AJ33=""),"",ROUND(AM33/$AJ33*1000,2)) -> 0.16 | AS33: =IF(OR($AJ33=""),"",ROUND(AN33/$AJ33*1000,1)) -> 26.7 | AT33: =IF(OR($AJ33=""),"",ROUND(AO33/$AJ33*1000,2)) -> 8.68
A34: =A33+1 -> 43862 | B34: 陈智娇 | C34: 13839316 | D34: 16550052 | E34: 15344000 | F34: 15318000 | G34: 210105475 | H34: 139710 | I34: 210105475 | J34: 139710 | L34: 4246.2 | M34: 3440.11 | N34: 71949.47
AA36: =IF(OR(C37=""),"",C37-C36) | AB36: =IF(OR(D37=""),"",D37-D36) | AC36: =IF(OR(E37=""),"",E37-E36) | AD36: =IF(OR(F37=""),"",F37-F36) | AE36: =IF(OR(G37=""),"",G37-G36) | AF36: =IF(OR(H37=""),"",H37-H36) | AG36: =IF(OR(AA36="",AB36="",AC36=""),"",AA36+AB36+AC36+AD36-AE36) | AH36: =SUM(AH3:AH34) -> 4641777 | AI36: =SUM(AI3:AI34) -> 165576 | AJ36: =SUM(AJ3:AJ34) -> 4476201 | AK36: =SUM(AK3:AK34) -> 51755 | AL36: =SUM(AL3:AL34) -> 196152 | AM36: =SUM(AM3:AM34) -> 664 | AN36: =SUM(AN3:AN34) -> 116085 | AO36: =SUM(AO3:AO34) -> 40968 | AQ36: =IF(OR($AJ36=0),"",ROUND(AL36/$AJ36*1000,1)) -> 43.8 | AR36: =IF(OR($AJ36=0),"",ROUND(AM36/$AJ36*1000,2)) -> 0.15 | AS36: =IF(OR($AJ36=0),"",ROUND(AN36/$AJ36*1000,1)) -> 25.9 | AT36: =IF(OR($AJ36=0),"",ROUND(AO36/$AJ36*1000,2)) -> 9.15

Sheet 2
B2: 记录人 | C2: 一期左进水 流量计读数 | D2: 一期右进水 流量计读数 | E2: 二期左进水 流量计读数 | F2: 二期右进水 流量计读数 | G2: 现场出水 流量计读数 | H2: 现场回用水 读数 | I2: 出水流量计 读数（网站） | J2: 回用水流量 （网站） | K2: 污泥流量 计读数 | L2: PAC2#流量计读数 | M2: PAC3#流量计读数 | N2: PAM流量 计读数 | O2: 盐酸流量 计读数 | P2: 氯酸钠流 量计读数 | Q2: 生反池 水温 | R2: 天气 (阴晴雨) | S2: 盐酸液位 差（CM） | T2: 氯酸钠液位差 差（CM） | U2: 最高流量 m3/h | V2: 最低流量 m3/h | W2: 最高液位 m | X2: 最低液位 m | Y2: 超液位时 间（分） | Z2: 备注 | AA2: 一期左 进水流量 | AB2: 一期右 进水流量 | AC2: 二期左 进水流量 | AD2: 二期右 进水流量 | AE2: 现场出水 流量 | AF2: 现场回用水 流量 | AG2: 进出水 流量差 | AH2: 出水流量（网站） | AI2: 回用水流量（网站） | AJ2: 实际处理量（网站） | AK2: 排泥量 m3 | AL2: PAC量 kg | AM2: PAM量 kg | AN2: 盐酸量 kg | AO2: 氯酸钠量 kg | AP2: 碳源量 kg | AQ2: PAC单耗 ppm | AR2: PAM单耗 ppm | AS2: 盐酸单耗 ppm | AT2: 氯酸钠单耗 ppm
A3: 43862 | B3: ='1'!B34 -> 陈智娇 | C3: ='1'!C34 -> 13839316 | D3: ='1'!D34 -> 16550052 | E3: ='1'!E34 -> 15344000 | F3: ='1'!F34 -> 15318000 | G3: ='1'!G34 -> 210105475 | H3: ='1'!H34 -> 139710 | I3: ='1'!I34 -> 210105475 | ... P3: ='1'!P34 -> 0 | Q3: 17 | R3: 阴 | S3: 640 | T3: 620 | U3: 7012 | V3: 5741 | W3: 6.15 | X3: 4.56 | Y3: 1440 | AA3: =IF(OR(C4=""),"",C4-C3) -> 37428 | AB3: =IF(OR(D4=""),"",D4-D3) -> 40200 | AC3: =IF(OR(E4=""),"",E4-E3) -> 42000 | AD3: =IF(OR(F4=""),"",F4-F3) -> 41000 | AE3: =IF(OR(G4=""),"",G4-G3) -> 160492 | AF3: =IF(OR(H4=""),"",H4-H3) -> 5524 | AG3: =IF(OR(AA3="",AB3="",AC3=""),"",AA3+AB3+AC3+AD3-AE3) -> 136 | AH3: =IF(OR(I4=""),"",I4-I3) -> 160492 | AI3: =IF(OR(J4=""),"",J4-J3) -> 5524 | AJ3: =IF(OR(AH3="",AI3=""),"",AH3-AI3) -> 154968 | AK3: 2875 | AL3: =IF(OR(L4="",M4=""),"",ROUND((L4-L3+M4-M3)*1200,0)) -> 11868 | AM3: =IF(OR(N4=""),"",(ROUND((N4-N3)*2,0))) -> 37 | AN3: =IF(OR(S3=""),"",ROUND(S3*7.1,0)) -> 4544 | AO3: =IF(OR(T3=""),"",ROUND(T3*2.4,0)) -> 1488 | AP3: 3250 | AQ3: =IF(OR($AJ3=""),"",ROUND(AL3/$AJ3*1000,1)) -> 76.6 | AR3: =IF(OR($AJ3=""),"",ROUND(AM3/$AJ3*1000,2)) -> 0.24 | AS3: =IF(OR($AJ3=""),"",ROUND(AN3/$AJ3*1000,1)) -> 29.3 | AT3: =IF(OR($AJ3=""),"",ROUND(AO3/$AJ3*1000,2)) -> 9.6
A4: =A3+1 -> 43863 | B4: 陈智娇 | C4: 13876744 | D4: 16590252 | E4: 15386000 | F4: 15359000 | G4: 210265967 | H4: 145234 | I4: 210265967 | J4: 145234 | L4: 4246.2 | M4: 3450 | N4: 71967.81 | Q4: 17.1 | R4: 晴 | S4: 660 | T4: 650 | U4: 6834 | V4: 5412 | W4: 4.6 | X4: 3.56 | Y4: 1440 | AA4: =IF(OR(C5=""),"",C5-C4) -> 36733 | AB4: =IF(OR(D5=""),"",D5-D4) -> 39255 | AC4: =IF(OR(E5=""),"",E5-E4) -> 42000 | AD4: =IF(OR(F5=""),"",F5-F4) -> 41000 | AE4: =IF(OR(G5=""),"",G5-G4) -> 151879 | AF4: =IF(OR(H5=""),"",H5-H4) -> 5408 | AG4: =IF(OR(AA4="",AB4="",AC4=""),"",AA4+AB4+AC4+AD4-AE4) -> 7109 | AH4: =IF(OR(I5=""),"",I5-I4) -> 151879 | AI4: =IF(OR(J5=""),"",J5-J4) -> 5408 | AJ4: =IF(OR(AH4="",AI4=""),"",AH4-AI4) -> 146471 | AK4: 3110 | AL4: =IF(OR(L5="",M5=""),"",ROUND((L5-L4+M5-M4)*1200,0)) -> 12228 | AM4: =IF(OR(N5=""),"",(ROUND((N5-N4)*2,0))) -> 36 | AN4: =IF(OR(S4=""),"",ROUND(S4*7.1,0)) -> 4686 | AO4: =IF(OR(T4=""),"",ROUND(T4*2.4,0)) -> 1560 | AP4: 2980 | AQ4: =IF(OR($AJ4=""),"",ROUND(AL4/$AJ4*1000,1)) -> 83.5 | AR4: =IF(OR($AJ4=""),"",ROUND(AM4/$AJ4*1000,2)) -> 0.25 | AS4: =IF(OR($AJ4=""),"",ROUND(AN4/$AJ4*1000,1)) -> 32 | AT4: =IF(OR($AJ4=""),"",ROUND(AO4/$AJ4*1000,2)) -> 10.65
A5: =A4+1 -> 43864 | B5: 陈智娇 | C5: 13913477 | D5: 16629507 | E5: 15428000 | F5: 15400000 | G5: 210417846 | H5: 150642 | I5: 210417846 | J5: 150642 | L5: 4246.2 | M5: 3460.19 | N5: 71985.73 | Q5: 16.5 | R5: 晴 | S5: 590 | T5: 570 | U5: 6678 | V5: 5514 | W5: 4.8 | X5: 3.31 | Y5: 1440 | AA5: =IF(OR(C6=""),"",C6-C5) -> 33634 | AB5: =IF(OR(D6=""),"",D6-D5) -> 36139 | AC5: =IF(OR(E6=""),"",E6-E5) -> 38000 | AD5: =IF(OR(F6=""),"",F6-F5) -> 38000 | AE5: =IF(OR(G6=""),"",G6-G5) -> 143023 | AF5: =IF(OR(H6=""),"",H6-H5) -> 5477 | AG5: =IF(OR(AA5="",AB5="",AC5=""),"",AA5+AB5+AC5+AD5-AE5) -> 2750 | AH5: =IF(OR(I6=""),"",I6-I5) -> 143023 | AI5: =IF(OR(J6=""),"",J6-J5) -> 5477 | AJ5: =IF(OR(AH5="",AI5=""),"",AH5-AI5) -> 137546 | AK5: 2805 | AL5: =IF(OR(L6="",M6=""),"",ROUND((L6-L5+M6-M5)*1200,0)) -> 12504 | AM5: =IF(OR(N6=""),"",(ROUND((N6-N5)*2,0))) -> 49 | AN5: =IF(OR(S5=""),"",ROUND(S5*7.1,0)) -> 4189 | AO5: =IF(OR(T5=""),"",ROUND(T5*2.4,0)) -> 1368 | AP5: 3030 | AQ5: =IF(OR($AJ5=""),"",ROUND(AL5/$AJ5*1000,1)) -> 90.9 | AR5: =IF(OR($AJ5=""),"",ROUND(AM5/$AJ5*1000,2)) -> 0.36 | AS5: =IF(OR($AJ5=""),"",ROUND(AN5/$AJ5*1000,1)) -> 30.5 | AT5: =IF(OR($AJ5=""),"",ROUND(AO5/$AJ5*1000,2)) -> 9.95
A6: =A5+1 -> 43865 | B6: 陈智娇 | C6: 13947111 | D6: 16665646 | E6: 15466000 | F6: 15438000 | G6: 210560869 | H6: 156119 | I6: 210560869 | J6: 156119 | L6: 4246.2 | M6: 3470.61 | N6: 72010.09 | Q6: 18.6 | R6: 晴 | S6: 470 | T6: 460 | U6: 6801 | V6: 3456 | W6: 4.5 | X6: 2.96 | Y6: 1320 | AA6: =IF(OR(C7=""),"",C7-C6) -> 31673 | AB6: =IF(OR(D7=""),"",D7-D6) -> 33883 | AC6: =IF(OR(E7=""),"",E7-E6) -> 40000 | AD6: =IF(OR(F7=""),"",F7-F6) -> 40000 | AE6: =IF(OR(G7=""),"",G7-G6) -> 143235 | AF6: =IF(OR(H7=""),"",H7-H6) -> 5377 | AG6: =IF(OR(AA6="",AB6="",AC6=""),"",AA6+AB6+AC6+AD6-AE6) -> 2321 | AH6: =IF(OR(I7=""),"",I7-I6) -> 143235 | AI6: =IF(OR(J7=""),"",J7-J6) -> 5377 | AJ6: =IF(OR(AH6="",AI6=""),"",AH6-AI6) -> 137858 | AK6: 3300 | AL6: =IF(OR(L7="",M7=""),"",ROUND((L7-L6+M7-M6)*1200,0)) -> 12900 | AM6: =IF(OR(N7=""),"",(ROUND((N7-N6)*2,0))) -> 48 | AN6: =IF(OR(S6=""),"",ROUND(S6*7.1,0)) -> 3337 | AO6: =IF(OR(T6=""),"",ROUND(T6*2.4,0)) -> 1104 | AP6: 2560 | AQ6: =IF(OR($AJ6=""),"",ROUND(AL6/$AJ6*1000,1)) -> 93.6 | AR6: =IF(OR($AJ6=""),"",ROUND(AM6/$AJ6*1000,2)) -> 0.35 | AS6: =IF(OR($AJ6=""),"",ROUND(AN6/$AJ6*1000,1)) -> 24.2 | AT6: =IF(OR($AJ6=""),"",ROUND(AO6/$AJ6*1000,2)) -> 8.01
A7: =A6+1 -> 43866 | B7: 陈智娇 | C7: 13978784 | D7: 16699529 | E7: 15506000 | F7: 15478000 | G7: 210704104 | H7: 161496 | I7: 210704104 | J7: 161496 | L7: 4246.2 | M7: 3481.36 | N7: 72034.19 | Q7: 16 | R7: 雨 | S7: 340 | T7: 320 | U7: 6506 | V7: 3435 | W7: 4.12 | X7: 2.69 | Y7: 1320 | AA7: =IF(OR(C8=""),"",C8-C7) -> 27921 | AB7: =IF(OR(D8=""),"",D8-D7) -> 30199 | AC7: =IF(OR(E8=""),"",E8-E7) -> 36000 | AD7: =IF(OR(F8=""),"",F8-F7) -> 37000 | AE7: =IF(OR(G8=""),"",G8-G7) -> 128783 | AF7: =IF(OR(H8=""),"",H8-H7) -> 5455 | AG7: =IF(OR(AA7="",AB7="",AC7=""),"",AA7+AB7+AC7+AD7-AE7) -> 2337 | AH7: =IF(OR(I8=""),"",I8-I7) -> 128783 | AI7: =IF(OR(J8=""),"",J8-J7) -> 5455 | AJ7: =IF(OR(AH7="",AI7=""),"",AH7-AI7) -> 123328 | AK7: 3820 | AL7: =IF(OR(L8="",M8=""),"",ROUND((L8-L7+M8-M7)*1200,0)) -> 13104 | AM7: =IF(OR(N8=""),"",(ROUND((N8-N7)*2,0))) -> 50 | AN7: =IF(OR(S7=""),"",ROUND(S7*7.1,0)) -> 2414 | AO7: =IF(OR(T7=""),"",ROUND(T7*2.4,0)) -> 768 | AP7: 2980 | AQ7: =IF(OR($AJ7=""),"",ROUND(AL7/$AJ7*1000,1)) -> 106.3 | AR7: =IF(OR($AJ7=""),"",ROUND(AM7/$AJ7*1000,2)) -> 0.41 | AS7: =IF(OR($AJ7=""),"",ROUND(AN7/$AJ7*1000,1)) -> 19.6 | AT7: =IF(OR($AJ7=""),"",ROUND(AO7/$AJ7*1000,2)) -> 6.23
A8: =A7+1 -> 43867 | B8: 张亚光 | C8: 14006705 | D8: 16729728 | E8: 15542000 | F8: 15515000 | G8: 210832887 | H8: 166951 | I8: 210832887 | J8: 166951 | L8: 4246.2 | M8: 3492.28 | N8: 72059.13 | Q8: 16.7 | R8: 晴 | S8: 480 | T8: 460 | U8: 6342 | V8: 271 | W8: 4.58 | X8: 2.23 | Y8: 1320 | AA8: =IF(OR(C9=""),"",C9-C8) -> 27276 | AB8: =IF(OR(D9=""),"",D9-D8) -> 29658 | AC8: =IF(OR(E9=""),"",E9-E8) -> 34000 | AD8: =IF(OR(F9=""),"",F9-F8) -> 33000 | AE8: =IF(OR(G9=""),"",G9-G8) -> 95690 | AF8: =IF(OR(H9=""),"",H9-H8) -> 3934 | AG8: =IF(OR(AA8="",AB8="",AC8=""),"",AA8+AB8+AC8+AD8-AE8) -> 28244 | AH8: =IF(OR(I9=""),"",I9-I8) -> 95690 | AI8: =IF(OR(J9=""),"",J9-J8) -> 3934 | AJ8: =IF(OR(AH8="",AI8=""),"",AH8-AI8) -> 91756 | AK8: 3960 | AL8: =IF(OR(L9="",M9=""),"",ROUND((L9-L8+M9-M8)*1200,0)) -> 11196 | AM8: =IF(OR(N9=""),"",(ROUND((N9-N8)*2,0))) -> 40 | AN8: =IF(OR(S8=""),"",ROUND(S8*7.1,0)) -> 3408 | AO8: =IF(OR(T8=""),"",ROUND(T8*2.4,0)) -> 1104 | AP8: 2520 | AQ8: =IF(OR($AJ8=""),"",ROUND(AL8/$AJ8*1000,1)) -> 122 | AR8: =IF(OR($AJ8=""),"",ROUND(AM8/$AJ8*1000,2)) -> 0.44 | AS8: =IF(OR($AJ8=""),"",ROUND(AN8/$AJ8*1000,1)) -> 37.1 | AT8: =IF(OR($AJ8=""),"",ROUND(AO8/$AJ8*1000,2)) -> 12.03
A9: =A8+1 -> 43868 | B9: 陈智娇 | C9: 14033981 | D9: 16759386 | E9: 15576000 | F9: 15548000 | G9: 210928577 | H9: 170885 | I9: 210928577 | J9: 170885 | L9: 4246.2 | M9: 3501.61 | N9: 72079.37 | Q9: 16.8 | R9: 晴 | S9: 550 | T9: 560 | U9: 5689 | V9: 2860 | W9: 4.78 | X9: 2.4 | Y9: 954 | AA9: =IF(OR(C10=""),"",C10-C9) -> 27772 | AB9: =IF(OR(D10=""),"",D10-D9) -> 31164 | AC9: =IF(OR(E10=""),"",E10-E9) -> 29000 | AD9: =IF(OR(F10=""),"",F10-F9) -> 30000 | AE9: =IF(OR(G10=""),"",G10-G9) -> 116348 | AF9: =IF(OR(H10=""),"",H10-H9) -> 5448 | AG9: =IF(OR(AA9="",AB9="",AC9=""),"",AA9+AB9+AC9+AD9-AE9) -> 1588 | AH9: =IF(OR(I10=""),"",I10-I9) -> 116435 | AI9: =IF(OR(J10=""),"",J10-J9) -> 5448 | AJ9: =IF(OR(AH9="",AI9=""),"",AH9-AI9) -> 110987 | AK9: 2970 | AL9: =IF(OR(L10="",M10=""),"",ROUND((L10-L9+M10-M9)*1200,0)) -> 15108 | AM9: =IF(OR(N10=""),"",(ROUND((N10-N9)*2,0))) -> 50 | AN9: =IF(OR(S9=""),"",ROUND(S9*7.1,0)) -> 3905 | AO9: =IF(OR(T9=""),"",ROUND(T9*2.4,0)) -> 1344 | AP9: 2680 | AQ9: =IF(OR($AJ9=""),"",ROUND(AL9/$AJ9*1000,1)) -> 136.1 | AR9: =IF(OR($AJ9=""),"",ROUND(AM9/$AJ9*1000,2)) -> 0.45 | AS9: =IF(OR($AJ9=""),"",ROUND(AN9/$AJ9*1000,1)) -> 35.2 | AT9: =IF(OR($AJ9=""),"",ROUND(AO9/$AJ9*1000,2)) -> 12.11
A10: =A9+1 -> 43869 | B10: 陈智娇 | C10: 14061753 | D10: 16790550 | E10: 15605000 | F10: 15578000 | G10: 211044925 | H10: 176333 | I10: 211045012 | J10: 176333 | L10: 4246.2 | M10: 3514.2 | N10: 72104.4 | Q10: 17.7 | R10: 阴 | S10: 480 | T10: 500 | U10: 5615 | V10: 1845 | W10: 3.4 | X10: 2.12 | Y10: 101 | AA10: =IF(OR(C11=""),"",C11-C10) -> 24808 | AB10: =IF(OR(D11=""),"",D11-D10) -> 28213 | AC10: =IF(OR(E11=""),"",E11-E10) -> 27000 | AD10: =IF(OR(F11=""),"",F11-F10) -> 26000 | AE10: =IF(OR(G11=""),"",G11-G10) -> 102418 | AF10: =IF(OR(H11=""),"",H11-H10) -> 5413 | AG10: =IF(OR(AA10="",AB10="",AC10=""),"",AA10+AB10+AC10+AD10-AE10) -> 3603 | AH10: =IF(OR(I11=""),"",I11-I10) -> 102616 | AI10: =IF(OR(J11=""),"",J11-J10) -> 5413 | AJ10: =IF(OR(AH10="",AI10=""),"",AH10-AI10) -> 97203 | AK10: 2640 | AL10: =IF(OR(L11="",M11=""),"",ROUND((L11-L10+M11-M10)*1200,0)) -> 15024 | AM10: =IF(OR(N11=""),"",(ROUND((N11-N10)*2,0))) -> 50 | AN10: =IF(OR(S10=""),"",ROUND(S10*7.1,0)) -> 3408 | AO10: =IF(OR(T10=""),"",ROUND(T10*2.4,0)) -> 1200 | AP10: 2120 | AQ10: =IF(OR($AJ10=""),"",ROUND(AL10/$AJ10*1000,1)) -> 154.6 | AR10: =IF(OR($AJ10=""),"",ROUND(AM10/$AJ10*1000,2)) -> 0.51 | AS10: =IF(OR($AJ10=""),"",ROUND(AN10/$AJ10*1000,1)) -> 35.1 | AT10: =IF(OR($AJ10=""),"",ROUND(AO10/$AJ10*1000,2)) -> 12.35
A11: =A10+1 -> 43870 | B11: 陈智娇 | C11: 14086561 | D11: 16818763 | E11: 15632000 | F11: 15604000 | G11: 211147343 | H11: 181746 | I11: 211147628 | J11: 181746 | L11: 4246.2 | M11: 3526.72 | N11: 72129.43 | Q11: 16.3 | R11: 晴 | S11: 230 | T11: 250 | U11: 5789 | V11: 612 | W11: 3.6 | X11: 2.1 | Y11: 356 | AA11: =IF(OR(C12=""),"",C12-C11) -> 23451 | AB11: =IF(OR(D12=""),"",D12-D11) -> 26347 | AC11: =IF(OR(E12=""),"",E12-E11) -> 24000 | AD11: =IF(OR(F12=""),"",F12-F11) -> 24000 | AE11: =IF(OR(G12=""),"",G12-G11) -> 96713 | AF11: =IF(OR(H12=""),"",H12-H11) -> 5496 | AG11: =IF(OR(AA11="",AB11="",AC11=""),"",AA11+AB11+AC11+AD11-AE11) -> 1085 | AH11: =IF(OR(I12=""),"",I12-I11) -> 96415 | AI11: =IF(OR(J12=""),"",J12-J11) -> 5496 | AJ11: =IF(OR(AH11="",AI11=""),"",AH11-AI11) -> 90919 | AK11: 2400 | AL11: =IF(OR(L12="",M12=""),"",ROUND((L12-L11+M12-M11)*1200,0)) -> 816 | AM11: =IF(OR(N12=""),"",(ROUND((N12-N11)*2,0))) -> 3 | AN11: =IF(OR(S11=""),"",ROUND(S11*7.1,0)) -> 1633 | AO11: =IF(OR(T11=""),"",ROUND(T11*2.4,0)) -> 600 | AP11: 2010 | AQ11: =IF(OR($AJ11=""),"",ROUND(AL11/$AJ11*1000,1)) -> 9 | AR11: =IF(OR($AJ11=""),"",ROUND(AM11/$AJ11*1000,2)) -> 0.03 | AS11: =IF(OR($AJ11=""),"",ROUND(AN11/$AJ11*1000,1)) -> 18 | AT11: =IF(OR($AJ11=""),"",ROUND(AO11/$AJ11*1000,2)) -> 6.6
A12: =A11+1 -> 43871 | B12: 陈智娇 | C12: 14110012 | D12: 16845110 | E12: 15656000 | F12: 15628000 | G12: 211244056 | H12: 187242 | I12: 211244043 | J12: 187242 | L12: 4246.2 | M12: 3527.4 | N12: 72130.8 | Q12: 18.4 | R12: 晴 | S12: 230 | T12: 250 | U12: 5524 | V12: 4368 | W12: 4.68 | X12: 2.63 | Y12: 1119 | AA12: =IF(OR(C13=""),"",C13-C12) -> 24818 | AB12: =IF(OR(D13=""),"",D13-D12) -> 27827 | AC12: =IF(OR(E13=""),"",E13-E12) -> 27000 | AD12: =IF(OR(F13=""),"",F13-F12) -> 26000 | AE12: =IF(OR(G13=""),"",G13-G12) -> 97827 | AF12: =IF(OR(H13=""),"",H13-H12) -> 5290 | AG12: =IF(OR(AA12="",AB12="",AC12=""),"",AA12+AB12+AC12+AD12-AE12) -> 7818 | AH12: =IF(OR(I13=""),"",I13-I12) -> 101470 | AI12: =IF(OR(J13=""),"",J13-J12) -> 5290 | AJ12: =IF(OR(AH12="",AI12=""),"",AH12-AI12) -> 96180 | AK12: 2500 | AL12: =IF(OR(L13="",M13=""),"",ROUND((L13-L12+M13-M12)*1200,0)) -> 0 | AM12: =IF(OR(N13=""),"",(ROUND((N13-N12)*2,0))) -> 0 | AN12: =IF(OR(S12=""),"",ROUND(S12*7.1,0)) -> 1633 | AO12: =IF(OR(T12=""),"",ROUND(T12*2.4,0)) -> 600 | AP12: 1970 | AQ12: =IF(OR($AJ12=""),"",ROUND(AL12/$AJ12*1000,1)) -> 0 | AR12: =IF(OR($AJ12=""),"",ROUND(AM12/$AJ12*1000,2)) -> 0 | AS12: =IF(OR($AJ12=""),"",ROUND(AN12/$AJ12*1000,1)) -> 17 | AT12: =IF(OR($AJ12=""),"",ROUND(AO12/$AJ12*1000,2)) -> 6.24
A13: =A12+1 -> 43872 | B13: 胡叶青 | C13: 14134830 | D13: 16872937 | E13: 15683000 | F13: 15654000 | G13: 211341883 | H13: 192532 | I13: 211345513 | J13: 192532 | L13: 4246.2 | M13: 3527.4 | N13: 72130.8 | Q13: 16.8 | R13: 阴 | S13: 160 | T13: 180 | U13: 5301 | V13: 2567 | W13: 4.25 | X13: 2.47 | Y13: 804 | AA13: =IF(OR(C14=""),"",C14-C13) -> 25656 | AB13: =IF(OR(D14=""),"",D14-D13) -> 28796 | AC13: =IF(OR(E14=""),"",E14-E13) -> 27000 | AD13: =IF(OR(F14=""),"",F14-F13) -> 28000 | AE13: =IF(OR(G14=""),"",G14-G13) -> 110314 | AF13: =IF(OR(H14=""),"",H14-H13) -> 5631 | AG13: =IF(OR(AA13="",AB13="",AC13=""),"",AA13+AB13+AC13+AD13-AE13) -> -862 | AH13: =IF(OR(I14=""),"",I14-I13) -> 106605 | AI13: =IF(OR(J14=""),"",J14-J13) -> 5631 | AJ13: =IF(OR(AH13="",AI13=""),"",AH13-AI13) -> 100974 | AK13: 2500 | AL13: =IF(OR(L14="",M14=""),"",ROUND((L14-L13+M14-M13)*1200,0)) -> 0 | AM13: =IF(OR(N14=""),"",(ROUND((N14-N13)*2,0))) -> 0 | AN13: =IF(OR(S13=""),"",ROUND(S13*7.1,0)) -> 1136 | AO13: =IF(OR(T13=""),"",ROUND(T13*2.4,0)) -> 432 | AP13: 2070 | AQ13: =IF(OR($AJ13=""),"",ROUND(AL13/$AJ13*1000,1)) -> 0 | AR13: =IF(OR($AJ13=""),"",ROUND(AM13/$AJ13*1000,2)) -> 0 | AS13: =IF(OR($AJ13=""),"",ROUND(AN13/$AJ13*1000,1)) -> 11.3 | AT13: =IF(OR($AJ13=""),"",ROUND(AO13/$AJ13*1000,2)) -> 4.28
A14: =A13+1 -> 43873 | B14: 潘汝鑫 | C14: 14160486 | D14: 16901733 | E14: 15710000 | F14: 15682000 | G14: 211452197 | H14: 198163 | I14: 211452118 | J14: 198163 | L14: 4246.2 | M14: 3527.4 | N14: 72130.8 | Q14: 16.5 | R14: 阴 | S14: 200 | T14: 210 | U14: 3255 | V14: 2226 | W14: 2.44 | X14: 2.39 | Y14: 182 | AA14: =IF(OR(C15=""),"",C15-C14) -> 15050 | AB14: =IF(OR(D15=""),"",D15-D14) -> 16710 | AC14: =IF(OR(E15=""),"",E15-E14) -> 14000 | AD14: =IF(OR(F15=""),"",F15-F14) -> 13000 | AE14: =IF(OR(G15=""),"",G15-G14) -> 56256 | AF14: =IF(OR(H15=""),"",H15-H14) -> 5440 | AG14: =IF(OR(AA14="",AB14="",AC14=""),"",AA14+AB14+AC14+AD14-AE14) -> 2504 | AH14: =IF(OR(I15=""),"",I15-I14) -> 56330 | AI14: =IF(OR(J15=""),"",J15-J14) -> 5440 | AJ14: =IF(OR(AH14="",AI14=""),"",AH14-AI14) -> 50890 | AK14: 4200 | AL14: =IF(OR(L15="",M15=""),"",ROUND((L15-L14+M15-M14)*1200,0)) -> 0 | AM14: =IF(OR(N15=""),"",(ROUND((N15-N14)*2,0))) -> 0 | AN14: =IF(OR(S14=""),"",ROUND(S14*7.1,0)) -> 1420 | AO14: =IF(OR(T14=""),"",ROUND(T14*2.4,0)) -> 504 | AP14: 2290 | AQ14: =IF(OR($AJ14=""),"",ROUND(AL14/$AJ14*1000,1)) -> 0 | AR14: =IF(OR($AJ14=""),"",ROUND(AM14/$AJ14*1000,2)) -> 0 | AS14: =IF(OR($AJ14=""),"",ROUND(AN14/$AJ14*1000,1)) -> 27.9 | AT14: =IF(OR($AJ14=""),"",ROUND(AO14/$AJ14*1000,2)) -> 9.9
A15: =A14+1 -> 43874 | B15: 易萍 | C15: 14175536 | D15: 16918443 | E15: 15724000 | F15: 15695000 | G15: 211508453 | H15: 203603 | I15: 211508448 | J15: 203603 | L15: 4246.2 | M15: 3527.4 | N15: 72130.8 | Q15: 16.9 | R15: 阴 | S15: 150 | T15: 170 | U15: 3458 | V15: 517 | W15: 4.21 | X15: 2.2 | Y15: 1156 | AA15: =IF(OR(C16=""),"",C16-C15) -> 18893 | AB15: =IF(OR(D16=""),"",D16-D15) -> 20908 | AC15: =IF(OR(E16=""),"",E16-E15) -> 19000 | AD15: =IF(OR(F16=""),"",F16-F15) -> 19000 | AE15: =IF(OR(G16=""),"",G16-G15) -> 74095 | AF15: =IF(OR(H16=""),"",H16-H15) -> 5389 | AG15: =IF(OR(AA15="",AB15="",AC15=""),"",AA15+AB15+AC15+AD15-AE15) -> 3706 | AH15: =IF(OR(I16=""),"",I16-I15) -> 75145 | AI15: =IF(OR(J16=""),"",J16-J15) -> 5389 | AJ15: =IF(OR(AH15="",AI15=""),"",AH15-AI15) -> 69756 | AK15: 3500 | AL15: =IF(OR(L16="",M16=""),"",ROUND((L16-L15+M16-M15)*1200,0)) -> 0 | AM15: =IF(OR(N16=""),"",(ROUND((N16-N15)*2,0))) -> 0 | AN15: =IF(OR(S15=""),"",ROUND(S15*7.1,0)) -> 1065 | AO15: =IF(OR(T15=""),"",ROUND(T15*2.4,0)) -> 408 | AP15: 3250 | AQ15: =IF(OR($AJ15=""),"",ROUND(AL15/$AJ15*1000,1)) -> 0 | AR15: =IF(OR($AJ15=""),"",ROUND(AM15/$AJ15*1000,2)) -> 0 | AS15: =IF(OR($AJ15=""),"",ROUND(AN15/$AJ15*1000,1)) -> 15.3 | AT15: =IF(OR($AJ15=""),"",ROUND(AO15/$AJ15*1000,2)) -> 5.85
... A30: =A29+1 -> 43889 | B30: 潘汝鑫 | C30: 14629830 | D30: 17436753 | E30: 16190000 | F30: 16163000 | G30: 213204232 | H30: 285476 | I30: 213203941 | J30: 285476 | L30: 4246.2 | M30: 3584.22 | N30: 72303.7 | Q30: 18.2 | R30: 阴 | S30: 410 | T30: 430 | U30: 9102 | V30: 7012 | W30: 5.77 | X30: 4.75 | Y30: 1437 | AA30: =IF(OR(C31=""),"",C31-C30) -> 49376 | AB30: =IF(OR(D31=""),"",D31-D30) -> 58035 | AC30: =IF(OR(E31=""),"",E31-E30) -> 54000 | AD30: =IF(OR(F31=""),"",F31-F30) -> 54000 | AE30: =IF(OR(G31=""),"",G31-G30) -> 209964 | AF30: =IF(OR(H31=""),"",H31-H30) -> 5429 | AG30: =IF(OR(AA30="",AB30="",AC30=""),"",AA30+AB30+AC30+AD30-AE30) -> 5447 | AH30: =IF(OR(I31=""),"",I31-I30) -> 211120 | AI30: =IF(OR(J31=""),"",J31-J30) -> 5429 | AJ30: =IF(OR(AH30="",AI30=""),"",AH30-AI30) -> 205691 | AK30: 4400 | AL30: =IF(OR(L31="",M31=""),"",ROUND((L31-L30+M31-M30)*1200,0)) -> 2856 | AM30: =IF(OR(N31=""),"",(ROUND((N31-N30)*2,0))) -> 15 | AN30: =IF(OR(S30=""),"",ROUND(S30*7.1,0)) -> 2911 | AO30: =IF(OR(T30=""),"",ROUND(T30*2.4,0)) -> 1032 | AP30: 2600 | AQ30: =IF(OR($AJ30=""),"",ROUND(AL30/$AJ30*1000,1)) -> 13.9 | AR30: =IF(OR($AJ30=""),"",ROUND(AM30/$AJ30*1000,2)) -> 0.07 | AS30: =IF(OR($AJ30=""),"",ROUND(AN30/$AJ30*1000,1)) -> 14.2 | AT30: =IF(OR($AJ30=""),"",ROUND(AO30/$AJ30*1000,2)) -> 5.02
A31: 44256 | B31: 陈智娇 | C31: 14679206 | D31: 17494788 | E31: 16244000 | F31: 16217000 | G31: 213414196 | H31: 290905 | I31: 213415061 | J31: 290905 | L31: 4246.2 | M31: 3586.6 | N31: 72311.36 | Q31: 17.3 | R31: 雨 | AA31: =IF(OR(C32=""),"",C32-C31) | AB31: =IF(OR(D32=""),"",D32-D31) | AC31: =IF(OR(E32=""),"",E32-E31) | AD31: =IF(OR(F32=""),"",F32-F31) | AE31: =IF(OR(G32=""),"",G32-G31) | AF31: =IF(OR(H32=""),"",H32-H31) | AG31: =IF(OR(AA31="",AB31="",AC31=""),"",AA31+AB31+AC31+AD31-AE31) | AH31: =IF(OR(I32=""),"",I32-I31) | AI31: =IF(OR(J32=""),"",J32-J31) | AJ31: =IF(OR(AH31="",AI31=""),"",AH31-AI31) | AK31: =IF(K31="","",K32-K31) | AL31: =IF(OR(L32="",M32=""),"",ROUND((L32-L31+M32-M31)*1200,0)) | AM31: =IF(OR(N32=""),"",(ROUND((N32-N31)*2,0))) | AN31: =IF(OR(S31=""),"",ROUND(S31*7.1,0)) | AO31: =IF(OR(T31=""),"",ROUND(T31*2.4,0)) | AQ31: =IF(OR($AJ31=""),"",ROUND(AL31/$AJ31*1000,1)) | AR31: =IF(OR($AJ31=""),"",ROUND(AM31/$AJ31*1000,2)) | AS31: =IF(OR($AJ31=""),"",ROUND(AN31/$AJ31*1000,1)) | AT31: =IF(OR($AJ31=""),"",ROUND(AO31/$AJ31*1000,2))
AA32: =IF(OR(C33=""),"",C33-C32) | AB32: =IF(OR(D33=""),"",D33-D32) | AC32: =IF(OR(E33=""),"",E33-E32) | AD32: =IF(OR(F33=""),"",F33-F32) | AE32: =IF(OR(G33=""),"",G33-G32) | AF32: =IF(OR(H33=""),"",H33-H32) | AG32: =IF(OR(AA32="",AB32="",AC32=""),"",AA32+AB32+AC32+AD32-AE32) | AH32: =IF(OR(I33=""),"",I33-I32) | AI32: =IF(OR(J33=""),"",J33-J32) | AJ32: =IF(OR(AH32="",AI32=""),"",AH32-AI32) | AK32: =IF(K32="","",K33-K32) | AL32: =IF(OR(L33="",M33=""),"",ROUND((L33-L32+M33-M32)*1200,0)) | AM32: =IF(OR(N33=""),"",(ROUND((N33-N32)*2,0))) | AN32: =IF(OR(S32=""),"",ROUND(S32*7.1,0)) | AO32: =IF(OR(T32=""),"",ROUND(T32*2.4,0)) | AQ32: =IF(OR($AJ32=""),"",ROUND(AL32/$AJ32*1000,1)) | AR32: =IF(OR($AJ32=""),"",ROUND(AM32/$AJ32*1000,2)) | AS32: =IF(OR($AJ32=""),"",ROUND(AN32/$AJ32*1000,1)) | AT32: =IF(OR($AJ32=""),"",ROUND(AO32/$AJ32*1000,2))
AA35: =IF(OR(C36=""),"",C36-C35) | AB35: =IF(OR(D36=""),"",D36-D35) | AC35: =IF(OR(E36=""),"",E36-E35) | AD35: =IF(OR(F36=""),"",F36-F35) | AE35: =IF(OR(G36=""),"",G36-G35) | AF35: =IF(OR(H36=""),"",H36-H35) | AG35: =IF(OR(AA35="",AB35="",AC35=""),"",AA35+AB35+AC35+AD35-AE35) | AH35: =SUM(AH3:AH33) -> 3309586 | AI35: =SUM(AI3:AI33) -> 151195 | AJ35: =SUM(AJ3:AJ33) -> 3158391 | AK35: =SUM(AK3:AK33) -> 76240 | AL35: =SUM(AL3:AL33) -> 175788 | AM35: =SUM(AM3:AM33) -> 724 | AN35: =SUM(AN3:AN33) -> 66243 | AO35: =SUM(AO3:AO33) -> 23160 | AQ35: =IF(OR($AJ35=0),"",ROUND(AL35/$AJ35*1000,1)) -> 55.7 | AR35: =IF(OR($AJ35=0),"",ROUND(AM35/$AJ35*1000,2)) -> 0.23 | AS35: =IF(OR($AJ35=0),"",ROUND(AN35/$AJ35*1000,1)) -> 21 | AT35: =IF(OR($AJ35=0),"",ROUND(AO35/$AJ35*1000,2)) -> 7.33

Sheet 3
B2: 记录人 | C2: 一期左进水 流量计读数 | D2: 一期右进水 流量计读数 | E2: 二期左进水 流量计读数 | F2: 二期右进水 流量计读数 | G2: 现场出水 流量计读数 | H2: 现场回用水 读数 | I2: 出水流量计 读数（网站） | J2: 回用水流量 （网站） | K2: 污泥流量 计读数 | L2: PAC2#流量计读数 | M2: PAC3#流量计读数 | N2: PAM流量 计读数 | O2: 盐酸流量 计读数 | P2: 氯酸钠流 量计读数 | Q2: 生反池 水温 | R2: 天气 (阴晴雨) | S2: 盐酸液位 差（CM） | T2: 氯酸钠液位差 差（CM） | U2: 最高流量 m3/h | V2: 最低流量 m3/h | W2: 最高液位 m | X2: 最低液位 m | Y2: 超液位时 间（分） | Z2: 备注 | AA2: 一期左 进水流量 | AB2: 一期右 进水流量 | AC2: 二期左 进水流量 | AD2: 二期右 进水流量 | AE2: 现场出水 流量 | AF2: 现场回用水 流量 | AG2: 进出水 流量差 | AH2: 出水流量（网站） | AI2: 回用水流量（网站） | AJ2: 实际处理量（网站） | AK2: 排泥量 m3 | AL2: PAC量 kg | AM2: PAM量 kg | AN2: 盐酸量 kg | AO2: 氯酸钠量 kg | AP2: 碳源用量 kg | AQ2: PAC单耗 ppm | AR2: PAM单耗 ppm | AS2: 盐酸单耗 ppm | AT2: 氯酸钠单耗 ppm
A3: 43891 | B3: ='2'!B31 -> 陈智娇 | C3: ='2'!C31 -> 14679206 | D3: ='2'!D31 -> 17494788 | E3: ='2'!E31 -> 16244000 | F3: ='2'!F31 -> 16217000 | G3: ='2'!G31 -> 213414196 | H3: ='2'!H31 -> 290905 | I3: ='2'!I31 -> 213415061 | ... R3: ='2'!R31 -> 雨 | S3: 570 | T3: 600 | U3: 9256 | V3: 7120 | W3: 6.55 | X3: 5.25 | Y3: 1435 | AA3: =IF(OR(C4=""),"",C4-C3) -> 48024 | AB3: =IF(OR(D4=""),"",D4-D3) -> 57062 | AC3: =IF(OR(E4=""),"",E4-E3) -> 52000 | AD3: =IF(OR(F4=""),"",F4-F3) -> 52000 | AE3: =IF(OR(G4=""),"",G4-G3) -> 211585 | AF3: =IF(OR(H4=""),"",H4-H3) -> 5573 | AG3: =IF(OR(AA3="",AB3="",AC3=""),"",AA3+AB3+AC3+AD3-AE3) -> -2499 | AH3: =IF(OR(I4=""),"",I4-I3) -> 207629 | AI3: =IF(OR(J4=""),"",J4-J3) -> 5573 | AJ3: =IF(OR(AH3="",AI3=""),"",AH3-AI3) -> 202056 | AK3: 3440 | AL3: =IF(OR(L4="",M4=""),"",ROUND((L4-L3+M4-M3)*1200,0)) -> 4740 | AM3: =IF(OR(N4=""),"",(ROUND((N4-N3)*2,0))) -> 22 | AN3: =IF(OR(S3=""),"",ROUND(S3*7.1,0)) -> 4047 | AO3: =IF(OR(T3=""),"",ROUND(T3*2.4,0)) -> 1440 | AP3: 2600 | AQ3: =IF(OR($AJ3=""),"",ROUND(AL3/$AJ3*1000,1)) -> 23.5 | AR3: =IF(OR($AJ3=""),"",ROUND(AM3/$AJ3*1000,2)) -> 0.11 | AS3: =IF(OR($AJ3=""),"",ROUND(AN3/$AJ3*1000,1)) -> 20 | AT3: =IF(OR($AJ3=""),"",ROUND(AO3/$AJ3*1000,2)) -> 7.13
A4: 43526 | B4: 陈智娇 | C4: 14727230 | D4: 17551850 | E4: 16296000 | F4: 16269000 | G4: 213625781 | H4: 296478 | I4: 213622690 | J4: 296478 | L4: 4246.2 | M4: 3590.55 | N4: 72322.46 | Q4: 16.9 | R4: 晴 | S4: 560 | T4: 580 | U4: 9310 | V4: 7354 | W4: 6.58 | X4: 6.01 | Y4: 1432 | AA4: =IF(OR(C5=""),"",C5-C4) -> 48801 | AB4: =IF(OR(D5=""),"",D5-D4) -> 58335 | AC4: =IF(OR(E5=""),"",E5-E4) -> 53000 | AD4: =IF(OR(F5=""),"",F5-F4) -> 53000 | AE4: =IF(OR(G5=""),"",G5-G4) -> 204784 | AF4: =IF(OR(H5=""),"",H5-H4) -> 5367 | AG4: =IF(OR(AA4="",AB4="",AC4=""),"",AA4+AB4+AC4+AD4-AE4) -> 8352 | AH4: =IF(OR(I5=""),"",I5-I4) -> 207632 | AI4: =IF(OR(J5=""),"",J5-J4) -> 5367 | AJ4: =IF(OR(AH4="",AI4=""),"",AH4-AI4) -> 202265 | AK4: 2800 | AL4: =IF(OR(L5="",M5=""),"",ROUND((L5-L4+M5-M4)*1200,0)) -> 10020 | AM4: =IF(OR(N5=""),"",(ROUND((N5-N4)*2,0))) -> 32 | AN4: =IF(OR(S4=""),"",ROUND(S4*7.1,0)) -> 3976 | AO4: =IF(OR(T4=""),"",ROUND(T4*2.4,0)) -> 1392 | AP4: 2600 | AQ4: =IF(OR($AJ4=""),"",ROUND(AL4/$AJ4*1000,1)) -> 49.5 | AR4: =IF(OR($AJ4=""),"",ROUND(AM4/$AJ4*1000,2)) -> 0.16 | AS4: =IF(OR($AJ4=""),"",ROUND(AN4/$AJ4*1000,1)) -> 19.7 | AT4: =IF(OR($AJ4=""),"",ROUND(AO4/$AJ4*1000,2)) -> 6.88
A5: 43527 | B5: 陈智娇 | C5: 14776031 | D5: 17610185 | E5: 16349000 | F5: 16322000 | G5: 213830565 | H5: 301845 | I5: 213830322 | J5: 301845 | L5: 4246.2 | M5: 3598.9 | N5: 72338.3 | Q5: 17 | R5: 晴 | S5: 540 | T5: 570 | U5: 9456 | V5: 6512 | W5: 6.66 | X5: 4.85 | Y5: 1435 | AA5: =IF(OR(C6=""),"",C6-C5) -> 47779 | AB5: =IF(OR(D6=""),"",D6-D5) -> 56922 | AC5: =IF(OR(E6=""),"",E6-E5) -> 53000 | AD5: =IF(OR(F6=""),"",F6-F5) -> 53000 | AE5: =IF(OR(G6=""),"",G6-G5) -> 205744 | AF5: =IF(OR(H6=""),"",H6-H5) -> 5452 | AG5: =IF(OR(AA5="",AB5="",AC5=""),"",AA5+AB5+AC5+AD5-AE5) -> 4957 | AH5: =IF(OR(I6=""),"",I6-I5) -> 205717 | AI5: =IF(OR(J6=""),"",J6-J5) -> 5452 | AJ5: =IF(OR(AH5="",AI5=""),"",AH5-AI5) -> 200265 | AK5: 2640 | AL5: =IF(OR(L6="",M6=""),"",ROUND((L6-L5+M6-M5)*1200,0)) -> 9864 | AM5: =IF(OR(N6=""),"",(ROUND((N6-N5)*2,0))) -> 34 | AN5: =IF(OR(S5=""),"",ROUND(S5*7.1,0)) -> 3834 | AO5: =IF(OR(T5=""),"",ROUND(T5*2.4,0)) -> 1368 | AP5: 2700 | AQ5: =IF(OR($AJ5=""),"",ROUND(AL5/$AJ5*1000,1)) -> 49.3 | AR5: =IF(OR($AJ5=""),"",ROUND(AM5/$AJ5*1000,2)) -> 0.17 | AS5: =IF(OR($AJ5=""),"",ROUND(AN5/$AJ5*1000,1)) -> 19.1 | AT5: =IF(OR($AJ5=""),"",ROUND(AO5/$AJ5*1000,2)) -> 6.83
A6: 43528 | B6: 陈智娇 | C6: 14823810 | D6: 17667107 | E6: 16402000 | F6: 16375000 | G6: 214036309 | H6: 307297 | I6: 214036039 | J6: 307297 | L6: 4246.2 | M6: 3607.12 | N6: 72355.19 | Q6: 18.7 | R6: 晴 | S6: 410 | T6: 440 | U6: 9255 | V6: 7210 | W6: 6.26 | X6: 3.76 | Y6: 1436 | AA6: =IF(OR(C7=""),"",C7-C6) -> 49429 | AB6: =IF(OR(D7=""),"",D7-D6) -> 58046 | AC6: =IF(OR(E7=""),"",E7-E6) -> 54000 | AD6: =IF(OR(F7=""),"",F7-F6) -> 54000 | AE6: =IF(OR(G7=""),"",G7-G6) -> 206347 | AF6: =IF(OR(H7=""),"",H7-H6) -> 5441 | AG6: =IF(OR(AA6="",AB6="",AC6=""),"",AA6+AB6+AC6+AD6-AE6) -> 9128 | AH6: =IF(OR(I7=""),"",I7-I6) -> 206136 | AI6: =IF(OR(J7=""),"",J7-J6) -> 5441 | AJ6: =IF(OR(AH6="",AI6=""),"",AH6-AI6) -> 200695 | AK6: 2220 | AL6: =IF(OR(L7="",M7=""),"",ROUND((L7-L6+M7-M6)*1200,0)) -> 9768 | AM6: =IF(OR(N7=""),"",(ROUND((N7-N6)*2,0))) -> 33 | AN6: =IF(OR(S6=""),"",ROUND(S6*7.1,0)) -> 2911 | AO6: =IF(OR(T6=""),"",ROUND(T6*2.4,0)) -> 1056 | AP6: 2280 | AQ6: =IF(OR($AJ6=""),"",ROUND(AL6/$AJ6*1000,1)) -> 48.7 | AR6: =IF(OR($AJ6=""),"",ROUND(AM6/$AJ6*1000,2)) -> 0.16 | AS6: =IF(OR($AJ6=""),"",ROUND(AN6/$AJ6*1000,1)) -> 14.5 | AT6: =IF(OR($AJ6=""),"",ROUND(AO6/$AJ6*1000,2)) -> 5.26
A7: 43529 | B7: 陈智娇 | C7: 14873239 | D7: 17725153 | E7: 16456000 | F7: 16429000 | G7: 214242656 | H7: 312738 | I7: 214242175 | J7: 312738 | L7: 4246.2 | M7: 3615.26 | N7: 72371.7 | Q7: 17.8 | R7: 阴 | S7: 230 | T7: 250 | U7: 9268 | V7: 5319 | W7: 4.67 | X7: 3.05 | Y7: 1082 | AA7: =IF(OR(C8=""),"",C8-C7) -> 39126 | AB7: =IF(OR(D8=""),"",D8-D7) -> 43438 | AC7: =IF(OR(E8=""),"",E8-E7) -> 42000 | AD7: =IF(OR(F8=""),"",F8-F7) -> 42000 | AE7: =IF(OR(G8=""),"",G8-G7) -> 120100 | AF7: =IF(OR(H8=""),"",H8-H7) -> 3050 | AG7: =IF(OR(AA7="",AB7="",AC7=""),"",AA7+AB7+AC7+AD7-AE7) -> 46464 | AH7: =IF(OR(I8=""),"",I8-I7) -> 120591 | AI7: =IF(OR(J8=""),"",J8-J7) -> 3050 | AJ7: =IF(OR(AH7="",AI7=""),"",AH7-AI7) -> 117541 | AK7: 3450 | AL7: =IF(OR(L8="",M8=""),"",ROUND((L8-L7+M8-M7)*1200,0)) -> 7248 | AM7: =IF(OR(N8=""),"",(ROUND((N8-N7)*2,0))) -> 23 | AN7: =IF(OR(S7=""),"",ROUND(S7*7.1,0)) -> 1633 | AO7: =IF(OR(T7=""),"",ROUND(T7*2.4,0)) -> 600 | AP7: 2440 | AQ7: =IF(OR($AJ7=""),"",ROUND(AL7/$AJ7*1000,1)) -> 61.7 | AR7: =IF(OR($AJ7=""),"",ROUND(AM7/$AJ7*1000,2)) -> 0.2 | AS7: =IF(OR($AJ7=""),"",ROUND(AN7/$AJ7*1000,1)) -> 13.9 | AT7: =IF(OR($AJ7=""),"",ROUND(AO7/$AJ7*1000,2)) -> 5.1
A8: 43530 | B8: 仇昊 | C8: 14912365 | D8: 17768591 | E8: 16498000 | F8: 16471000 | G8: 214362756 | H8: 315788 | I8: 214362766 | J8: 315788 | L8: 4246.2 | M8: 3621.3 | N8: 72383.22 | Q8: 16.9 | R8: 雨 | S8: 240 | T8: 260 | U8: 9028 | V8: 3752 | W8: 7 | X8: 3.29 | Y8: 1433 | AA8: =IF(OR(C9=""),"",C9-C8) -> 42454 | AB8: =IF(OR(D9=""),"",D9-D8) -> 49839 | AC8: =IF(OR(E9=""),"",E9-E8) -> 46000 | AD8: =IF(OR(F9=""),"",F9-F8) -> 47000 | AE8: =IF(OR(G9=""),"",G9-G8) -> 180237 | AF8: =IF(OR(H9=""),"",H9-H8) -> 5277 | AG8: =IF(OR(AA8="",AB8="",AC8=""),"",AA8+AB8+AC8+AD8-AE8) -> 5056 | AH8: =IF(OR(I9=""),"",I9-I8) -> 180960 | AI8: =IF(OR(J9=""),"",J9-J8) -> 5277 | AJ8: =IF(OR(AH8="",AI8=""),"",AH8-AI8) -> 175683 | AK8: 3000 | AL8: =IF(OR(L9="",M9=""),"",ROUND((L9-L8+M9-M8)*1200,0)) -> 9468 | AM8: =IF(OR(N9=""),"",(ROUND((N9-N8)*2,0))) -> 33 | AN8: =IF(OR(S8=""),"",ROUND(S8*7.1,0)) -> 1704 | AO8: =IF(OR(T8=""),"",ROUND(T8*2.4,0)) -> 624 | AP8: 2480 | AQ8: =IF(OR($AJ8=""),"",ROUND(AL8/$AJ8*1000,1)) -> 53.9 | AR8: =IF(OR($AJ8=""),"",ROUND(AM8/$AJ8*1000,2)) -> 0.19 | AS8: =IF(OR($AJ8=""),"",ROUND(AN8/$AJ8*1000,1)) -> 9.7 | AT8: =IF(OR($AJ8=""),"",ROUND(AO8/$AJ8*1000,2)) -> 3.55
A9: 43531 | B9: 胡叶青 | C9: 14954819 | D9: 17818430 | E9: 16544000 | F9: 16518000 | G9: 214542993 | H9: 321065 | I9: 214543726 | J9: 321065 | L9: 4246.2 | M9: 3629.19 | N9: 72399.9 | Q9: 15.8 | R9: 雨 | S9: 400 | T9: 430 | U9: 8230 | V9: 4152 | W9: 3.98 | X9: 2.56 | Y9: 1148 | AA9: =IF(OR(C10=""),"",C10-C9) -> 40076 | AB9: =IF(OR(D10=""),"",D10-D9) -> 47280 | AC9: =IF(OR(E10=""),"",E10-E9) -> 44000 | AD9: =IF(OR(F10=""),"",F10-F9) -> 42000 | AE9: =IF(OR(G10=""),"",G10-G9) -> 173280 | AF9: =IF(OR(H10=""),"",H10-H9) -> 5523 | AG9: =IF(OR(AA9="",AB9="",AC9=""),"",AA9+AB9+AC9+AD9-AE9) -> 76 | AH9: =IF(OR(I10=""),"",I10-I9) -> 172168 | AI9: =IF(OR(J10=""),"",J10-J9) -> 5523 | AJ9: =IF(OR(AH9="",AI9=""),"",AH9-AI9) -> 166645 | AK9: 2400 | AL9: =IF(OR(L10="",M10=""),"",ROUND((L10-L9+M10-M9)*1200,0)) -> 9516 | AM9: =IF(OR(N10=""),"",(ROUND((N10-N9)*2,0))) -> 35 | AN9: =IF(OR(S9=""),"",ROUND(S9*7.1,0)) -> 2840 | AO9: =IF(OR(T9=""),"",ROUND(T9*2.4,0)) -> 1032 | AP9: 2650 | AQ9: =IF(OR($AJ9=""),"",ROUND(AL9/$AJ9*1000,1)) -> 57.1 | AR9: =IF(OR($AJ9=""),"",ROUND(AM9/$AJ9*1000,2)) -> 0.21 | AS9: =IF(OR($AJ9=""),"",ROUND(AN9/$AJ9*1000,1)) -> 17 | AT9: =IF(OR($AJ9=""),"",ROUND(AO9/$AJ9*1000,2)) -> 6.19
A10: 43532 | B10: 陈智娇 | C10: 14994895 | D10: 17865710 | E10: 16588000 | F10: 16560000 | G10: 214716273 | H10: 326588 | I10: 214715894 | J10: 326588 | L10: 4246.2 | M10: 3637.12 | N10: 72417.33 | Q10: 17.7 | R10: 阴 | S10: 430 | T10: 450 | U10: 7780 | V10: 3125 | W10: 5.2 | X10: 2.27 | Y10: 974 | AA10: =IF(OR(C11=""),"",C11-C10) -> 35551 | AB10: =IF(OR(D11=""),"",D11-D10) -> 41246 | AC10: =IF(OR(E11=""),"",E11-E10) -> 41000 | AD10: =IF(OR(F11=""),"",F11-F10) -> 41350 | AE10: =IF(OR(G11=""),"",G11-G10) -> 147175 | AF10: =IF(OR(H11=""),"",H11-H10) -> 5420 | AG10: =IF(OR(AA10="",AB10="",AC10=""),"",AA10+AB10+AC10+AD10-AE10) -> 11972 | AH10: =IF(OR(I11=""),"",I11-I10) -> 147787 | AI10: =IF(OR(J11=""),"",J11-J10) -> 5420 | AJ10: =IF(OR(AH10="",AI10=""),"",AH10-AI10) -> 142367 | AK10: 2760 | AL10: =IF(OR(L11="",M11=""),"",ROUND((L11-L10+M11-M10)*1200,0)) -> 11316 | AM10: =IF(OR(N11=""),"",(ROUND((N11-N10)*2,0))) -> 33 | AN10: =IF(OR(S10=""),"",ROUND(S10*7.1,0)) -> 3053 | AO10: =IF(OR(T10=""),"",ROUND(T10*2.4,0)) -> 1080 | AP10: 2770 | AQ10: =IF(OR($AJ10=""),"",ROUND(AL10/$AJ10*1000,1)) -> 79.5 | AR10: =IF(OR($AJ10=""),"",ROUND(AM10/$AJ10*1000,2)) -> 0.23 | AS10: =IF(OR($AJ10=""),"",ROUND(AN10/$AJ10*1000,1)) -> 21.4 | AT10: =IF(OR($AJ10=""),"",ROUND(AO10/$AJ10*1000,2)) -> 7.59
A11: 43533 | B11: 陈智娇 | C11: 15030446 | D11: 17906956 | E11: 16629000 | F11: 16601350 | G11: 214863448 | H11: 332008 | I11: 214863681 | J11: 332008 | L11: 4246.2 | M11: 3646.55 | N11: 72433.59 | Q11: 17.3 | R11: 雨 | S11: 450 | T11: 460 | U11: 9215 | V11: 3214 | W11: 6.45 | X11: 2.12 | Y11: 1271 | AA11: =IF(OR(C12=""),"",C12-C11) -> 44536 | AB11: =IF(OR(D12=""),"",D12-D11) -> 54086 | AC11: =IF(OR(E12=""),"",E12-E11) -> 52000 | AD11: =IF(OR(F12=""),"",F12-F11) -> 51650 | AE11: =IF(OR(G12=""),"",G12-G11) -> 202228 | AF11: =IF(OR(H12=""),"",H12-H11) -> 5448 | AG11: =IF(OR(AA11="",AB11="",AC11=""),"",AA11+AB11+AC11+AD11-AE11) -> 44 | AH11: =IF(OR(I12=""),"",I12-I11) -> 202083 | AI11: =IF(OR(J12=""),"",J12-J11) -> 5448 | AJ11: =IF(OR(AH11="",AI11=""),"",AH11-AI11) -> 196635 | AK11: 3150 | AL11: =IF(OR(L12="",M12=""),"",ROUND((L12-L11+M12-M11)*1200,0)) -> 12384 | AM11: =IF(OR(N12=""),"",(ROUND((N12-N11)*2,0))) -> 31 | AN11: =IF(OR(S11=""),"",ROUND(S11*7.1,0)) -> 3195 | AO11: =IF(OR(T11=""),"",ROUND(T11*2.4,0)) -> 1104 | AP11: 2090 | AQ11: =IF(OR($AJ11=""),"",ROUND(AL11/$AJ11*1000,1)) -> 63 | AR11: =IF(OR($AJ11=""),"",ROUND(AM11/$AJ11*1000,2)) -> 0.16 | AS11: =IF(OR($AJ11=""),"",ROUND(AN11/$AJ11*1000,1)) -> 16.2 | AT11: =IF(OR($AJ11=""),"",ROUND(AO11/$AJ11*1000,2)) -> 5.61
A12: 43534 | B12: 陈智娇 | C12: 15074982 | D12: 17961042 | E12: 16681000 | F12: 16653000 | G12: 215065676 | H12: 337456 | I12: 215065764 | J12: 337456 | L12: 4246.2 | M12: 3656.87 | N12: 72449.24 | Q12: 18.3 | R12: 晴 | S12: 420 | T12: 440 | U12: 8052 | V12: 2257 | W12: 6.12 | X12: 2.2 | Y12: 989 | AA12: =IF(OR(C13=""),"",C13-C12) -> 37381 | AB12: =IF(OR(D13=""),"",D13-D12) -> 44938 | AC12: =IF(OR(E13=""),"",E13-E12) -> 45000 | AD12: =IF(OR(F13=""),"",F13-F12) -> 43000 | AE12: =IF(OR(G13=""),"",G13-G12) -> 160003 | AF12: =IF(OR(H13=""),"",H13-H12) -> 5412 | AG12: =IF(OR(AA12="",AB12="",AC12=""),"",AA12+AB12+AC12+AD12-AE12) -> 10316 | AH12: =IF(OR(I13=""),"",I13-I12) -> 161004 | AI12: =IF(OR(J13=""),"",J13-J12) -> 5412 | AJ12: =IF(OR(AH12="",AI12=""),"",AH12-AI12) -> 155592 | AK12: 3465 | AL12: =IF(OR(L13="",M13=""),"",ROUND((L13-L12+M13-M12)*1200,0)) -> 12444 | AM12: =IF(OR(N13=""),"",(ROUND((N13-N12)*2,0))) -> 31 | AN12: =IF(OR(S12=""),"",ROUND(S12*7.1,0)) -> 2982 | AO12: =IF(OR(T12=""),"",ROUND(T12*2.4,0)) -> 1056 | AP12: 2290 | AQ12: =IF(OR($AJ12=""),"",ROUND(AL12/$AJ12*1000,1)) -> 80 | AR12: =IF(OR($AJ12=""),"",ROUND(AM12/$AJ12*1000,2)) -> 0.2 | AS12: =IF(OR($AJ12=""),"",ROUND(AN12/$AJ12*1000,1)) -> 19.2 | AT12: =IF(OR($AJ12=""),"",ROUND(AO12/$AJ12*1000,2)) -> 6.79
A13: 43535 | B13: 陈智娇 | C13: 15112363 | D13: 18005980 | E13: 16726000 | F13: 16696000 | G13: 215225679 | H13: 342868 | I13: 215226768 | J13: 342868 | L13: 4246.2 | M13: 3667.24 | N13: 72464.51 | Q13: 17.6 | R13: 雨 | S13: 460 | T13: 490 | U13: 8485 | V13: 4680 | W13: 5.31 | X13: 2.36 | Y13: 1298 | AA13: =IF(OR(C14=""),"",C14-C13) -> 41040 | AB13: =IF(OR(D14=""),"",D14-D13) -> 49956 | AC13: =IF(OR(E14=""),"",E14-E13) -> 47000 | AD13: =IF(OR(F14=""),"",F14-F13) -> 46000 | AE13: =IF(OR(G14=""),"",G14-G13) -> 180059 | AF13: =IF(OR(H14=""),"",H14-H13) -> 5500 | AG13: =IF(OR(AA13="",AB13="",AC13=""),"",AA13+AB13+AC13+AD13-AE13) -> 3937 | AH13: =IF(OR(I14=""),"",I14-I13) -> 178511 | AI13: =IF(OR(J14=""),"",J14-J13) -> 5500 | AJ13: =IF(OR(AH13="",AI13=""),"",AH13-AI13) -> 173011 | AK13: 2560 | AL13: =IF(OR(L14="",M14=""),"",ROUND((L14-L13+M14-M13)*1200,0)) -> 12456 | AM13: =IF(OR(N14=""),"",(ROUND((N14-N13)*2,0))) -> 29 | AN13: =IF(OR(S13=""),"",ROUND(S13*7.1,0)) -> 3266 | AO13: =IF(OR(T13=""),"",ROUND(T13*2.4,0)) -> 1176 | AP13: 2070 | AQ13: =IF(OR($AJ13=""),"",ROUND(AL13/$AJ13*1000,1)) -> 72 | AR13: =IF(OR($AJ13=""),"",ROUND(AM13/$AJ13*1000,2)) -> 0.17 | AS13: =IF(OR($AJ13=""),"",ROUND(AN13/$AJ13*1000,1)) -> 18.9 | AT13: =IF(OR($AJ13=""),"",ROUND(AO13/$AJ13*1000,2)) -> 6.8
A14: 43536 | B14: 陈智娇 | C14: 15153403 | D14: 18055936 | E14: 16773000 | F14: 16742000 | G14: 215405738 | H14: 348368 | I14: 215405279 | J14: 348368 | L14: 4246.2 | M14: 3677.62 | N14: 72479.18 | Q14: 17.5 | R14: 阴 | S14: 250 | T14: 230 | U14: 8796 | V14: 7040 | W14: 4.99 | X14: 3.24 | Y14: 1433 | AA14: =IF(OR(C15=""),"",C15-C14) -> 41520 | AB14: =IF(OR(D15=""),"",D15-D14) -> 50057 | AC14: =IF(OR(E15=""),"",E15-E14) -> 47000 | AD14: =IF(OR(F15=""),"",F15-F14) -> 47000 | AE14: =IF(OR(G15=""),"",G15-G14) -> 180144 | AF14: =IF(OR(H15=""),"",H15-H14) -> 5398 | AG14: =IF(OR(AA14="",AB14="",AC14=""),"",AA14+AB14+AC14+AD14-AE14) -> 5433 | AH14: =IF(OR(I15=""),"",I15-I14) -> 176143 | AI14: =IF(OR(J15=""),"",J15-J14) -> 5398 | AJ14: =IF(OR(AH14="",AI14=""),"",AH14-AI14) -> 170745 | AK14: 3650 | AL14: =IF(OR(L15="",M15=""),"",ROUND((L15-L14+M15-M14)*1200,0)) -> 9936 | AM14: =IF(OR(N15=""),"",(ROUND((N15-N14)*2,0))) -> 29 | AN14: =IF(OR(S14=""),"",ROUND(S14*7.1,0)) -> 1775 | AO14: =IF(OR(T14=""),"",ROUND(T14*2.4,0)) -> 552 | AP14: 1640 | AQ14: =IF(OR($AJ14=""),"",ROUND(AL14/$AJ14*1000,1)) -> 58.2 | AR14: =IF(OR($AJ14=""),"",ROUND(AM14/$AJ14*1000,2)) -> 0.17 | AS14: =IF(OR($AJ14=""),"",ROUND(AN14/$AJ14*1000,1)) -> 10.4 | AT14: =IF(OR($AJ14=""),"",ROUND(AO14/$AJ14*1000,2)) -> 3.23
A15: 43537 | B15: 仇昊 | C15: 15194923 | D15: 18105993 | E15: 16820000 | F15: 16789000 | G15: 215585882 | H15: 353766 | I15: 215581422 | J15: 353766 | L15: 4246.2 | M15: 3685.9 | N15: 72493.92 | Q15: 18.1 | R15: 晴 | S15: 250 | T15: 240 | U15: 7784 | V15: 5710 | W15: 4.07 | X15: 3.12 | Y15: 980 | AA15: =IF(OR(C16=""),"",C16-C15) -> 39029 | AB15: =IF(OR(D16=""),"",D16-D15) -> 47278 | AC15: =IF(OR(E16=""),"",E16-E15) -> 46000 | AD15: =IF(OR(F16=""),"",F16-F15) -> 45000 | AE15: =IF(OR(G16=""),"",G16-G15) -> 170217 | AF15: =IF(OR(H16=""),"",H16-H15) -> 5421.93 | AG15: =IF(OR(AA15="",AB15="",AC15=""),"",AA15+AB15+AC15+AD15-AE15) -> 7090 | AH15: =IF(OR(I16=""),"",I16-I15) -> 176755 | AI15: =IF(OR(J16=""),"",J16-J15) -> 5421.93 | AJ15: =IF(OR(AH15="",AI15=""),"",AH15-AI15) -> 171333.07 | AK15: 3600 | AL15: =IF(OR(L16="",M16=""),"",ROUND((L16-L15+M16-M15)*1200,0)) -> 9720 | AM15: =IF(OR(N16=""),"",(ROUND((N16-N15)*2,0))) -> 29 | AN15: =IF(OR(S15=""),"",ROUND(S15*7.1,0)) -> 1775 | AO15: =IF(OR(T15=""),"",ROUND(T15*2.4,0)) -> 576 | AP15: 2620 | AQ15: =IF(OR($AJ15=""),"",ROUND(AL15/$AJ15*1000,1)) -> 56.7 | AR15: =IF(OR($AJ15=""),"",ROUND(AM15/$AJ15*1000,2)) -> 0.17 | AS15: =IF(OR($AJ15=""),"",ROUND(AN15/$AJ15*1000,1)) -> 10.4 | AT15: =IF(OR($AJ15=""),"",ROUND(AO15/$AJ15*1000,2)) -> 3.36
... A24: 43546 | B24: 宣晟浩 | C24: 15578298 | D24: 18572317 | E24: 17260000 | F24: 17231000 | G24: 217243962 | H24: 402802 | I24: 217244218 | J24: 402802 | L24: 4246.2 | M24: 3736.31 | N24: 72605.67 | Q24: 18.6 | R24: 晴 | S24: 530 | T24: 550 | U24: 9541 | V24: 4012 | W24: 6.13 | X24: 2.05 | Y24: 1297 | AA24: =IF(OR(C25=""),"",C25-C24) -> 47316 | AB24: =IF(OR(D25=""),"",D25-D24) -> 60198 | AC24: =IF(OR(E25=""),"",E25-E24) -> 55000 | AD24: =IF(OR(F25=""),"",F25-F24) -> 56000 | AE24: =IF(OR(G25=""),"",G25-G24) -> 206234 | AF24: =IF(OR(H25=""),"",H25-H24) -> 5462 | AG24: =IF(OR(AA24="",AB24="",AC24=""),"",AA24+AB24+AC24+AD24-AE24) -> 12280 | AH24: =IF(OR(I25=""),"",I25-I24) -> 206092 | AI24: =IF(OR(J25=""),"",J25-J24) -> 5462 | AJ24: =IF(OR(AH24="",AI24=""),"",AH24-AI24) -> 200630 | AK24: 5500 | AL24: =IF(OR(L25="",M25=""),"",ROUND((L25-L24+M25-M24)*1200,0)) -> 6372 | AM24: =IF(OR(N25=""),"",(ROUND((N25-N24)*2,0))) -> 37 | AN24: =IF(OR(S24=""),"",ROUND(S24*7.1,0)) -> 3763 | AO24: =IF(OR(T24=""),"",ROUND(T24*2.4,0)) -> 1320 | AP24: 2430 | AQ24: =IF(OR($AJ24=""),"",ROUND(AL24/$AJ24*1000,1)) -> 31.8 | AR24: =IF(OR($AJ24=""),"",ROUND(AM24/$AJ24*1000,2)) -> 0.18 | AS24: =IF(OR($AJ24=""),"",ROUND(AN24/$AJ24*1000,1)) -> 18.8 | AT24: =IF(OR($AJ24=""),"",ROUND(AO24/$AJ24*1000,2)) -> 6.58
A25: 43547 | B25: 陈智娇 | C25: 15625614 | D25: 18632515 | E25: 17315000 | F25: 17287000 | G25: 217450196 | H25: 408264 | I25: 217450310 | J25: 408264 | L25: 4246.2 | M25: 3741.62 | N25: 72624.19 | Q25: 18.9 | R25: 晴 | S25: 540 | T25: 560 | U25: 9412 | V25: 4089 | W25: 3.69 | X25: 2.21 | Y25: 151 | AA25: =IF(OR(C26=""),"",C26-C25) -> 38317 | AB25: =IF(OR(D26=""),"",D26-D25) -> 46599 | AC25: =IF(OR(E26=""),"",E26-E25) -> 45000 | AD25: =IF(OR(F26=""),"",F26-F25) -> 45000 | AE25: =IF(OR(G26=""),"",G26-G25) -> 168768 | AF25: 5362 | AG25: =IF(OR(AA25="",AB25="",AC25=""),"",AA25+AB25+AC25+AD25-AE25) -> 6148 | AH25: =IF(OR(I26=""),"",I26-I25) -> 168192 | AI25: 5362 | AJ25: =IF(OR(AH25="",AI25=""),"",AH25-AI25) -> 162830 | AK25: 4000 | AL25: =IF(OR(L26="",M26=""),"",ROUND((L26-L25+M26-M25)*1200,0)) -> 5964 | AM25: =IF(OR(N26=""),"",(ROUND((N26-N25)*2,0))) -> 37 | AN25: =IF(OR(S25=""),"",ROUND(S25*7.1,0)) -> 3834 | AO25: =IF(OR(T25=""),"",ROUND(T25*2.4,0)) -> 1344 | AP25: 1515 | AQ25: =IF(OR($AJ25=""),"",ROUND(AL25/$AJ25*1000,1)) -> 36.6 | AR25: =IF(OR($AJ25=""),"",ROUND(AM25/$AJ25*1000,2)) -> 0.23 | AS25: =IF(OR($AJ25=""),"",ROUND(AN25/$AJ25*1000,1)) -> 23.5 | AT25: =IF(OR($AJ25=""),"",ROUND(AO25/$AJ25*1000,2)) -> 8.25
A26: 43548 | B26: 陈智娇 | C26: 15663931 | D26: 18679114 | E26: 17360000 | F26: 17332000 | G26: 217618964 | H26: 104310329 | I26: 217618502 | J26: 104310329 | L26: 4246.2 | M26: 3746.59 | N26: 72642.79 | Q26: 18.8 | R26: 晴 | S26: 420 | T26: 450 | U26: 9215 | V26: 4156 | W26: 3.12 | X26: 2.31 | Y26: 14 | AA26: =IF(OR(C27=""),"",C27-C26) -> 40844 | AB26: =IF(OR(D27=""),"",D27-D26) -> 49739 | AC26: =IF(OR(E27=""),"",E27-E26) -> 46000 | AD26: =IF(OR(F27=""),"",F27-F26) -> 46000 | AE26: =IF(OR(G27=""),"",G27-G26) -> 174584 | AF26: =IF(OR(H27=""),"",H27-H26) -> 5425 | AG26: =IF(OR(AA26="",AB26="",AC26=""),"",AA26+AB26+AC26+AD26-AE26) -> 7999 | AH26: =IF(OR(I27=""),"",I27-I26) -> 176211 | AI26: =IF(OR(J27=""),"",J27-J26) -> 5425 | AJ26: =IF(OR(AH26="",AI26=""),"",AH26-AI26) -> 170786 | AK26: 3500 | AL26: =IF(OR(L27="",M27=""),"",ROUND((L27-L26+M27-M26)*1200,0)) -> 2268 | AM26: =IF(OR(N27=""),"",(ROUND((N27-N26)*2,0))) -> 14 | AN26: =IF(OR(S26=""),"",ROUND(S26*7.1,0)) -> 2982 | AO26: =IF(OR(T26=""),"",ROUND(T26*2.4,0)) -> 1080 | AP26: 2785 | AQ26: =IF(OR($AJ26=""),"",ROUND(AL26/$AJ26*1000,1)) -> 13.3 | AR26: =IF(OR($AJ26=""),"",ROUND(AM26/$AJ26*1000,2)) -> 0.08 | AS26: =IF(OR($AJ26=""),"",ROUND(AN26/$AJ26*1000,1)) -> 17.5 | AT26: =IF(OR($AJ26=""),"",ROUND(AO26/$AJ26*1000,2)) -> 6.32
A27: 43549 | B27: 陈智娇 | C27: 15704775 | D27: 18728853 | E27: 17406000 | F27: 17378000 | G27: 217793548 | H27: 104315754 | I27: 217794713 | J27: 104315754 | L27: 4246.2 | M27: 3748.48 | N27: 72649.72 | Q27: 21.6 | R27: 晴 | S27: 380 | T27: 400 | U27: 8114 | V27: 3647 | W27: 3.4 | X27: 2.23 | Y27: 305 | AA27: =IF(OR(C28=""),"",C28-C27) -> 37647 | AB27: =IF(OR(D28=""),"",D28-D27) -> 44861 | AC27: =IF(OR(E28=""),"",E28-E27) -> 43000 | AD27: =IF(OR(F28=""),"",F28-F27) -> 42000 | AE27: =IF(OR(G28=""),"",G28-G27) -> 162696 | AF27: =IF(OR(H28=""),"",H28-H27) -> 5541 | AG27: =IF(OR(AA27="",AB27="",AC27=""),"",AA27+AB27+AC27+AD27-AE27) -> 4812 | AH27: =IF(OR(I28=""),"",I28-I27) -> 161566 | AI27: =IF(OR(J28=""),"",J28-J27) -> 5541 | AJ27: =IF(OR(AH27="",AI27=""),"",AH27-AI27) -> 156025 | AK27: 5500 | AL27: =IF(OR(L28="",M28=""),"",ROUND((L28-L27+M28-M27)*1200,0)) -> 0 | AM27: =IF(OR(N28=""),"",(ROUND((N28-N27)*2,0))) -> 0 | AN27: =IF(OR(S27=""),"",ROUND(S27*7.1,0)) -> 2698 | AO27: =IF(OR(T27=""),"",ROUND(T27*2.4,0)) -> 960 | AP27: 2320 | AQ27: =IF(OR($AJ27=""),"",ROUND(AL27/$AJ27*1000,1)) -> 0 | AR27: =IF(OR($AJ27=""),"",ROUND(AM27/$AJ27*1000,2)) -> 0 | AS27: =IF(OR($AJ27=""),"",ROUND(AN27/$AJ27*1000,1)) -> 17.3 | AT27: =IF(OR($AJ27=""),"",ROUND(AO27/$AJ27*1000,2)) -> 6.15
A28: 43550 | B28: 陈智娇 | C28: 15742422 | D28: 18773714 | E28: 17449000 | F28: 17420000 | G28: 217956244 | H28: 104321295 | I28: 217956279 | J28: 104321295 | L28: 4246.2 | M28: 3748.48 | N28: 72649.72 | Q28: 20.6 | R28: 晴 | S28: 300 | T28: 320 | U28: 8614 | V28: 3215 | W28: 3.58 | X28: 2.01 | Y28: 7 | AA28: =IF(OR(C29=""),"",C29-C28) -> 36650 | AB28: =IF(OR(D29=""),"",D29-D28) -> 43650 | AC28: =IF(OR(E29=""),"",E29-E28) -> 45000 | AD28: =IF(OR(F29=""),"",F29-F28) -> 44000 | AE28: =IF(OR(G29=""),"",G29-G28) -> 163967 | AF28: =IF(OR(H29=""),"",H29-H28) -> 5389 | AG28: =IF(OR(AA28="",AB28="",AC28=""),"",AA28+AB28+AC28+AD28-AE28) -> 5333 | AH28: =IF(OR(I29=""),"",I29-I28) -> 166478 | AI28: =IF(OR(J29=""),"",J29-J28) -> 5389 | AJ28: =IF(OR(AH28="",AI28=""),"",AH28-AI28) -> 161089 | AK28: 4500 | AL28: =IF(OR(L29="",M29=""),"",ROUND((L29-L28+M29-M28)*1200,0)) -> 0 | AM28: =IF(OR(N29=""),"",(ROUND((N29-N28)*2,0))) -> 0 | AN28: =IF(OR(S28=""),"",ROUND(S28*7.1,0)) -> 2130 | AO28: =IF(OR(T28=""),"",ROUND(T28*2.4,0)) -> 768 | AP28: 2900 | AQ28: =IF(OR($AJ28=""),"",ROUND(AL28/$AJ28*1000,1)) -> 0 | AR28: =IF(OR($AJ28=""),"",ROUND(AM28/$AJ28*1000,2)) -> 0 | AS28: =IF(OR($AJ28=""),"",ROUND(AN28/$AJ28*1000,1)) -> 13.2 | AT28: =IF(OR($AJ28=""),"",ROUND(AO28/$AJ28*1000,2)) -> 4.77
A29: 43551 | B29: 潘汝鑫 | C29: 15779072 | D29: 18817364 | E29: 17494000 | F29: 17464000 | G29: 218120211 | H29: 104326684 | I29: 218122757 | J29: 104326684 | L29: 4246.2 | M29: 3748.48 | N29: 72649.72 | Q29: 19.7 | R29: 雨 | S29: 260 | T29: 280 | U29: 8452 | V29: 3915 | W29: 3.28 | X29: 2.39 | Y29: 130 | AA29: =IF(OR(C30=""),"",C30-C29) -> 37982 | AB29: =IF(OR(D30=""),"",D30-D29) -> 45515 | AC29: =IF(OR(E30=""),"",E30-E29) -> 44000 | AD29: =IF(OR(F30=""),"",F30-F29) -> 43000 | AE29: =IF(OR(G30=""),"",G30-G29) -> 167205 | AF29: =IF(OR(H30=""),"",H30-H29) -> 5619 | AG29: =IF(OR(AA29="",AB29="",AC29=""),"",AA29+AB29+AC29+AD29-AE29) -> 3292 | AH29: =IF(OR(I30=""),"",I30-I29) -> 164693 | AI29: =IF(OR(J30=""),"",J30-J29) -> 5619 | AJ29: =IF(OR(AH29="",AI29=""),"",AH29-AI29) -> 159074 | AK29: 4200 | AL29: =IF(OR(L30="",M30=""),"",ROUND((L30-L29+M30-M29)*1200,0)) -> 0 | AM29: =IF(OR(N30=""),"",(ROUND((N30-N29)*2,0))) -> 0 | AN29: =IF(OR(S29=""),"",ROUND(S29*7.1,0)) -> 1846 | AO29: =IF(OR(T29=""),"",ROUND(T29*2.4,0)) -> 672 | AP29: 1735 | AQ29: =IF(OR($AJ29=""),"",ROUND(AL29/$AJ29*1000,1)) -> 0 | AR29: =IF(OR($AJ29=""),"",ROUND(AM29/$AJ29*1000,2)) -> 0 | AS29: =IF(OR($AJ29=""),"",ROUND(AN29/$AJ29*1000,1)) -> 11.6 | AT29: =IF(OR($AJ29=""),"",ROUND(AO29/$AJ29*1000,2)) -> 4.22
A30: 43552 | B30: 胡叶青 | C30: 15817054 | D30: 18862879 | E30: 17538000 | F30: 17507000 | G30: 218287416 | H30: 104332303 | I30: 218287450 | J30: 104332303 | L30: 4246.2 | M30: 3748.48 | N30: 72649.72 | Q30: 20.6 | R30: 晴 | S30: 450 | T30: 470 | U30: 8944 | V30: 2744 | W30: 3.6 | X30: 2.25 | Y30: 668 | AA30: =IF(OR(C31=""),"",C31-C30) -> 39780 | AB30: =IF(OR(D31=""),"",D31-D30) -> 47933 | AC30: =IF(OR(E31=""),"",E31-E30) -> 45000 | AD30: =IF(OR(F31=""),"",F31-F30) -> 45000 | AE30: =IF(OR(G31=""),"",G31-G30) -> 169761 | AF30: =IF(OR(H31=""),"",H31-H30) -> 5507 | AG30: =IF(OR(AA30="",AB30="",AC30=""),"",AA30+AB30+AC30+AD30-AE30) -> 7952 | AH30: =IF(OR(I31=""),"",I31-I30) -> 169776 | AI30: =IF(OR(J31=""),"",J31-J30) -> 5507 | AJ30: =IF(OR(AH30="",AI30=""),"",AH30-AI30) -> 164269 | AK30: 4500 | AL30: =IF(OR(L31="",M31=""),"",ROUND((L31-L30+M31-M30)*1200,0)) -> 5364 | AM30: =IF(OR(N31=""),"",(ROUND((N31-N30)*2,0))) -> 26 | AN30: =IF(OR(S30=""),"",ROUND(S30*7.1,0)) -> 3195 | AO30: =IF(OR(T30=""),"",ROUND(T30*2.4,0)) -> 1128 | AP30: 1855 | AQ30: =IF(OR($AJ30=""),"",ROUND(AL30/$AJ30*1000,1)) -> 32.7 | AR30: =IF(OR($AJ30=""),"",ROUND(AM30/$AJ30*1000,2)) -> 0.16 | AS30: =IF(OR($AJ30=""),"",ROUND(AN30/$AJ30*1000,1)) -> 19.4 | AT30: =IF(OR($AJ30=""),"",ROUND(AO30/$AJ30*1000,2)) -> 6.87
A31: 43553 | B31: 陈智娇 | C31: 15856834 | D31: 18910812 | E31: 17583000 | F31: 17552000 | G31: 218457177 | H31: 104337810 | I31: 218457226 | J31: 104337810 | L31: 4246.2 | M31: 3752.95 | N31: 72662.52 | Q31: 20.9 | R31: 晴 | S31: 430 | T31: 460 | U31: 8349 | V31: 4090 | W31: 3.4 | X31: 2.31 | Y31: 254 | AA31: =IF(OR(C32=""),"",C32-C31) -> 40369 | AB31: =IF(OR(D32=""),"",D32-D31) -> 48353 | AC31: =IF(OR(E32=""),"",E32-E31) -> 46000 | AD31: =IF(OR(F32=""),"",F32-F31) -> 46000 | AE31: =IF(OR(G32=""),"",G32-G31) -> 171180 | AF31: =IF(OR(H32=""),"",H32-H31) -> 5515 | AG31: =IF(OR(AA31="",AB31="",AC31=""),"",AA31+AB31+AC31+AD31-AE31) -> 9542 | AH31: =IF(OR(I32=""),"",I32-I31) -> 170885 | AI31: =IF(OR(J32=""),"",J32-J31) -> 5515 | AJ31: =IF(OR(AH31="",AI31=""),"",AH31-AI31) -> 165370 | AK31: 4900 | AL31: =IF(OR(L32="",M32=""),"",ROUND((L32-L31+M32-M31)*1200,0)) -> 7392 | AM31: =IF(OR(N32=""),"",(ROUND((N32-N31)*2,0))) -> 35 | AN31: =IF(OR(S31=""),"",ROUND(S31*7.1,0)) -> 3053 | AO31: =IF(OR(T31=""),"",ROUND(T31*2.4,0)) -> 1104 | AP31: 2120 | AQ31: =IF(OR($AJ31=""),"",ROUND(AL31/$AJ31*1000,1)) -> 44.7 | AR31: =IF(OR($AJ31=""),"",ROUND(AM31/$AJ31*1000,2)) -> 0.21 | AS31: =IF(OR($AJ31=""),"",ROUND(AN31/$AJ31*1000,1)) -> 18.5 | AT31: =IF(OR($AJ31=""),"",ROUND(AO31/$AJ31*1000,2)) -> 6.68
A32: 43554 | B32: 陈智娇 | C32: 15897203 | D32: 18959165 | E32: 17629000 | F32: 17598000 | G32: 218628357 | H32: 104343325 | I32: 218628111 | J32: 104343325 | L32: 4246.2 | M32: 3759.11 | N32: 72680.19 | Q32: 21.6 | R32: 晴 | S32: 570 | T32: 590 | U32: 9012 | V32: 3604 | W32: 3.21 | X32: 2.26 | Y32: 11 | AA32: =IF(OR(C33=""),"",C33-C32) -> 40808 | AB32: =IF(OR(D33=""),"",D33-D32) -> 49149 | AC32: =IF(OR(E33=""),"",E33-E32) -> 47000 | AD32: =IF(OR(F33=""),"",F33-F32) -> 47000 | AE32: =IF(OR(G33=""),"",G33-G32) -> 172111 | AF32: =IF(OR(H33=""),"",H33-H32) -> 5495 | AG32: =IF(OR(AA32="",AB32="",AC32=""),"",AA32+AB32+AC32+AD32-AE32) -> 11846 | AH32: =IF(OR(I33=""),"",I33-I32) -> 172293 | AI32: =IF(OR(J33=""),"",J33-J32) -> 5495 | AJ32: =IF(OR(AH32="",AI32=""),"",AH32-AI32) -> 166798 | AK32: 4900 | AL32: =IF(OR(L33="",M33=""),"",ROUND((L33-L32+M33-M32)*1200,0)) -> 8640 | AM32: =IF(OR(N33=""),"",(ROUND((N33-N32)*2,0))) -> 36 | AN32: =IF(OR(S32=""),"",ROUND(S32*7.1,0)) -> 4047 | AO32: =IF(OR(T32=""),"",ROUND(T32*2.4,0)) -> 1416 | AP32: 1980 | AQ32: =IF(OR($AJ32=""),"",ROUND(AL32/$AJ32*1000,1)) -> 51.8 | AR32: =IF(OR($AJ32=""),"",ROUND(AM32/$AJ32*1000,2)) -> 0.22 | AS32: =IF(OR($AJ32=""),"",ROUND(AN32/$AJ32*1000,1)) -> 24.3 | AT32: =IF(OR($AJ32=""),"",ROUND(AO32/$AJ32*1000,2)) -> 8.49
A33: 43555 | B33: 陈智娇 | C33: 15938011 | D33: 19008314 | E33: 17676000 | F33: 17645000 | G33: 218800468 | H33: 104348820 | I33: 218800404 | J33: 104348820 | L33: 4246.2 | M33: 3766.31 | N33: 72697.95 | Q33: 19.6 | R33: 阴 | S33: 300 | T33: 330 | U33: 10256 | V33: 4125 | W33: 5.63 | X33: 2.51 | Y33: 604 | AA33: =IF(OR(C34=""),"",C34-C33) -> 43854 | AB33: =IF(OR(D34=""),"",D34-D33) -> 53525 | AC33: =IF(OR(E34=""),"",E34-E33) -> 50000 | AD33: =IF(OR(F34=""),"",F34-F33) -> 51000 | AE33: =IF(OR(G34=""),"",G34-G33) -> 181725 | AF33: =IF(OR(H34=""),"",H34-H33) -> 5500 | AG33: =IF(OR(AA33="",AB33="",AC33=""),"",AA33+AB33+AC33+AD33-AE33) -> 16654 | AH33: =IF(OR(I34=""),"",I34-I33) -> 181679 | AI33: =IF(OR(J34=""),"",J34-J33) -> 5500 | AJ33: =IF(OR(AH33="",AI33=""),"",AH33-AI33) -> 176179 | AK33: 5500 | AL33: =IF(OR(L34="",M34=""),"",ROUND((L34-L33+M34-M33)*1200,0)) -> 8424 | AM33: =IF(OR(N34=""),"",(ROUND((N34-N33)*2,0))) -> 36 | AN33: =IF(OR(S33=""),"",ROUND(S33*7.1,0)) -> 2130 | AO33: =IF(OR(T33=""),"",ROUND(T33*2.4,0)) -> 792 | AP33: 2360 | AQ33: =IF(OR($AJ33=""),"",ROUND(AL33/$AJ33*1000,1)) -> 47.8 | AR33: =IF(OR($AJ33=""),"",ROUND(AM33/$AJ33*1000,2)) -> 0.2 | AS33: =IF(OR($AJ33=""),"",ROUND(AN33/$AJ33*1000,1)) -> 12.1 | AT33: =IF(OR($AJ33=""),"",ROUND(AO33/$AJ33*1000,2)) -> 4.5
A34: 43556 | B34: 陈智娇 | C34: 15981865 | D34: 19061839 | E34: 17726000 | F34: 17696000 | G34: 218982193 | H34: 104354320 | I34: 218982083 | J34: 104354320 | L34: 4246.2 | M34: 3773.33 | N34: 72716 | R34: 雨
AA36: =IF(OR(C37=""),"",C37-C36) | AB36: =IF(OR(D37=""),"",D37-D36) | AC36: =IF(OR(E37=""),"",E37-E36) | AD36: =IF(OR(F37=""),"",F37-F36) | AE36: =IF(OR(G37=""),"",G37-G36) | AF36: =IF(OR(H37=""),"",H37-H36) | AG36: =IF(OR(AA36="",AB36="",AC36=""),"",AA36+AB36+AC36+AD36-AE36) | AH36: =SUM(AH3:AH34) -> 5567022 | AI36: =SUM(AI3:AI34) -> 166712 | AJ36: =SUM(AJ3:AJ34) -> 5400310 | AK36: =SUM(AK3:AK34) -> 123185 | AL36: =SUM(AL3:AL34) -> 224076 | AM36: =SUM(AM3:AM34) -> 812 | AN36: =SUM(AN3:AN34) -> 89673 | AO36: =SUM(AO3:AO34) -> 31920 | AQ36: =IF(OR($AJ36=0),"",ROUND(AL36/$AJ36*1000,1)) -> 41.5 | AR36: =IF(OR($AJ36=0),"",ROUND(AM36/$AJ36*1000,2)) -> 0.15 | AS36: =IF(OR($AJ36=0),"",ROUND(AN36/$AJ36*1000,1)) -> 16.6 | AT36: =IF(OR($AJ36=0),"",ROUND(AO36/$AJ36*1000,2)) -> 5.91

Sheet 4
B2: 记录人 | C2: 一期左进水 流量计读数 | D2: 一期右进水 流量计读数 | E2: 二期左进水 流量计读数 | F2: 二期右进水 流量计读数 | G2: 现场出水 流量计读数 | H2: 现场回用水 读数 | I2: 出水流量计 读数（网站） | J2: 回用水流量 （网站） | K2: 污泥流量 计读数 | L2: PAC2#流量计读数 | M2: PAC3#流量计读数 | N2: PAM流量 计读数 | O2: 盐酸流量 计读数 | P2: 氯酸钠流 量计读数 | Q2: 生反池 水温 | R2: 天气 (阴晴雨) | S2: 盐酸液位 差（CM） | T2: 氯酸钠液位差 差（CM） | U2: 最高流量 m3/h | V2: 最低流量 m3/h | W2: 最高液位 m | X2: 最低液位 m | Y2: 超液位时 间（分） | Z2: 备注 | AA2: 一期左 进水流量 | AB2: 一期右 进水流量 | AC2: 二期左 进水流量 | AD2: 二期右 进水流量 | AE2: 现场出水 流量 | AF2: 现场回用水 流量 | AG2: 进出水 流量差 | AH2: 出水流量（网站） | AI2: 回用水流量（网站） | AJ2: 实际处理量（网站） | AK2: 排泥量 m3 | AL2: PAC量 kg | AM2: PAM量 kg | AN2: 盐酸量 kg | AO2: 氯酸钠量 kg | AP2: 碳源用量 kg | AQ2: PAC单耗 ppm | AR2: PAM单耗 ppm | AS2: 盐酸单耗 ppm | AT2: 氯酸钠单耗 ppm
A3: 43556 | B3: ='3'!B34 -> 陈智娇 | C3: ='3'!C34 -> 15981865 | D3: ='3'!D34 -> 19061839 | E3: ='3'!E34 -> 17726000 | F3: ='3'!F34 -> 17696000 | G3: ='3'!G34 -> 218982193 | H3: ='3'!H34 -> 104354320 | I3: ='3'!I34 -> 218982083 | ... R3: ='3'!R34 -> 雨 | S3: 380 | T3: 400 | U3: 10256 | V3: 9012 | W3: 6.78 | X3: 5.3 | Y3: 1430 | AA3: =IF(OR(C4=""),"",C4-C3) -> 49349 | AB3: =IF(OR(D4=""),"",D4-D3) -> 61343 | AC3: =IF(OR(E4=""),"",E4-E3) -> 28000 | AD3: =IF(OR(F4=""),"",F4-F3) -> 87000 | AE3: =IF(OR(G4=""),"",G4-G3) -> 204896 | AF3: =IF(OR(H4=""),"",H4-H3) -> 5226 | AG3: =IF(OR(AA3="",AB3="",AC3=""),"",AA3+AB3+AC3+AD3-AE3) -> 20796 | AH3: =IF(OR(I4=""),"",I4-I3) -> 206129 | AI3: =IF(OR(J4=""),"",J4-J3) -> 5226 | AJ3: =IF(OR(AH3="",AI3=""),"",AH3-AI3) -> 200903 | AK3: 5500 | AL3: =IF(OR(L4="",M4=""),"",ROUND((L4-L3+M4-M3)*1200,0)) -> 7980 | AM3: =IF(OR(N4=""),"",(ROUND((N4-N3)*2,0))) -> 42 | AN3: =IF(OR(S3=""),"",ROUND(S3*7.1,0)) -> 2698 | AO3: =IF(OR(T3=""),"",ROUND(T3*2.4,0)) -> 960 | AP3: 1820 | AQ3: =IF(OR($AJ3=""),"",ROUND(AL3/$AJ3*1000,1)) -> 39.7 | AR3: =IF(OR($AJ3=""),"",ROUND(AM3/$AJ3*1000,2)) -> 0.21 | AS3: =IF(OR($AJ3=""),"",ROUND(AN3/$AJ3*1000,1)) -> 13.4 | AT3: =IF(OR($AJ3=""),"",ROUND(AO3/$AJ3*1000,2)) -> 4.78
A4: 43557 | B4: 陈智娇 | C4: 16031214 | D4: 19123182 | E4: 17754000 | F4: 17783000 | G4: 219187089 | H4: 104359546 | I4: 219188212 | J4: 104359546 | L4: 4246.2 | M4: 3779.98 | N4: 72736.82 | Q4: 20.7 | R4: 阴 | S4: 370 | T4: 390 | U4: 9287 | V4: 8268 | W4: 5.98 | X4: 4.86 | Y4: 1436 | AA4: =IF(OR(C5=""),"",C5-C4) -> 48091 | AB4: =IF(OR(D5=""),"",D5-D4) -> 58239 | AC4: =IF(OR(E5=""),"",E5-E4) -> 56000 | AD4: =IF(OR(F5=""),"",F5-F4) -> 54000 | AE4: =IF(OR(G5=""),"",G5-G4) -> 206202 | AF4: =IF(OR(H5=""),"",H5-H4) -> 5468 | AG4: =IF(OR(AA4="",AB4="",AC4=""),"",AA4+AB4+AC4+AD4-AE4) -> 10128 | AH4: =IF(OR(I5=""),"",I5-I4) -> 207202 | AI4: =IF(OR(J5=""),"",J5-J4) -> 5468 | AJ4: =IF(OR(AH4="",AI4=""),"",AH4-AI4) -> 201734 | AK4: 5300 | AL4: =IF(OR(L5="",M5=""),"",ROUND((L5-L4+M5-M4)*1200,0)) -> 8352 | AM4: =IF(OR(N5=""),"",(ROUND((N5-N4)*2,0))) -> 43 | AN4: =IF(OR(S4=""),"",ROUND(S4*7.1,0)) -> 2627 | AO4: =IF(OR(T4=""),"",ROUND(T4*2.4,0)) -> 936 | AP4: 1850 | AQ4: =IF(OR($AJ4=""),"",ROUND(AL4/$AJ4*1000,1)) -> 41.4 | AR4: =IF(OR($AJ4=""),"",ROUND(AM4/$AJ4*1000,2)) -> 0.21 | AS4: =IF(OR($AJ4=""),"",ROUND(AN4/$AJ4*1000,1)) -> 13 | AT4: =IF(OR($AJ4=""),"",ROUND(AO4/$AJ4*1000,2)) -> 4.64
A5: 43558 | B5: 仇昊 | C5: 16079305 | D5: 19181421 | E5: 17810000 | F5: 17837000 | G5: 219393291 | H5: 104365014 | I5: 219395414 | J5: 104365014 | L5: 4246.2 | M5: 3786.94 | N5: 72758.22 | Q5: 18.6 | R5: 阴 | S5: 200 | T5: 220 | U5: 9586 | V5: 2258 | W5: 5.32 | X5: 2.18 | Y5: 1063 | AA5: =IF(OR(C6=""),"",C6-C5) -> 44647 | AB5: =IF(OR(D6=""),"",D6-D5) -> 54300 | AC5: =IF(OR(E6=""),"",E6-E5) -> 78000 | AD5: =IF(OR(F6=""),"",F6-F5) -> 25000 | AE5: =IF(OR(G6=""),"",G6-G5) -> 201749 | AF5: =IF(OR(H6=""),"",H6-H5) -> 5549 | AG5: =IF(OR(AA5="",AB5="",AC5=""),"",AA5+AB5+AC5+AD5-AE5) -> 198 | AH5: =IF(OR(I6=""),"",I6-I5) -> 199609 | AI5: =IF(OR(J6=""),"",J6-J5) -> 5549 | AJ5: =IF(OR(AH5="",AI5=""),"",AH5-AI5) -> 194060 | AK5: 5000 | AL5: =IF(OR(L6="",M6=""),"",ROUND((L6-L5+M6-M5)*1200,0)) -> 3204 | AM5: =IF(OR(N6=""),"",(ROUND((N6-N5)*2,0))) -> 17 | AN5: =IF(OR(S5=""),"",ROUND(S5*7.1,0)) -> 1420 | AO5: =IF(OR(T5=""),"",ROUND(T5*2.4,0)) -> 528 | AP5: 2760 | AQ5: =IF(OR($AJ5=""),"",ROUND(AL5/$AJ5*1000,1)) -> 16.5 | AR5: =IF(OR($AJ5=""),"",ROUND(AM5/$AJ5*1000,2)) -> 0.09 | AS5: =IF(OR($AJ5=""),"",ROUND(AN5/$AJ5*1000,1)) -> 7.3 | AT5: =IF(OR($AJ5=""),"",ROUND(AO5/$AJ5*1000,2)) -> 2.72
A6: 43559 | B6: 胡叶青 | C6: 16123952 | D6: 19235721 | E6: 17888000 | F6: 17862000 | G6: 219595040 | H6: 104370563 | I6: 219595023 | J6: 104370563 | L6: 4246.2 | M6: 3789.61 | N6: 72766.81 | Q6: 18.8 | R6: 晴 | S6: 170 | T6: 180 | U6: 10227 | V6: 2753 | W6: 3.07 | X6: 2.45 | Y6: 1040 | AA6: =IF(OR(C7=""),"",C7-C6) -> 36194 | AB6: =IF(OR(D7=""),"",D7-D6) -> 44021 | AC6: =IF(OR(E7=""),"",E7-E6) -> 43000 | AD6: =IF(OR(F7=""),"",F7-F6) -> 43000 | AE6: =IF(OR(G7=""),"",G7-G6) -> 157592 | AF6: =IF(OR(H7=""),"",H7-H6) -> 5508 | AG6: =IF(OR(AA6="",AB6="",AC6=""),"",AA6+AB6+AC6+AD6-AE6) -> 8623 | AH6: =IF(OR(I7=""),"",I7-I6) -> 157304 | AI6: =IF(OR(J7=""),"",J7-J6) -> 5508 | AJ6: =IF(OR(AH6="",AI6=""),"",AH6-AI6) -> 151796 | AK6: 5000 | AL6: =IF(OR(L7="",M7=""),"",ROUND((L7-L6+M7-M6)*1200,0)) -> 6468 | AM6: =IF(OR(N7=""),"",(ROUND((N7-N6)*2,0))) -> 42 | AN6: =IF(OR(S6=""),"",ROUND(S6*7.1,0)) -> 1207 | AO6: =IF(OR(T6=""),"",ROUND(T6*2.4,0)) -> 432 | AP6: 1310 | AQ6: =IF(OR($AJ6=""),"",ROUND(AL6/$AJ6*1000,1)) -> 42.6 | AR6: =IF(OR($AJ6=""),"",ROUND(AM6/$AJ6*1000,2)) -> 0.28 | AS6: =IF(OR($AJ6=""),"",ROUND(AN6/$AJ6*1000,1)) -> 8 | AT6: =IF(OR($AJ6=""),"",ROUND(AO6/$AJ6*1000,2)) -> 2.85
A7: 43560 | B7: 潘汝鑫 | C7: 16160146 | D7: 19279742 | E7: 17931000 | F7: 17905000 | G7: 219752632 | H7: 104376071 | I7: 219752327 | J7: 104376071 | L7: 4246.2 | M7: 3795 | N7: 72787.97 | Q7: 18.7 | R7: 晴 | S7: 350 | T7: 370 | U7: 6152 | V7: 2985 | W7: 4.32 | X7: 2.41 | Y7: 1195 | AA7: =IF(OR(C8=""),"",C8-C7) -> 30276 | AB7: =IF(OR(D8=""),"",D8-D7) -> 35368 | AC7: =IF(OR(E8=""),"",E8-E7) -> 34000 | AD7: =IF(OR(F8=""),"",F8-F7) -> 34000 | AE7: =IF(OR(G8=""),"",G8-G7) -> 122963 | AF7: =IF(OR(H8=""),"",H8-H7) -> 5472 | AG7: =IF(OR(AA7="",AB7="",AC7=""),"",AA7+AB7+AC7+AD7-AE7) -> 10681 | AH7: =IF(OR(I8=""),"",I8-I7) -> 123116 | AI7: =IF(OR(J8=""),"",J8-J7) -> 5472 | AJ7: =IF(OR(AH7="",AI7=""),"",AH7-AI7) -> 117644 | AK7: 5200 | AL7: =IF(OR(L8="",M8=""),"",ROUND((L8-L7+M8-M7)*1200,0)) -> 8544 | AM7: =IF(OR(N8=""),"",(ROUND((N8-N7)*2,0))) -> 43 | AN7: =IF(OR(S7=""),"",ROUND(S7*7.1,0)) -> 2485 | AO7: =IF(OR(T7=""),"",ROUND(T7*2.4,0)) -> 888 | AP7: 1830 | AQ7: =IF(OR($AJ7=""),"",ROUND(AL7/$AJ7*1000,1)) -> 72.6 | AR7: =IF(OR($AJ7=""),"",ROUND(AM7/$AJ7*1000,2)) -> 0.37 | AS7: =IF(OR($AJ7=""),"",ROUND(AN7/$AJ7*1000,1)) -> 21.1 | AT7: =IF(OR($AJ7=""),"",ROUND(AO7/$AJ7*1000,2)) -> 7.55
A8: 43561 | B8: 易萍 | C8: 16190422 | D8: 19315110 | E8: 17965000 | F8: 17939000 | G8: 219875595 | H8: 104381543 | I8: 219875443 | J8: 104381543 | L8: 4246.2 | M8: 3802.12 | N8: 72809.7 | Q8: 19.2 | R8: 阴 | S8: 450 | T8: 460 | U8: 7947 | V8: 6011 | W8: 6.63 | X8: 4.6 | Y8: 1434 | AA8: =IF(OR(C9=""),"",C9-C8) -> 36346 | AB8: =IF(OR(D9=""),"",D9-D8) -> 41997 | AC8: =IF(OR(E9=""),"",E9-E8) -> 42000 | AD8: =IF(OR(F9=""),"",F9-F8) -> 42000 | AE8: =IF(OR(G9=""),"",G9-G8) -> 156547 | AF8: =IF(OR(H9=""),"",H9-H8) -> 5493 | AG8: =IF(OR(AA8="",AB8="",AC8=""),"",AA8+AB8+AC8+AD8-AE8) -> 5796 | AH8: =IF(OR(I9=""),"",I9-I8) -> 156528 | AI8: =IF(OR(J9=""),"",J9-J8) -> 5493 | AJ8: =IF(OR(AH8="",AI8=""),"",AH8-AI8) -> 151035 | AK8: 4200 | AL8: =IF(OR(L9="",M9=""),"",ROUND((L9-L8+M9-M8)*1200,0)) -> 7008 | AM8: =IF(OR(N9=""),"",(ROUND((N9-N8)*2,0))) -> 42 | AN8: =IF(OR(S8=""),"",ROUND(S8*7.1,0)) -> 3195 | AO8: =IF(OR(T8=""),"",ROUND(T8*2.4,0)) -> 1104 | AP8: 1850 | AQ8: =IF(OR($AJ8=""),"",ROUND(AL8/$AJ8*1000,1)) -> 46.4 | AR8: =IF(OR($AJ8=""),"",ROUND(AM8/$AJ8*1000,2)) -> 0.28 | AS8: =IF(OR($AJ8=""),"",ROUND(AN8/$AJ8*1000,1)) -> 21.2 | AT8: =IF(OR($AJ8=""),"",ROUND(AO8/$AJ8*1000,2)) -> 7.31
A9: 43562 | B9: 易萍 | C9: 16226768 | D9: 19357107 | E9: 18007000 | F9: 17981000 | G9: 220032142 | H9: 104387036 | I9: 220031971 | J9: 104387036 | L9: 4246.2 | M9: 3807.96 | N9: 72830.86 | Q9: 20.9 | R9: 晴 | S9: 680 | T9: 700 | U9: 9341 | V9: 7521 | W9: 7.78 | X9: 5.23 | Y9: 1435 | AA9: =IF(OR(C10=""),"",C10-C9) -> 42270 | AB9: =IF(OR(D10=""),"",D10-D9) -> 48318 | AC9: =IF(OR(E10=""),"",E10-E9) -> 50000 | AD9: =IF(OR(F10=""),"",F10-F9) -> 50000 | AE9: =IF(OR(G10=""),"",G10-G9) -> 151245 | AF9: =IF(OR(H10=""),"",H10-H9) -> 5602 | AG9: =IF(OR(AA9="",AB9="",AC9=""),"",AA9+AB9+AC9+AD9-AE9) -> 39343 | AH9: =IF(OR(I10=""),"",I10-I9) -> 148601 | AI9: =IF(OR(J10=""),"",J10-J9) -> 5602 | AJ9: =IF(OR(AH9="",AI9=""),"",AH9-AI9) -> 142999 | AK9: 4000 | AL9: =IF(OR(L10="",M10=""),"",ROUND((L10-L9+M10-M9)*1200,0)) -> 7116 | AM9: =IF(OR(N10=""),"",(ROUND((N10-N9)*2,0))) -> 43 | AN9: =IF(OR(S9=""),"",ROUND(S9*7.1,0)) -> 4828 | AO9: =IF(OR(T9=""),"",ROUND(T9*2.4,0)) -> 1680 | AP9: 2330 | AQ9: =IF(OR($AJ9=""),"",ROUND(AL9/$AJ9*1000,1)) -> 49.8 | AR9: =IF(OR($AJ9=""),"",ROUND(AM9/$AJ9*1000,2)) -> 0.3 | AS9: =IF(OR($AJ9=""),"",ROUND(AN9/$AJ9*1000,1)) -> 33.8 | AT9: =IF(OR($AJ9=""),"",ROUND(AO9/$AJ9*1000,2)) -> 11.75
A10: 43563 | B10: 易萍 | C10: 16269038 | D10: 19405425 | E10: 18057000 | F10: 18031000 | G10: 220183387 | H10: 104392638 | I10: 220180572 | J10: 104392638 | L10: 4246.2 | M10: 3813.89 | N10: 72852.38 | Q10: 21 | R10: 晴 | S10: 300 | T10: 330 | U10: 10201 | V10: 7647 | W10: 7.37 | X10: 5.98 | Y10: 1437 | AA10: =IF(OR(C11=""),"",C11-C10) -> 49179 | AB10: =IF(OR(D11=""),"",D11-D10) -> 62072 | AC10: =IF(OR(E11=""),"",E11-E10) -> 64000 | AD10: =IF(OR(F11=""),"",F11-F10) -> 64000 | AE10: =IF(OR(G11=""),"",G11-G10) -> 189565 | AF10: =IF(OR(H11=""),"",H11-H10) -> 5446 | AG10: =IF(OR(AA10="",AB10="",AC10=""),"",AA10+AB10+AC10+AD10-AE10) -> 49686 | AH10: =IF(OR(I11=""),"",I11-I10) -> 191421 | AI10: =IF(OR(J11=""),"",J11-J10) -> 5446 | AJ10: =IF(OR(AH10="",AI10=""),"",AH10-AI10) -> 185975 | AK10: 3800 | AL10: =IF(OR(L11="",M11=""),"",ROUND((L11-L10+M11-M10)*1200,0)) -> 6816 | AM10: =IF(OR(N11=""),"",(ROUND((N11-N10)*2,0))) -> 42 | AN10: =IF(OR(S10=""),"",ROUND(S10*7.1,0)) -> 2130 | AO10: =IF(OR(T10=""),"",ROUND(T10*2.4,0)) -> 792 | AP10: 1650 | AQ10: =IF(OR($AJ10=""),"",ROUND(AL10/$AJ10*1000,1)) -> 36.7 | AR10: =IF(OR($AJ10=""),"",ROUND(AM10/$AJ10*1000,2)) -> 0.23 | AS10: =IF(OR($AJ10=""),"",ROUND(AN10/$AJ10*1000,1)) -> 11.5 | AT10: =IF(OR($AJ10=""),"",ROUND(AO10/$AJ10*1000,2)) -> 4.26
A11: 43564 | B11: 易萍 | C11: 16318217 | D11: 19467497 | E11: 18121000 | F11: 18095000 | G11: 220372952 | H11: 104398084 | I11: 220371993 | J11: 104398084 | L11: 4246.2 | M11: 3819.57 | N11: 72873.59 | Q11: 21 | R11: 晴 | S11: 200 | T11: 210 | U11: 10425 | V11: 9745 | W11: 5.96 | X11: 4.46 | Y11: 1430 | AA11: =IF(OR(C12=""),"",C12-C11) -> 49168 | AB11: =IF(OR(D12=""),"",D12-D11) -> 63273 | AC11: =IF(OR(E12=""),"",E12-E11) -> 65000 | AD11: =IF(OR(F12=""),"",F12-F11) -> 66000 | AE11: =IF(OR(G12=""),"",G12-G11) -> 208583 | AF11: =IF(OR(H12=""),"",H12-H11) -> 5502 | AG11: =IF(OR(AA11="",AB11="",AC11=""),"",AA11+AB11+AC11+AD11-AE11) -> 34858 | AH11: =IF(OR(I12=""),"",I12-I11) -> 209098 | AI11: =IF(OR(J12=""),"",J12-J11) -> 5502 | AJ11: =IF(OR(AH11="",AI11=""),"",AH11-AI11) -> 203596 | AK11: 4200 | AL11: =IF(OR(L12="",M12=""),"",ROUND((L12-L11+M12-M11)*1200,0)) -> 1428 | AM11: =IF(OR(N12=""),"",(ROUND((N12-N11)*2,0))) -> 0 | AN11: =IF(OR(S11=""),"",ROUND(S11*7.1,0)) -> 1420 | AO11: =IF(OR(T11=""),"",ROUND(T11*2.4,0)) -> 504 | AP11: 1610 | AQ11: =IF(OR($AJ11=""),"",ROUND(AL11/$AJ11*1000,1)) -> 7 | AR11: =IF(OR($AJ11=""),"",ROUND(AM11/$AJ11*1000,2)) -> 0 | AS11: =IF(OR($AJ11=""),"",ROUND(AN11/$AJ11*1000,1)) -> 7 | AT11: =IF(OR($AJ11=""),"",ROUND(AO11/$AJ11*1000,2)) -> 2.48
A12: 43565 | B12: 陈智娇 | C12: 16367385 | D12: 19530770 | E12: 18186000 | F12: 18161000 | G12: 220581535 | H12: 104403586 | I12: 220581091 | J12: 104403586 | L12: 4246.2 | M12: 3820.76 | N12: 72873.46 | Q12: 21.6 | R12: 晴 | S12: 210 | T12: 230 | U12: 10733 | V12: 9880 | W12: 2.61 | X12: 4.29 | Y12: 707 | AA12: =IF(OR(C13=""),"",C13-C12) -> 48765 | AB12: 63813 | AC12: =IF(OR(E13=""),"",E13-E12) -> 66000 | AD12: =IF(OR(F13=""),"",F13-F12) -> 68000 | AE12: =IF(OR(G13=""),"",G13-G12) -> 211104 | AF12: =IF(OR(H13=""),"",H13-H12) -> 4575 | AG12: =IF(OR(AA12="",AB12="",AC12=""),"",AA12+AB12+AC12+AD12-AE12) -> 35474 | AH12: =IF(OR(I13=""),"",I13-I12) -> 213608 | AI12: =IF(OR(J13=""),"",J13-J12) -> 4575 | AJ12: =IF(OR(AH12="",AI12=""),"",AH12-AI12) -> 209033 | AK12: 4000 | AL12: =IF(OR(L13="",M13=""),"",ROUND((L13-L12+M13-M12)*1200,0)) -> 0 | AM12: =IF(OR(N13=""),"",(ROUND((N13-N12)*2,0))) -> 0 | AN12: =IF(OR(S12=""),"",ROUND(S12*7.1,0)) -> 1491 | AO12: =IF(OR(T12=""),"",ROUND(T12*2.4,0)) -> 552 | AP12: 1790 | AQ12: =IF(OR($AJ12=""),"",ROUND(AL12/$AJ12*1000,1)) -> 0 | AR12: =IF(OR($AJ12=""),"",ROUND(AM12/$AJ12*1000,2)) -> 0 | AS12: =IF(OR($AJ12=""),"",ROUND(AN12/$AJ12*1000,1)) -> 7.1 | AT12: =IF(OR($AJ12=""),"",ROUND(AO12/$AJ12*1000,2)) -> 2.64
A13: 43566 | B13: 仇昊 | C13: 16416150 | D13: 58591 | E13: 18252000 | F13: 18229000 | G13: 220792639 | H13: 104408161 | I13: 220794699 | J13: 104408161 | L13: 4246.2 | M13: 3820.76 | N13: 72873.46 | Q13: 20.8 | R13: 阴 | S13: 430 | T13: 450 | U13: 10325 | V13: 7251 | W13: 6.93 | X13: 2.73 | Y13: 969 | AA13: =IF(OR(C14=""),"",C14-C13) -> 47727 | AB13: =IF(OR(D14=""),"",D14-D13) -> 61105 | AC13: =IF(OR(E14=""),"",E14-E13) -> 60000 | AD13: =IF(OR(F14=""),"",F14-F13) -> 62000 | AE13: =IF(OR(G14=""),"",G14-G13) -> 211004 | AF13: =IF(OR(H14=""),"",H14-H13) -> 5966 | AG13: =IF(OR(AA13="",AB13="",AC13=""),"",AA13+AB13+AC13+AD13-AE13) -> 19828 | AH13: =IF(OR(I14=""),"",I14-I13) -> 209225 | AI13: =IF(OR(J14=""),"",J14-J13) -> 5966 | AJ13: =IF(OR(AH13="",AI13=""),"",AH13-AI13) -> 203259 | AK13: 4180 | AL13: =IF(OR(L14="",M14=""),"",ROUND((L14-L13+M14-M13)*1200,0)) -> 2544 | AM13: =IF(OR(N14=""),"",(ROUND((N14-N13)*2,0))) -> 12 | AN13: =IF(OR(S13=""),"",ROUND(S13*7.1,0)) -> 3053 | AO13: =IF(OR(T13=""),"",ROUND(T13*2.4,0)) -> 1080 | AP13: 3580 | AQ13: =IF(OR($AJ13=""),"",ROUND(AL13/$AJ13*1000,1)) -> 12.5 | AR13: =IF(OR($AJ13=""),"",ROUND(AM13/$AJ13*1000,2)) -> 0.06 | AS13: =IF(OR($AJ13=""),"",ROUND(AN13/$AJ13*1000,1)) -> 15 | AT13: =IF(OR($AJ13=""),"",ROUND(AO13/$AJ13*1000,2)) -> 5.31
A14: 43567 | B14: 易萍 | C14: 16463877 | D14: 119696 | E14: 18312000 | F14: 18291000 | G14: 221003643 | H14: 104414127 | I14: 221003924 | J14: 104414127 | L14: 4246.2 | M14: 3822.88 | N14: 72879.48 | Q14: 21.2 | R14: 雨 | S14: 520 | T14: 500 | U14: 9315 | V14: 8524 | W14: 7.57 | X14: 6.88 | Y14: 1433 | AA14: =IF(OR(C15=""),"",C15-C14) -> 47594 | AB14: =IF(OR(D15=""),"",D15-D14) -> 58179 | AC14: =IF(OR(E15=""),"",E15-E14) -> 54000 | AD14: =IF(OR(F15=""),"",F15-F14) -> 54000 | AE14: =IF(OR(G15=""),"",G15-G14) -> 205335 | AF14: =IF(OR(H15=""),"",H15-H14) -> 4993 | AG14: =IF(OR(AA14="",AB14="",AC14=""),"",AA14+AB14+AC14+AD14-AE14) -> 8438 | AH14: =IF(OR(G15=""),"",G15-I14) -> 205054 | AI14: =IF(OR(J15=""),"",J15-J14) -> 4993 | AJ14: =IF(OR(AH14="",AI14=""),"",AH14-AI14) -> 200061 | AK14: 3780 | AL14: =IF(OR(L15="",M15=""),"",ROUND((L15-L14+M15-M14)*1200,0)) -> 7188 | AM14: =IF(OR(N15=""),"",(ROUND((N15-N14)*2,0))) -> 39 | AN14: =IF(OR(S14=""),"",ROUND(S14*7.1,0)) -> 3692 | AO14: =IF(OR(T14=""),"",ROUND(T14*2.4,0)) -> 1200 | AP14: 1860 | AQ14: =IF(OR($AJ14=""),"",ROUND(AL14/$AJ14*1000,1)) -> 35.9 | AR14: =IF(OR($AJ14=""),"",ROUND(AM14/$AJ14*1000,2)) -> 0.19 | AS14: =IF(OR($AJ14=""),"",ROUND(AN14/$AJ14*1000,1)) -> 18.5 | AT14: =IF(OR($AJ14=""),"",ROUND(AO14/$AJ14*1000,2)) -> 6
A15: 43568 | B15: 潘汝鑫 | C15: 16511471 | D15: 177875 | E15: 18366000 | F15: 18345000 | G15: 221208978 | H15: 104419120 | I15: 221208950 | J15: 104419120 | L15: 4246.2 | M15: 3828.87 | N15: 72898.76 | Q15: 19.7 | R15: 阴 | S15: 600 | T15: 610 | U15: 9567 | V15: 7847 | W15: 7.14 | X15: 6.74 | Y15: 1433 | AA15: =IF(OR(C16=""),"",C16-C15) -> 48553 | AB15: =IF(OR(D16=""),"",D16-D15) -> 60491 | AC15: =IF(OR(E16=""),"",E16-E15) -> 56000 | AD15: =IF(OR(F16=""),"",F16-F15) -> 58000 | AE15: =IF(OR(G16=""),"",G16-G15) -> 209015 | AF15: =IF(OR(H16=""),"",H16-H15) -> 6078 | AG15: =IF(OR(AA15="",AB15="",AC15=""),"",AA15+AB15+AC15+AD15-AE15) -> 14029 | AH15: =IF(OR(I16=""),"",I16-G15) -> 209528 | AI15: =IF(OR(J16=""),"",J16-J15) -> 6078 | AJ15: =IF(OR(AH15="",AI15=""),"",AH15-AI15) -> 203450 | AK15: 3640 | AL15: =IF(OR(L16="",M16=""),"",ROUND((L16-L15+M16-M15)*1200,0)) -> 2724 | AM15: =IF(OR(N16=""),"",(ROUND((N16-N15)*2,0))) -> 16 | AN15: =IF(OR(S15=""),"",ROUND(S15*7.1,0)) -> 4260 | AO15: =IF(OR(T15=""),"",ROUND(T15*2.4,0)) -> 1464 | AP15: 1830 | AQ15: =IF(OR($AJ15=""),"",ROUND(AL15/$AJ15*1000,1)) -> 13.4 | AR15: =IF(OR($AJ15=""),"",ROUND(AM15/$AJ15*1000,2)) -> 0.08 | AS15: =IF(OR($AJ15=""),"",ROUND(AN15/$AJ15*1000,1)) -> 20.9 | AT15: =IF(OR($AJ15=""),"",ROUND(AO15/$AJ15*1000,2)) -> 7.2
A16: 43569 | B16: 易萍 | C16: 16560024 | D16: 238366 | E16: 18422000 | F16: 18403000 | G16: 221417993 | H16: 104425198 | I16: 221418506 | J16: 104425198 | L16: 4246.2 | M16: 3831.14 | N16: 72906.59 | Q16: 20 | R16: 阴 | S16: 460 | T16: 480 | U16: 10354 | V16: 7685 | W16: 6.8 | X16: 5.55 | Y16: 1431 | AA16: =IF(OR(C17=""),"",C17-C16) -> 55033 | AB16: =IF(OR(D17=""),"",D17-D16) -> 67040 | AC16: =IF(OR(E17=""),"",E17-E16) -> 59000 | AD16: =IF(OR(F17=""),"",F17-F16) -> 60000 | AE16: =IF(OR(G17=""),"",G17-G16) -> 210324 | AF16: =IF(OR(H17=""),"",H17-H16) -> 5517 | AG16: =IF(OR(AA16="",AB16="",AC16=""),"",AA16+AB16+AC16+AD16-AE16) -> 30749 | AH16: =IF(OR(I17=""),"",I17-I16) -> 209784 | AI16: =IF(OR(J17=""),"",J17-J16) -> 5517 | AJ16: =IF(OR(AH16="",AI16=""),"",AH16-AI16) -> 204267 | AK16: 4440 | AL16: =IF(OR(L17="",M17=""),"",ROUND((L17-L16+M17-M16)*1200,0)) -> 3192 | AM16: =IF(OR(N17=""),"",(ROUND((N17-N16)*2,0))) -> 12 | AN16: =IF(OR(S16=""),"",ROUND(S16*7.1,0)) -> 3266 | AO16: =IF(OR(T16=""),"",ROUND(T16*2.4,0)) -> 1152 | AP16: 1490 | AQ16: =IF(OR($AJ16=""),"",ROUND(AL16/$AJ16*1000,1)) -> 15.6 | AR16: =IF(OR($AJ16=""),"",ROUND(AM16/$AJ16*1000,2)) -> 0.06 | AS16: =IF(OR($AJ16=""),"",ROUND(AN16/$AJ16*1000,1)) -> 16 | AT16: =IF(OR($AJ16=""),"",ROUND(AO16/$AJ16*1000,2)) -> 5.64
A17: 43570 | B17: 易萍 | C17: 16615057 | D17: 305406 | E17: 18481000 | F17: 18463000 | G17: 221628317 | H17: 104430715 | I17: 221628290 | J17: 104430715 | L17: 4246.2 | M17: 3833.8 | N17: 72912.7 | Q17: 21 | R17: 阴 | S17: 450 | T17: 460 | U17: 10312 | V17: 8012 | W17: 6.61 | X17: 5.31 | Y17: 1434 | AA17: =IF(OR(C18=""),"",C18-C17) -> 48251 | AB17: =IF(OR(D18=""),"",D18-D17) -> 62114 | AC17: =IF(OR(E18=""),"",E18-E17) -> 61000 | AD17: =IF(OR(F18=""),"",F18-F17) -> 62000 | AE17: =IF(OR(G18=""),"",G18-G17) -> 213220 | AF17: =IF(OR(H18=""),"",H18-H17) -> 5500 | AG17: =IF(OR(AA17="",AB17="",AC17=""),"",AA17+AB17+AC17+AD17-AE17) -> 20145 | AH17: =IF(OR(I18=""),"",I18-I17) -> 213256 | AI17: =IF(OR(J18=""),"",J18-J17) -> 5500 | AJ17: =IF(OR(AH17="",AI17=""),"",AH17-AI17) -> 207756 | AK17: 4240 | AL17: =IF(OR(L18="",M18=""),"",ROUND((L18-L17+M18-M17)*1200,0)) -> 0 | AM17: =IF(OR(N18=""),"",(ROUND((N18-N17)*2,0))) -> 0 | AN17: =IF(OR(S17=""),"",ROUND(S17*7.1,0)) -> 3195 | AO17: =IF(OR(T17=""),"",ROUND(T17*2.4,0)) -> 1104 | AP17: 2020 | AQ17: =IF(OR($AJ17=""),"",ROUND(AL17/$AJ17*1000,1)) -> 0 | AR17: =IF(OR($AJ17=""),"",ROUND(AM17/$AJ17*1000,2)) -> 0 | AS17: =IF(OR($AJ17=""),"",ROUND(AN17/$AJ17*1000,1)) -> 15.4 | AT17: =IF(OR($AJ17=""),"",ROUND(AO17/$AJ17*1000,2)) -> 5.31
A18: 43571 | B18: 易萍 | C18: 16663308 | D18: 367520 | E18: 18542000 | F18: 18525000 | G18: 221841537 | H18: 104436215 | I18: 221841546 | J18: 104436215 | L18: 4246.2 | M18: 3833.8 | N18: 72912.7 | Q18: 20.8 | R18: 阴 | S18: 280 | T18: 300 | U18: 9263 | V18: 8547 | W18: 6.25 | X18: 5.47 | Y18: 1440 | AA18: =IF(OR(C19=""),"",C19-C18) -> 47317 | AB18: =IF(OR(D19=""),"",D19-D18) -> 57908 | AC18: =IF(OR(E19=""),"",E19-E18) -> 53000 | AD18: =IF(OR(F19=""),"",F19-F18) -> 60000 | AE18: =IF(OR(G19=""),"",G19-G18) -> 209654 | AF18: =IF(OR(H19=""),"",H19-H18) -> 5488 | AG18: =IF(OR(AA18="",AB18="",AC18=""),"",AA18+AB18+AC18+AD18-AE18) -> 8571 | AH18: =IF(OR(I19=""),"",I19-I18) -> 209726 | AI18: =IF(OR(J19=""),"",J19-J18) -> 5489 | AJ18: =IF(OR(AH18="",AI18=""),"",AH18-AI18) -> 204237 | AK18: 3720 | AL18: =IF(OR(L19="",M19=""),"",ROUND((L19-L18+M19-M18)*1200,0)) -> 0 | AM18: =IF(OR(N19=""),"",(ROUND((N19-N18)*2,0))) -> 0 | AN18: =IF(OR(S18=""),"",ROUND(S18*7.1,0)) -> 1988 | AO18: =IF(OR(T18=""),"",ROUND(T18*2.4,0)) -> 720 | AP18: 1860 | AQ18: =IF(OR($AJ18=""),"",ROUND(AL18/$AJ18*1000,1)) -> 0 | AR18: =IF(OR($AJ18=""),"",ROUND(AM18/$AJ18*1000,2)) -> 0 | AS18: =IF(OR($AJ18=""),"",ROUND(AN18/$AJ18*1000,1)) -> 9.7 | AT18: =IF(OR($AJ18=""),"",ROUND(AO18/$AJ18*1000,2)) -> 3.53
A19: 43572 | B19: 潘汝鑫 | C19: 16710625 | D19: 425428 | E19: 18595000 | F19: 18585000 | G19: 222051191 | H19: 104441703 | I19: 222051272 | J19: 104441704 | L19: 4246.2 | M19: 3833.8 | N19: 72912.7 | Q19: 19.8 | R19: 晴 | S19: 220 | T19: 230 | U19: 10425 | V19: 9152 | W19: 6.13 | X19: 4.53 | Y19: 1433 | AA19: =IF(OR(C20=""),"",C20-C19) -> 49668 | AB19: =IF(OR(D20=""),"",D20-D19) -> 63102 | AC19: =IF(OR(E20=""),"",E20-E19) -> 62000 | AD19: =IF(OR(F20=""),"",F20-F19) -> 58000 | AE19: =IF(OR(G20=""),"",G20-G19) -> 214513 | AF19: =IF(OR(H20=""),"",H20-H19) -> 5533 | AG19: =IF(OR(AA19="",AB19="",AC19=""),"",AA19+AB19+AC19+AD19-AE19) -> 18257 | AH19: =IF(OR(I20=""),"",I20-I19) -> 213119 | AI19: =IF(OR(J20=""),"",J20-J19) -> 5532 | AJ19: =IF(OR(AH19="",AI19=""),"",AH19-AI19) -> 207587 | AK19: 4200 | AL19: =IF(OR(L20="",M20=""),"",ROUND((L20-L19+M20-M19)*1200,0)) -> 492 | AM19: =IF(OR(N20=""),"",(ROUND((N20-N19)*2,0))) -> 0 | AN19: =IF(OR(S19=""),"",ROUND(S19*7.1,0)) -> 1562 | AO19: =IF(OR(T19=""),"",ROUND(T19*2.4,0)) -> 552 | AP19: 1850 | AQ19: =IF(OR($AJ19=""),"",ROUND(AL19/$AJ19*1000,1)) -> 2.4 | AR19: =IF(OR($AJ19=""),"",ROUND(AM19/$AJ19*1000,2)) -> 0 | AS19: =IF(OR($AJ19=""),"",ROUND(AN19/$AJ19*1000,1)) -> 7.5 | AT19: =IF(OR($AJ19=""),"",ROUND(AO19/$AJ19*1000,2)) -> 2.66
A20: 43573 | B20: 陈智娇 | C20: 16760293 | D20: 488530 | E20: 18657000 | F20: 18643000 | G20: 222265704 | H20: 104447236 | I20: 222264391 | J20: 104447236 | L20: 4246.2 | M20: 3834.21 | N20: 72912.8 | Q20: 21.6 | R20: 晴 | S20: 420 | T20: 430 | U20: 10349 | V20: 7512 | W20: 8.36 | X20: 2.76 | Y20: 1251 | AA20: =IF(OR(C21=""),"",C21-C20) -> 48504 | AB20: =IF(OR(D21=""),"",D21-D20) -> 62787 | AC20: =IF(OR(E21=""),"",E21-E20) -> 63000 | AD20: =IF(OR(F21=""),"",F21-F20) -> 66000 | AE20: =IF(OR(G21=""),"",G21-G20) -> 213390 | AF20: =IF(OR(H21=""),"",H21-H20) -> 5495 | AG20: =IF(OR(AA20="",AB20="",AC20=""),"",AA20+AB20+AC20+AD20-AE20) -> 26901 | AH20: =IF(OR(I21=""),"",I21-I20) -> 213626 | AI20: =IF(OR(J21=""),"",J21-J20) -> 5460 | AJ20: =IF(OR(AH20="",AI20=""),"",AH20-AI20) -> 208166 | AK20: 4600 | AL20: =IF(OR(L21="",M21=""),"",ROUND((L21-L20+M21-M20)*1200,0)) -> 468 | AM20: =IF(OR(N21=""),"",(ROUND((N21-N20)*2,0))) -> 2 | AN20: =IF(OR(S20=""),"",ROUND(S20*7.1,0)) -> 2982 | AO20: =IF(OR(T20=""),"",ROUND(T20*2.4,0)) -> 1032 | AP20: 1770 | AQ20: =IF(OR($AJ20=""),"",ROUND(AL20/$AJ20*1000,1)) -> 2.2 | AR20: =IF(OR($AJ20=""),"",ROUND(AM20/$AJ20*1000,2)) -> 0.01 | AS20: =IF(OR($AJ20=""),"",ROUND(AN20/$AJ20*1000,1)) -> 14.3 | AT20: =IF(OR($AJ20=""),"",ROUND(AO20/$AJ20*1000,2)) -> 4.96
A21: 43574 | B21: 易萍 | C21: 16808797 | D21: 551317 | E21: 18720000 | F21: 18709000 | G21: 222479094 | H21: 104452731 | I21: 222478017 | J21: 104452696 | L21: 4246.2 | M21: 3834.6 | N21: 72913.8 | Q21: 21.8 | R21: 晴 | S21: 600 | T21: 620 | U21: 10391 | V21: 3999 | W21: 6.92 | X21: 2.11 | Y21: 826 | AA21: =IF(OR(C22=""),"",C22-C21) -> 49707 | AB21: =IF(OR(D22=""),"",D22-D21) -> 60849 | AC21: =IF(OR(E22=""),"",E22-E21) -> 58000 | AD21: =IF(OR(F22=""),"",F22-F21) -> 58000 | AE21: =IF(OR(G22=""),"",G22-G21) -> 201558 | AF21: =IF(OR(H22=""),"",H22-H21) -> 5518 | AG21: =IF(OR(AA21="",AB21="",AC21=""),"",AA21+AB21+AC21+AD21-AE21) -> 24998 | AH21: =IF(OR(I22=""),"",I22-I21) -> 201487 | AI21: =IF(OR(J22=""),"",J22-J21) -> 5504 | AJ21: =IF(OR(AH21="",AI21=""),"",AH21-AI21) -> 195983 | AK21: 3600 | AL21: =IF(OR(L22="",M22=""),"",ROUND((L22-L21+M22-M21)*1200,0)) -> 4440 | AM21: =IF(OR(N22=""),"",(ROUND((N22-N21)*2,0))) -> 16 | AN21: =IF(OR(S21=""),"",ROUND(S21*7.1,0)) -> 4260 | AO21: =IF(OR(T21=""),"",ROUND(T21*2.4,0)) -> 1488 | AP21: 2480 | AQ21: =IF(OR($AJ21=""),"",ROUND(AL21/$AJ21*1000,1)) -> 22.7 | AR21: =IF(OR($AJ21=""),"",ROUND(AM21/$AJ21*1000,2)) -> 0.08 | AS21: =IF(OR($AJ21=""),"",ROUND(AN21/$AJ21*1000,1)) -> 21.7 | AT21: =IF(OR($AJ21=""),"",ROUND(AO21/$AJ21*1000,2)) -> 7.59
A22: 43575 | B22: 易萍 | C22: 16858504 | D22: 612166 | E22: 18778000 | F22: 18767000 | G22: 222680652 | H22: 104458249 | I22: 222679504 | J22: 104458200 | L22: 4246.2 | M22: 3838.3 | N22: 72921.8 | Q22: 21.5 | R22: 阴 | S22: 560 | T22: 590 | U22: 10265 | V22: 5123 | W22: 6.07 | X22: 2.19 | Y22: 291 | AA22: =IF(OR(C23=""),"",C23-C22) -> 47862 | AB22: =IF(OR(D23=""),"",D23-D22) -> 58787 | AC22: =IF(OR(E23=""),"",E23-E22) -> 50000 | AD22: =IF(OR(F23=""),"",F23-F22) -> 50000 | AE22: =IF(OR(G23=""),"",G23-G22) -> 178986 | AF22: =IF(OR(H23=""),"",H23-H22) -> 5501 | AG22: =IF(OR(AA22="",AB22="",AC22=""),"",AA22+AB22+AC22+AD22-AE22) -> 27663 | AH22: =IF(OR(I23=""),"",I23-I22) -> 179223 | AI22: =IF(OR(J23=""),"",J23-J22) -> 5496 | AJ22: =IF(OR(AH22="",AI22=""),"",AH22-AI22) -> 173727 | AK22: 4200 | AL22: =IF(OR(L23="",M23=""),"",ROUND((L23-L22+M23-M22)*1200,0)) -> 5040 | AM22: =IF(OR(N23=""),"",(ROUND((N23-N22)*2,0))) -> 15 | AN22: =IF(OR(S22=""),"",ROUND(S22*7.1,0)) -> 3976 | AO22: =IF(OR(T22=""),"",ROUND(T22*2.4,0)) -> 1416 | AP22: 1870 | AQ22: =IF(OR($AJ22=""),"",ROUND(AL22/$AJ22*1000,1)) -> 29 | AR22: =IF(OR($AJ22=""),"",ROUND(AM22/$AJ22*1000,2)) -> 0.09 | AS22: =IF(OR($AJ22=""),"",ROUND(AN22/$AJ22*1000,1)) -> 22.9 | AT22: =IF(OR($AJ22=""),"",ROUND(AO22/$AJ22*1000,2)) -> 8.15
A23: 43576 | B23: 易萍 | C23: 16906366 | D23: 670953 | E23: 18828000 | F23: 18817000 | G23: 222859638 | H23: 104463750 | I23: 222858727 | J23: 104463696 | L23: 4246.2 | M23: 3842.5 | N23: 72929.3 | Q23: 21.6 | R23: 阴 | S23: 460 | T23: 480 | U23: 10211 | V23: 4652 | W23: 4.94 | X23: 2.18 | Y23: 85 | AA23: =IF(OR(C24=""),"",C24-C23) -> 53584 | AB23: =IF(OR(D24=""),"",D24-D23) -> 64812 | AC23: =IF(OR(E24=""),"",E24-E23) -> 40000 | AD23: =IF(OR(F24=""),"",F24-F23) -> 40000 | AE23: =IF(OR(G24=""),"",G24-G23) -> 183173 | AF23: =IF(OR(H24=""),"",H24-H23) -> 5435 | AG23: =IF(OR(AA23="",AB23="",AC23=""),"",AA23+AB23+AC23+AD23-AE23) -> 15223 | AH23: =IF(OR(I24=""),"",I24-I23) -> 184240 | AI23: =IF(OR(J24=""),"",J24-J23) -> 5496 | AJ23: =IF(OR(AH23="",AI23=""),"",AH23-AI23) -> 178744 | AK23: 3520 | AL23: =IF(OR(L24="",M24=""),"",ROUND((L24-L23+M24-M23)*1200,0)) -> 3720 | AM23: =IF(OR(N24=""),"",(ROUND((N24-N23)*2,0))) -> 10 | AN23: =IF(OR(S23=""),"",ROUND(S23*7.1,0)) -> 3266 | AO23: =IF(OR(T23=""),"",ROUND(T23*2.4,0)) -> 1152 | AP23: 2010 | AQ23: =IF(OR($AJ23=""),"",ROUND(AL23/$AJ23*1000,1)) -> 20.8 | AR23: =IF(OR($AJ23=""),"",ROUND(AM23/$AJ23*1000,2)) -> 0.06 | AS23: =IF(OR($AJ23=""),"",ROUND(AN23/$AJ23*1000,1)) -> 18.3 | AT23: =IF(OR($AJ23=""),"",ROUND(AO23/$AJ23*1000,2)) -> 6.44
A24: 43577 | B24: 易萍 | C24: 16959950 | D24: 735765 | E24: 18868000 | F24: 18857000 | G24: 223042811 | H24: 104469185 | I24: 223042967 | J24: 104469192 | L24: 4246.2 | M24: 3845.6 | N24: 72934.1 | Q24: 21 | R24: 雨 | S24: 400 | T24: 420 | U24: 10302 | V24: 4878 | W24: 6.87 | X24: 2.3 | Y24: 1278 | AA24: =IF(OR(C25=""),"",C25-C24) -> 54259 | AB24: =IF(OR(D25=""),"",D25-D24) -> 67398 | AC24: =IF(OR(E25=""),"",E25-E24) -> 56000 | AD24: =IF(OR(F25=""),"",F25-F24) -> 57000 | AE24: =IF(OR(G25=""),"",G25-G24) -> 208471 | AF24: =IF(OR(H25=""),"",H25-H24) -> 5508 | AG24: =IF(OR(AA24="",AB24="",AC24=""),"",AA24+AB24+AC24+AD24-AE24) -> 26186 | AH24: =IF(OR(I25=""),"",I25-I24) -> 208294 | AI24: =IF(OR(J25=""),"",J25-J24) -> 5501 | AJ24: =IF(OR(AH24="",AI24=""),"",AH24-AI24) -> 202793 | AK24: 3840 | AL24: =IF(OR(L25="",M25=""),"",ROUND((L25-L24+M25-M24)*1200,0)) -> 0 | AM24: =IF(OR(N25=""),"",(ROUND((N25-N24)*2,0))) -> 0 | AN24: =IF(OR(S24=""),"",ROUND(S24*7.1,0)) -> 2840 | AO24: =IF(OR(T24=""),"",ROUND(T24*2.4,0)) -> 1008 | AP24: 1910 | AQ24: =IF(OR($AJ24=""),"",ROUND(AL24/$AJ24*1000,1)) -> 0 | AR24: =IF(OR($AJ24=""),"",ROUND(AM24/$AJ24*1000,2)) -> 0 | AS24: =IF(OR($AJ24=""),"",ROUND(AN24/$AJ24*1000,1)) -> 14 | AT24: =IF(OR($AJ24=""),"",ROUND(AO24/$AJ24*1000,2)) -> 4.97
A25: 43578 | B25: 易萍 | C25: 17014209 | D25: 803163 | E25: 18924000 | F25: 18914000 | G25: 223251282 | H25: 104474693 | I25: 223251261 | J25: 104474693 | L25: 4246.2 | M25: 3845.6 | N25: 72934.1 | Q25: 22 | R25: 晴 | S25: 360 | T25: 380 | U25: 10356 | V25: 8856 | W25: 5.95 | X25: 2.98 | Y25: 1404 | AA25: =IF(OR(C26=""),"",C26-C25) -> 58237 | AB25: =IF(OR(D26=""),"",D26-D25) -> 69406 | AC25: =IF(OR(E26=""),"",E26-E25) -> 58000 | AD25: =IF(OR(F26=""),"",F26-F25) -> 60000 | AE25: =IF(OR(G26=""),"",G26-G25) -> 206632 | AF25: =IF(OR(H26=""),"",H26-H25) -> 5383 | AG25: =IF(OR(AA25="",AB25="",AC25=""),"",AA25+AB25+AC25+AD25-AE25) -> 39011 | AH25: =IF(OR(I26=""),"",I26-I25) -> 210970 | AI25: =IF(OR(J26=""),"",J26-J25) -> 5383 | AJ25: =IF(OR(AH25="",AI25=""),"",AH25-AI25) -> 205587 | AK25: 3500 | AL25: =IF(OR(L26="",M26=""),"",ROUND((L26-L25+M26-M25)*1200,0)) -> 0 | AM25: =IF(OR(N26=""),"",(ROUND((N26-N25)*2,0))) -> 0 | AN25: =IF(OR(S25=""),"",ROUND(S25*7.1,0)) -> 2556 | AO25: =IF(OR(T25=""),"",ROUND(T25*2.4,0)) -> 912 | AP25: 1480 | AQ25: =IF(OR($AJ25=""),"",ROUND(AL25/$AJ25*1000,1)) -> 0 | AR25: =IF(OR($AJ25=""),"",ROUND(AM25/$AJ25*1000,2)) -> 0 | AS25: =IF(OR($AJ25=""),"",ROUND(AN25/$AJ25*1000,1)) -> 12.4 | AT25: =IF(OR($AJ25=""),"",ROUND(AO25/$AJ25*1000,2)) -> 4.44
A26: 43579 | B26: 胡叶青 | C26: 17072446 | D26: 872569 | E26: 18982000 | F26: 18974000 | G26: 223457914 | H26: 104480076 | I26: 223462231 | J26: 104480076 | L26: 4246.2 | M26: 3845.6 | N26: 72934.1 | Q26: 21 | R26: 晴 | S26: 600 | T26: 630 | U26: 10291 | V26: 5726 | W26: 7.2 | X26: 2.34 | Y26: 1092 | AA26: =IF(OR(C27=""),"",C27-C26) -> 55549 | AB26: =IF(OR(D27=""),"",D27-D26) -> 66220 | AC26: =IF(OR(E27=""),"",E27-E26) -> 57000 | AD26: =IF(OR(F27=""),"",F27-F26) -> 58000 | AE26: =IF(OR(G27=""),"",G27-G26) -> 214570 | AF26: =IF(OR(H27=""),"",H27-H26) -> 5634 | AG26: =IF(OR(AA26="",AB26="",AC26=""),"",AA26+AB26+AC26+AD26-AE26) -> 22199 | AH26: =IF(OR(I27=""),"",I27-I26) -> 209923 | AI26: =IF(OR(J27=""),"",J27-J26) -> 5634 | AJ26: =IF(OR(AH26="",AI26=""),"",AH26-AI26) -> 204289 | AK26: 2880 | AL26: =IF(OR(L27="",M27=""),"",ROUND((L27-L26+M27-M26)*1200,0)) -> 720 | AM26: =IF(OR(N27=""),"",(ROUND((N27-N26)*2,0))) -> 2 | AN26: =IF(OR(S26=""),"",ROUND(S26*7.1,0)) -> 4260 | AO26: =IF(OR(T26=""),"",ROUND(T26*2.4,0)) -> 1512 | AP26: 1840 | AQ26: =IF(OR($AJ26=""),"",ROUND(AL26/$AJ26*1000,1)) -> 3.5 | AR26: =IF(OR($AJ26=""),"",ROUND(AM26/$AJ26*1000,2)) -> 0.01 | AS26: =IF(OR($AJ26=""),"",ROUND(AN26/$AJ26*1000,1)) -> 20.9 | AT26: =IF(OR($AJ26=""),"",ROUND(AO26/$AJ26*1000,2)) -> 7.4
A27: 43580 | B27: 易萍 | C27: 17127995 | D27: 938789 | E27: 19039000 | F27: 19032000 | G27: 223672484 | H27: 104485710 | I27: 223672154 | J27: 104485710 | L27: 4246.2 | M27: 3846.2 | N27: 72935.3 | Q27: 20.8 | R27: 阴 | S27: 540 | T27: 560 | U27: 10312 | V27: 5496 | W27: 5.6 | X27: 2.56 | Y27: 1027 | AA27: =IF(OR(C28=""),"",C28-C27) -> 48518 | AB27: =IF(OR(D28=""),"",D28-D27) -> 61753 | AC27: =IF(OR(E28=""),"",E28-E27) -> 63000 | AD27: =IF(OR(F28=""),"",F28-F27) -> 64000 | AE27: =IF(OR(G28=""),"",G28-G27) -> 193229 | AF27: =IF(OR(H28=""),"",H28-H27) -> 5481 | AG27: =IF(OR(AA27="",AB27="",AC27=""),"",AA27+AB27+AC27+AD27-AE27) -> 44042 | AH27: =IF(OR(I28=""),"",I28-I27) -> 193924 | AI27: =IF(OR(J28=""),"",J28-J27) -> 5481 | AJ27: =IF(OR(AH27="",AI27=""),"",AH27-AI27) -> 188443 | AK27: 3520 | AL27: =IF(OR(L28="",M28=""),"",ROUND((L28-L27+M28-M27)*1200,0)) -> 10080 | AM27: =IF(OR(N28=""),"",(ROUND((N28-N27)*2,0))) -> 36 | AN27: =IF(OR(S27=""),"",ROUND(S27*7.1,0)) -> 3834 | AO27: =IF(OR(T27=""),"",ROUND(T27*2.4,0)) -> 1344 | AP27: 1350 | AQ27: =IF(OR($AJ27=""),"",ROUND(AL27/$AJ27*1000,1)) -> 53.5 | AR27: =IF(OR($AJ27=""),"",ROUND(AM27/$AJ27*1000,2)) -> 0.19 | AS27: =IF(OR($AJ27=""),"",ROUND(AN27/$AJ27*1000,1)) -> 20.3 | AT27: =IF(OR($AJ27=""),"",ROUND(AO27/$AJ27*1000,2)) -> 7.13
... A32: 43585 | B32: 易萍 | C32: 17372969 | D32: 1253991 | E32: 19337000 | F32: 19337000 | G32: 224702760 | H32: 104513240 | I32: 224702087 | J32: 104513240 | L32: 4246.2 | M32: 3869.8 | N32: 72981.6 | Q32: 22.7 | R32: 晴 | S32: 340 | T32: 370 | U32: 10916 | V32: 4360 | W32: 5.58 | X32: 3.34 | Y32: 1432 | AA32: =IF(OR(C33=""),"",C33-C32) -> 44779 | AB32: =IF(OR(D33=""),"",D33-D32) -> 54468 | AC32: =IF(OR(E33=""),"",E33-E32) -> 52000 | AD32: =IF(OR(F33=""),"",F33-F32) -> 53000 | AE32: =IF(OR(G33=""),"",G33-G32) -> 205631 | AF32: =IF(OR(H33=""),"",H33-H32) -> 5461 | AG32: =IF(OR(AA32="",AB32="",AC32=""),"",AA32+AB32+AC32+AD32-AE32) -> -1384 | AH32: =IF(OR(I33=""),"",I33-I32) -> 207326 | AI32: =IF(OR(J33=""),"",J33-J32) -> 5461 | AJ32: =IF(OR(AH32="",AI32=""),"",AH32-AI32) -> 201865 | AK32: 4800 | AL32: =IF(OR(L33="",M33=""),"",ROUND((L33-L32+M33-M32)*1200,0)) -> 0 | AM32: =IF(OR(N33=""),"",(ROUND((N33-N32)*2,0))) -> 0 | AN32: =IF(OR(S32=""),"",ROUND(S32*7.1,0)) -> 2414 | AO32: =IF(OR(T32=""),"",ROUND(T32*2.4,0)) -> 888 | AP32: 1930 | AQ32: =IF(OR($AJ32=""),"",ROUND(AL32/$AJ32*1000,1)) -> 0 | AR32: =IF(OR($AJ32=""),"",ROUND(AM32/$AJ32*1000,2)) -> 0 | AS32: =IF(OR($AJ32=""),"",ROUND(AN32/$AJ32*1000,1)) -> 12 | AT32: =IF(OR($AJ32=""),"",ROUND(AO32/$AJ32*1000,2)) -> 4.4
A33: 43586 | B33: 仇昊 | C33: 17417748 | D33: 1308459 | E33: 19389000 | F33: 19390000 | G33: 224908391 | H33: 104518701 | I33: 224909413 | J33: 104518701 | L33: 4246.2 | M33: 3869.8 | N33: 72981.6 | Q33: 23.5 | R33: 晴 | AA33: =IF(OR(C34=""),"",C34-C33) | AB33: =IF(OR(D34=""),"",D34-D33) | AC33: =IF(OR(E34=""),"",E34-E33) | AD33: =IF(OR(F34=""),"",F34-F33) | AE33: =IF(OR(G34=""),"",G34-G33) | AF33: =IF(OR(H34=""),"",H34-H33) | AG33: =IF(OR(AA33="",AB33="",AC33=""),"",AA33+AB33+AC33+AD33-AE33) | AH33: =IF(OR(I34=""),"",I34-I33) | AI33: =IF(OR(J34=""),"",J34-J33) | AJ33: =IF(OR(AH33="",AI33=""),"",AH33-AI33) | AK33: =IF(K33="","",K34-K33) | AL33: =IF(OR(L34="",M34=""),"",ROUND((L34-L33+M34-M33)*1200,0)) | AM33: =IF(OR(N34=""),"",(ROUND((N34-N33)*2,0))) | AN33: =IF(OR(S33=""),"",ROUND(S33*7.1,0)) | AO33: =IF(OR(T33=""),"",ROUND(T33*2.4,0)) | AQ33: =IF(OR($AJ33=""),"",ROUND(AL33/$AJ33*1000,1)) | AR33: =IF(OR($AJ33=""),"",ROUND(AM33/$AJ33*1000,2)) | AS33: =IF(OR($AJ33=""),"",ROUND(AN33/$AJ33*1000,1)) | AT33: =IF(OR($AJ33=""),"",ROUND(AO33/$AJ33*1000,2))
AA36: =IF(OR(C37=""),"",C37-C36) | AB36: =IF(OR(D37=""),"",D37-D36) | AC36: =IF(OR(E37=""),"",E37-E36) | AD36: =IF(OR(F37=""),"",F37-F36) | AE36: =IF(OR(G37=""),"",G37-G36) | AF36: =IF(OR(H37=""),"",H37-H36) | AG36: =IF(OR(AA36="",AB36="",AC36=""),"",AA36+AB36+AC36+AD36-AE36) | AH36: =SUM(AH3:AH34) -> 5927330 | AI36: =SUM(AI3:AI34) -> 164381 | AJ36: =SUM(AJ3:AJ34) -> 5762949 | AK36: =SUM(AK3:AK34) -> 124240 | AL36: =SUM(AL3:AL34) -> 115764 | AM36: =SUM(AM3:AM34) -> 531 | AN36: =SUM(AN3:AN34) -> 89815 | AO36: =SUM(AO3:AO34) -> 31704 | AQ36: =IF(OR($AJ36=0),"",ROUND(AL36/$AJ36*1000,1)) -> 20.1 | AR36: =IF(OR($AJ36=0),"",ROUND(AM36/$AJ36*1000,2)) -> 0.09 | AS36: =IF(OR($AJ36=0),"",ROUND(AN36/$AJ36*1000,1)) -> 15.6 | AT36: =IF(OR($AJ36=0),"",ROUND(AO36/$AJ36*1000,2)) -> 5.5

Sheet 5
B2: 记录人 | C2: 一期左进水 流量计读数 | D2: 一期右进水 流量计读数 | E2: 二期左进水 流量计读数 | F2: 二期右进水 流量计读数 | G2: 现场出水 流量计读数 | H2: 现场回用水 读数 | I2: 出水流量计 读数（网站） | J2: 回用水流量 （网站） | K2: 污泥流量 计读数 | L2: PAC2#流量计读数 | M2: PAC3#流量计读数 | N2: PAM流量 计读数 | O2: 盐酸流量 计读数 | P2: 氯酸钠流 量计读数 | Q2: 生反池 水温 | R2: 天气 (阴晴雨) | S2: 盐酸液位 差（CM） | T2: 氯酸钠液位差 差（CM） | U2: 最高流量 m3/h | V2: 最低流量 m3/h | W2: 最高液位 m | X2: 最低液位 m | Y2: 超液位时 间（分） | Z2: 备注 | AA2: 一期左 进水流量 | AB2: 一期右 进水流量 | AC2: 二期左 进水流量 | AD2: 二期右 进水流量 | AE2: 现场出水 流量 | AF2: 现场回用水 流量 | AG2: 进出水 流量差 | AH2: 出水流量（网站） | AI2: 回用水流量（网站） | AJ2: 实际处理量（网站） | AK2: 排泥量 m3 | AL2: PAC量 kg | AM2: PAM量 kg | AN2: 盐酸量 kg | AO2: 氯酸钠量 kg | AP2: 碳源用量 kg | AQ2: PAC单耗 ppm | AR2: PAM单耗 ppm | AS2: 盐酸单耗 ppm | AT2: 氯酸钠单耗 ppm
A3: 43586 | B3: ='4'!B33 -> 仇昊 | C3: ='4'!C33 -> 17417748 | D3: ='4'!D33 -> 1308459 | E3: ='4'!E33 -> 19389000 | F3: ='4'!F33 -> 19390000 | G3: ='4'!G33 -> 224908391 | H3: ='4'!H33 -> 104518701 | I3: ='4'!I33 -> 224909413 | ... N3: ='4'!N33 -> 72981.6 | O3: 0 | P3: 0 | Q3: ='4'!Q33 -> 23.5 | R3: ='4'!R33 -> 晴 | S3: 300 | T3: 330 | U3: 7851 | V3: 8423 | W3: 6.6 | X3: 3.7 | Y3: 1433 | AA3: =IF(OR(C4=""),"",C4-C3) -> 24637 | AB3: =IF(OR(D4=""),"",D4-D3) -> 25793 | AC3: =IF(OR(E4=""),"",E4-E3) -> 38000 | AD3: =IF(OR(F4=""),"",F4-F3) -> 38000 | AE3: =IF(OR(G4=""),"",G4-G3) -> 67389 | AF3: =IF(OR(H4=""),"",H4-H3) -> 5540 | AG3: =IF(OR(AA3="",AB3="",AC3=""),"",AA3+AB3+AC3+AD3-AE3) -> 59041 | AH3: =IF(OR(I4=""),"",I4-I3) -> 66397 | AI3: =IF(OR(J4=""),"",J4-J3) -> 5540 | AJ3: =IF(OR(AH3="",AI3=""),"",AH3-AI3) -> 60857 | AK3: =IF(K3="","",K4-K3) -> 0 | AL3: =IF(OR(L4="",M4=""),"",ROUND((L4-L3+M4-M3)*1200,0)) -> 2760 | AM3: =IF(OR(N4=""),"",(ROUND((N4-N3)*2,0))) -> 7 | AN3: =IF(OR(S3=""),"",ROUND(S3*7.1,0)) -> 2130 | AO3: =IF(OR(T3=""),"",ROUND(T3*2.4,0)) -> 792 | AP3: 1420 | AQ3: =IF(OR($AJ3=""),"",ROUND(AL3/$AJ3*1000,1)) -> 45.4 | AR3: =IF(OR($AJ3=""),"",ROUND(AM3/$AJ3*1000,2)) -> 0.12 | AS3: =IF(OR($AJ3=""),"",ROUND(AN3/$AJ3*1000,1)) -> 35 | AT3: =IF(OR($AJ3=""),"",ROUND(AO3/$AJ3*1000,2)) -> 13.01
A4: 43587 | B4: 胡叶青 | C4: 17442385 | D4: 1334252 | E4: 19427000 | F4: 19428000 | G4: 224975780 | H4: 104524241 | I4: 224975810 | J4: 104524241 | L4: 4246.2 | M4: 3872.1 | N4: 72985 | Q4: 24.6 | R4: 晴 | S4: 180 | T4: 200 | U4: 7912 | V4: 1516 | W4: 5.56 | X4: 2.02 | Y4: 948 | AA4: =IF(OR(C5=""),"",C5-C4) -> 39781 | AB4: =IF(OR(D5=""),"",D5-D4) -> 48054 | AC4: =IF(OR(E5=""),"",E5-E4) -> 30000 | AD4: =IF(OR(F5=""),"",F5-F4) -> 30000 | AE4: =IF(OR(G5=""),"",G5-G4) -> 143370 | AF4: =IF(OR(H5=""),"",H5-H4) -> 5529 | AG4: =IF(OR(AA4="",AB4="",AC4=""),"",AA4+AB4+AC4+AD4-AE4) -> 4465 | AH4: =IF(OR(I5=""),"",I5-I4) -> 143192 | AI4: =IF(OR(J5=""),"",J5-J4) -> 5529 | AJ4: =IF(OR(AH4="",AI4=""),"",AH4-AI4) -> 137663 | AK4: 0 | AL4: =IF(OR(L5="",M5=""),"",ROUND((L5-L4+M5-M4)*1200,0)) -> 20520 | AM4: =IF(OR(N5=""),"",(ROUND((N5-N4)*2,0))) -> 34 | AN4: =IF(OR(S4=""),"",ROUND(S4*7.1,0)) -> 1278 | AO4: =IF(OR(T4=""),"",ROUND(T4*2.4,0)) -> 480 | AP4: 2592 | AQ4: =IF(OR($AJ4=""),"",ROUND(AL4/$AJ4*1000,1)) -> 149.1 | AR4: =IF(OR($AJ4=""),"",ROUND(AM4/$AJ4*1000,2)) -> 0.25 | AS4: =IF(OR($AJ4=""),"",ROUND(AN4/$AJ4*1000,1)) -> 9.3 | AT4: =IF(OR($AJ4=""),"",ROUND(AO4/$AJ4*1000,2)) -> 3.49
A5: 43588 | B5: 陈智娇 | C5: 17482166 | D5: 1382306 | E5: 19457000 | F5: 19458000 | G5: 225119150 | H5: 104529770 | I5: 225119002 | J5: 104529770 | L5: 4246.2 | M5: 3889.2 | N5: 73001.8 | Q5: 23.7 | R5: 晴 | S5: 160 | T5: 180 | U5: 8763 | V5: 1612 | W5: 6.22 | X5: 2.5 | Y5: 1176 | AA5: =IF(OR(C6=""),"",C6-C5) -> 40101 | AB5: =IF(OR(D6=""),"",D6-D5) -> 47206 | AC5: =IF(OR(E6=""),"",E6-E5) -> 43000 | AD5: =IF(OR(F6=""),"",F6-F5) -> 43000 | AE5: =IF(OR(G6=""),"",G6-G5) -> 160150 | AF5: =IF(OR(H6=""),"",H6-H5) -> 5437 | AG5: =IF(OR(AA5="",AB5="",AC5=""),"",AA5+AB5+AC5+AD5-AE5) -> 13157 | AH5: =IF(OR(I6=""),"",I6-I5) -> 162537 | AI5: =IF(OR(J6=""),"",J6-J5) -> 5437 | AJ5: =IF(OR(AH5="",AI5=""),"",AH5-AI5) -> 157100 | AK5: 4000 | AL5: =IF(OR(L6="",M6=""),"",ROUND((L6-L5+M6-M5)*1200,0)) -> 4680 | AM5: =IF(OR(N6=""),"",(ROUND((N6-N5)*2,0))) -> 10 | AN5: =IF(OR(S5=""),"",ROUND(S5*7.1,0)) -> 1136 | AO5: =IF(OR(T5=""),"",ROUND(T5*2.4,0)) -> 432 | AP5: 2268 | AQ5: =IF(OR($AJ5=""),"",ROUND(AL5/$AJ5*1000,1)) -> 29.8 | AR5: =IF(OR($AJ5=""),"",ROUND(AM5/$AJ5*1000,2)) -> 0.06 | AS5: =IF(OR($AJ5=""),"",ROUND(AN5/$AJ5*1000,1)) -> 7.2 | AT5: =IF(OR($AJ5=""),"",ROUND(AO5/$AJ5*1000,2)) -> 2.75
A6: 43589 | B6: 陈智娇 | C6: 17522267 | D6: 1429512 | E6: 19500000 | F6: 19501000 | G6: 225279300 | H6: 104535207 | I6: 225281539 | J6: 104535207 | L6: 4246.2 | M6: 3893.1 | N6: 73006.9 | Q6: 23.1 | R6: 阴 | S6: 170 | T6: 190 | U6: 9380 | V6: 7884 | W6: 4.77 | X6: 3.39 | Y6: 1429 | AA6: =IF(OR(C7=""),"",C7-C6) -> 47269 | AB6: =IF(OR(D7=""),"",D7-D6) -> 62463 | AC6: =IF(OR(E7=""),"",E7-E6) -> 53000 | AD6: =IF(OR(F7=""),"",F7-F6) -> 54000 | AE6: =IF(OR(I7=""),"",I7-G6) -> 216026 | AF6: =IF(OR(H7=""),"",H7-H6) -> 5595 | AG6: =IF(OR(AA6="",AB6="",AC6=""),"",AA6+AB6+AC6+AD6-AE6) -> 706 | AH6: =IF(OR(I7=""),"",I7-I6) -> 213787 | AI6: =IF(OR(J7=""),"",J7-J6) -> 5595 | AJ6: =IF(OR(AH6="",AI6=""),"",AH6-AI6) -> 208192 | AK6: 4500 | AL6: =IF(OR(L7="",M7=""),"",ROUND((L7-L6+M7-M6)*1200,0)) -> 0 | AM6: =IF(OR(N7=""),"",(ROUND((N7-N6)*2,0))) -> 0 | AN6: =IF(OR(S6=""),"",ROUND(S6*7.1,0)) -> 1207 | AO6: =IF(OR(T6=""),"",ROUND(T6*2.4,0)) -> 456 | AP6: 2190 | AQ6: =IF(OR($AJ6=""),"",ROUND(AL6/$AJ6*1000,1)) -> 0 | AR6: =IF(OR($AJ6=""),"",ROUND(AM6/$AJ6*1000,2)) -> 0 | AS6: =IF(OR($AJ6=""),"",ROUND(AN6/$AJ6*1000,1)) -> 5.8 | AT6: =IF(OR($AJ6=""),"",ROUND(AO6/$AJ6*1000,2)) -> 2.19
A7: 43590 | B7: 仇昊 | C7: 17569536 | D7: 1491975 | E7: 19553000 | F7: 19555000 | G7: 225495258 | H7: 104540802 | I7: 225495326 | J7: 104540802 | L7: 4246.2 | M7: 3893.1 | N7: 73006.9 | Q7: 23 | R7: 晴 | S7: 430 | T7: 450 | U7: 10213 | V7: 4506 | W7: 5.96 | X7: 2.29 | Y7: 1066 | AA7: =IF(OR(C8=""),"",C8-C7) -> 57987 | AB7: =IF(OR(D8=""),"",D8-D7) -> 69410 | AC7: =IF(OR(E8=""),"",E8-E7) -> 56000 | AD7: =IF(OR(F8=""),"",F8-F7) -> 57000 | AE7: =IF(OR(G8=""),"",G8-I7) -> 208261 | AF7: =IF(OR(H8=""),"",H8-H7) -> 5542 | AG7: =IF(OR(AA7="",AB7="",AC7=""),"",AA7+AB7+AC7+AD7-AE7) -> 32136 | AH7: =IF(OR(I8=""),"",I8-I7) -> 207994 | AI7: =IF(OR(J8=""),"",J8-J7) -> 5542 | AJ7: =IF(OR(AH7="",AI7=""),"",AH7-AI7) -> 202452 | AK7: 4200 | AL7: =IF(OR(L8="",M8=""),"",ROUND((L8-L7+M8-M7)*1200,0)) -> 600 | AM7: =IF(OR(N8=""),"",(ROUND((N8-N7)*2,0))) -> 3 | AN7: =IF(OR(S7=""),"",ROUND(S7*7.1,0)) -> 3053 | AO7: =IF(OR(T7=""),"",ROUND(T7*2.4,0)) -> 1080 | AP7: 1856 | AQ7: =IF(OR($AJ7=""),"",ROUND(AL7/$AJ7*1000,1)) -> 3 | AR7: =IF(OR($AJ7=""),"",ROUND(AM7/$AJ7*1000,2)) -> 0.01 | AS7: =IF(OR($AJ7=""),"",ROUND(AN7/$AJ7*1000,1)) -> 15.1 | AT7: =IF(OR($AJ7=""),"",ROUND(AO7/$AJ7*1000,2)) -> 5.33
A8: 43591 | B8: 易萍 | C8: 17627523 | D8: 1561385 | E8: 19609000 | F8: 19612000 | G8: 225703587 | H8: 104546344 | I8: 225703320 | J8: 104546344 | L8: 4246.2 | M8: 3893.6 | N8: 73008.3 | Q8: 22.8 | R8: 晴 | S8: 600 | T8: 620 | U8: 10301 | V8: 5021 | W8: 6.18 | X8: 2.23 | Y8: 82 | AA8: =IF(OR(C9=""),"",C9-C8) -> 44041 | AB8: =IF(OR(D9=""),"",D9-D8) -> 53366 | AC8: =IF(OR(E9=""),"",E9-E8) -> 52000 | AD8: =IF(OR(F9=""),"",F9-F8) -> 53000 | AE8: =IF(OR(G9=""),"",G9-G8) -> 185702 | AF8: =IF(OR(H9=""),"",H9-H8) -> 5514 | AG8: =IF(OR(AA8="",AB8="",AC8=""),"",AA8+AB8+AC8+AD8-AE8) -> 16705 | AH8: =IF(OR(I9=""),"",I9-I8) -> 185971 | AI8: =IF(OR(J9=""),"",J9-J8) -> 5514 | AJ8: =IF(OR(AH8="",AI8=""),"",AH8-AI8) -> 180457 | AK8: 4000 | AL8: =IF(OR(L9="",M9=""),"",ROUND((L9-L8+M9-M8)*1200,0)) -> 3120 | AM8: =IF(OR(N9=""),"",(ROUND((N9-N8)*2,0))) -> 8 | AN8: =IF(OR(S8=""),"",ROUND(S8*7.1,0)) -> 4260 | AO8: =IF(OR(T8=""),"",ROUND(T8*2.4,0)) -> 1488 | AP8: 1993 | AQ8: =IF(OR($AJ8=""),"",ROUND(AL8/$AJ8*1000,1)) -> 17.3 | AR8: =IF(OR($AJ8=""),"",ROUND(AM8/$AJ8*1000,2)) -> 0.04 | AS8: =IF(OR($AJ8=""),"",ROUND(AN8/$AJ8*1000,1)) -> 23.6 | AT8: =IF(OR($AJ8=""),"",ROUND(AO8/$AJ8*1000,2)) -> 8.25
A9: 43592 | B9: 易萍 | C9: 17671564 | D9: 1614751 | E9: 19661000 | F9: 19665000 | G9: 225889289 | H9: 104551858 | I9: 225889291 | J9: 104551858 | L9: 4246.2 | M9: 3896.2 | N9: 73012.2 | Q9: 22.5 | R9: 晴 | S9: 400 | T9: 450 | U9: 10427 | V9: 6300 | W9: 3.41 | X9: 2.52 | Y9: 480 | AA9: =IF(OR(C10=""),"",C10-C9) -> 43564 | AB9: =IF(OR(D10=""),"",D10-D9) -> 53657 | AC9: =IF(OR(E10=""),"",E10-E9) -> 54000 | AD9: =IF(OR(F10=""),"",F10-F9) -> 54000 | AE9: =IF(OR(G10=""),"",G10-G9) -> 183991 | AF9: =IF(OR(H10=""),"",H10-H9) -> 5501 | AG9: =IF(OR(AA9="",AB9="",AC9=""),"",AA9+AB9+AC9+AD9-AE9) -> 21230 | AH9: =IF(OR(I10=""),"",I10-I9) -> 184629 | AI9: =IF(OR(J10=""),"",J10-J9) -> 5501 | AJ9: =IF(OR(AH9="",AI9=""),"",AH9-AI9) -> 179128 | AK9: 4400 | AL9: =IF(OR(L10="",M10=""),"",ROUND((L10-L9+M10-M9)*1200,0)) -> 1800 | AM9: =IF(OR(N10=""),"",(ROUND((N10-N9)*2,0))) -> 2 | AN9: =IF(OR(S9=""),"",ROUND(S9*7.1,0)) -> 2840 | AO9: =IF(OR(T9=""),"",ROUND(T9*2.4,0)) -> 1080 | AP9: 1930 | AQ9: =IF(OR($AJ9=""),"",ROUND(AL9/$AJ9*1000,1)) -> 10 | AR9: =IF(OR($AJ9=""),"",ROUND(AM9/$AJ9*1000,2)) -> 0.01 | AS9: =IF(OR($AJ9=""),"",ROUND(AN9/$AJ9*1000,1)) -> 15.9 | AT9: =IF(OR($AJ9=""),"",ROUND(AO9/$AJ9*1000,2)) -> 6.03
A10: 43593 | B10: 宣晟浩 | C10: 17715128 | D10: 1668408 | E10: 19715000 | F10: 19719000 | G10: 226073280 | H10: 104557359 | I10: 226073920 | J10: 104557359 | L10: 4246.2 | M10: 3897.7 | N10: 73013.4 | Q10: 22.6 | R10: 晴 | S10: 220 | T10: 250 | U10: 10552 | V10: 3061 | W10: 3.77 | X10: 2.24 | Y10: 329 | AA10: =IF(OR(C11=""),"",C11-C10) -> 43837 | AB10: =IF(OR(D11=""),"",D11-D10) -> 54017 | AC10: =IF(OR(E11=""),"",E11-E10) -> 54000 | AD10: =IF(OR(F11=""),"",F11-F10) -> 55000 | AE10: =IF(OR(I11=""),"",I11-G10) -> 196164 | AF10: =IF(OR(H11=""),"",H11-H10) -> 5508 | AG10: =IF(OR(AA10="",AB10="",AC10=""),"",AA10+AB10+AC10+AD10-AE10) -> 10690 | AH10: =IF(OR(I11=""),"",I11-I10) -> 195524 | AI10: =IF(OR(J11=""),"",J11-J10) -> 5508 | AJ10: =IF(OR(AH10="",AI10=""),"",AH10-AI10) -> 190016 | AK10: 4500 | AL10: =IF(OR(L11="",M11=""),"",ROUND((L11-L10+M11-M10)*1200,0)) -> 0 | AM10: =IF(OR(N11=""),"",(ROUND((N11-N10)*2,0))) -> 0 | AN10: =IF(OR(S10=""),"",ROUND(S10*7.1,0)) -> 1562 | AO10: =IF(OR(T10=""),"",ROUND(T10*2.4,0)) -> 600 | AP10: 2000 | AQ10: =IF(OR($AJ10=""),"",ROUND(AL10/$AJ10*1000,1)) -> 0 | AR10: =IF(OR($AJ10=""),"",ROUND(AM10/$AJ10*1000,2)) -> 0 | AS10: =IF(OR($AJ10=""),"",ROUND(AN10/$AJ10*1000,1)) -> 8.2 | AT10: =IF(OR($AJ10=""),"",ROUND(AO10/$AJ10*1000,2)) -> 3.16
A11: 43594 | B11: 仇昊 | C11: 17758965 | D11: 1722425 | E11: 19769000 | F11: 19774000 | G11: 226268158 | H11: 104562867 | I11: 226269444 | J11: 104562867 | L11: 4246.2 | M11: 3897.7 | N11: 73013.4 | Q11: 25.1 | R11: 晴 | S11: 430 | T11: 450 | U11: 10312 | V11: 6199 | W11: 7.61 | X11: 2.47 | Y11: 439 | AA11: =IF(OR(C12=""),"",C12-C11) -> 45028 | AB11: =IF(OR(D12=""),"",D12-D11) -> 53601 | AC11: =IF(OR(E12=""),"",E12-E11) -> 59000 | AD11: =IF(OR(F12=""),"",F12-F11) -> 60000 | AE11: =IF(OR(G12=""),"",G12-I11) -> 192708 | AF11: =IF(OR(H12=""),"",H12-H11) -> 5564 | AG11: =IF(OR(AA11="",AB11="",AC11=""),"",AA11+AB11+AC11+AD11-AE11) -> 24921 | AH11: =IF(OR(I12=""),"",I12-I11) -> 192671 | AI11: =IF(OR(J12=""),"",J12-J11) -> 5564 | AJ11: =IF(OR(AH11="",AI11=""),"",AH11-AI11) -> 187107 | AK11: 4600 | AL11: =IF(OR(L12="",M12=""),"",ROUND((L12-L11+M12-M11)*1200,0)) -> 3240 | AM11: =IF(OR(N12=""),"",(ROUND((N12-N11)*2,0))) -> 2 | AN11: =IF(OR(S11=""),"",ROUND(S11*7.1,0)) -> 3053 | AO11: =IF(OR(T11=""),"",ROUND(T11*2.4,0)) -> 1080 | AP11: 1751 | AQ11: =IF(OR($AJ11=""),"",ROUND(AL11/$AJ11*1000,1)) -> 17.3 | AR11: =IF(OR($AJ11=""),"",ROUND(AM11/$AJ11*1000,2)) -> 0.01 | AS11: =IF(OR($AJ11=""),"",ROUND(AN11/$AJ11*1000,1)) -> 16.3 | AT11: =IF(OR($AJ11=""),"",ROUND(AO11/$AJ11*1000,2)) -> 5.77
A12: 43595 | B12: 易萍 | C12: 17803993 | D12: 1776026 | E12: 19828000 | F12: 19834000 | G12: 226462152 | H12: 104568431 | I12: 226462115 | J12: 104568431 | L12: 4246.2 | M12: 3900.4 | N12: 73014.4 | Q12: 25.5 | R12: 晴 | S12: 600 | T12: 620 | U12: 10395 | V12: 7124 | W12: 4.87 | X12: 2.82 | Y12: 1340 | AA12: =IF(OR(C13=""),"",C13-C12) -> 48637 | AB12: =IF(OR(D13=""),"",D13-D12) -> 58773 | AC12: =IF(OR(E13=""),"",E13-E12) -> 68000 | AD12: =IF(OR(F13=""),"",F13-F12) -> 70000 | AE12: =IF(OR(G13=""),"",G13-G12) -> 202887 | AF12: =IF(OR(H13=""),"",H13-H12) -> 5531 | AG12: =IF(OR(AA12="",AB12="",AC12=""),"",AA12+AB12+AC12+AD12-AE12) -> 42523 | AH12: =IF(OR(I13=""),"",I13-I12) -> 202452 | AI12: =IF(OR(J13=""),"",J13-J12) -> 5531 | AJ12: =IF(OR(AH12="",AI12=""),"",AH12-AI12) -> 196921 | AK12: 4500 | AL12: =IF(OR(L13="",M13=""),"",ROUND((L13-L12+M13-M12)*1200,0)) -> 2040 | AM12: =IF(OR(N13=""),"",(ROUND((N13-N12)*2,0))) -> 3 | AN12: =IF(OR(S12=""),"",ROUND(S12*7.1,0)) -> 4260 | AO12: =IF(OR(T12=""),"",ROUND(T12*2.4,0)) -> 1488 | AP12: 1322 | AQ12: =IF(OR($AJ12=""),"",ROUND(AL12/$AJ12*1000,1)) -> 10.4 | AR12: =IF(OR($AJ12=""),"",ROUND(AM12/$AJ12*1000,2)) -> 0.02 | AS12: =IF(OR($AJ12=""),"",ROUND(AN12/$AJ12*1000,1)) -> 21.6 | AT12: =IF(OR($AJ12=""),"",ROUND(AO12/$AJ12*1000,2)) -> 7.56
A13: 43596 | B13: 易萍 | C13: 17852630 | D13: 1834799 | E13: 19896000 | F13: 19904000 | G13: 226665039 | H13: 104573962 | I13: 226664567 | J13: 104573962 | L13: 4246.2 | M13: 3902.1 | N13: 73015.8 | Q13: 23 | R13: 阴 | S13: 630 | T13: 650 | U13: 10299 | V13: 5624 | W13: 6.53 | X13: 2.37 | Y13: 730 | AA13: =IF(OR(C14=""),"",C14-C13) -> 46120 | AB13: =IF(OR(D14=""),"",D14-D13) -> 55442 | AC13: =IF(OR(E14=""),"",E14-E13) -> 64000 | AD13: =IF(OR(F14=""),"",F14-F13) -> 66000 | AE13: =IF(OR(G14=""),"",G14-G13) -> 195313 | AF13: =IF(OR(H14=""),"",H14-H13) -> 5473 | AG13: =IF(OR(AA13="",AB13="",AC13=""),"",AA13+AB13+AC13+AD13-AE13) -> 36249 | AH13: =IF(OR(I14=""),"",I14-I13) -> 196494 | AI13: =IF(OR(J14=""),"",J14-J13) -> 5473 | AJ13: =IF(OR(AH13="",AI13=""),"",AH13-AI13) -> 191021 | AK13: 4800 | AL13: =IF(OR(L14="",M14=""),"",ROUND((L14-L13+M14-M13)*1200,0)) -> 2280 | AM13: =IF(OR(N14=""),"",(ROUND((N14-N13)*2,0))) -> 9 | AN13: =IF(OR(S13=""),"",ROUND(S13*7.1,0)) -> 4473 | AO13: =IF(OR(T13=""),"",ROUND(T13*2.4,0)) -> 1560 | AP13: 2049 | AQ13: =IF(OR($AJ13=""),"",ROUND(AL13/$AJ13*1000,1)) -> 11.9 | AR13: =IF(OR($AJ13=""),"",ROUND(AM13/$AJ13*1000,2)) -> 0.05 | AS13: =IF(OR($AJ13=""),"",ROUND(AN13/$AJ13*1000,1)) -> 23.4 | AT13: =IF(OR($AJ13=""),"",ROUND(AO13/$AJ13*1000,2)) -> 8.17
A14: 43597 | B14: 易萍 | C14: 17898750 | D14: 1890241 | E14: 19960000 | F14: 19970000 | G14: 226860352 | H14: 104579435 | I14: 226861061 | J14: 104579435 | L14: 4246.2 | M14: 3904 | N14: 73020.1 | Q14: 22.5 | R14: 阴 | S14: 400 | T14: 430 | U14: 10312 | V14: 7195 | W14: 5.58 | X14: 2.43 | Y14: 821 | AA14: =IF(OR(C15=""),"",C15-C14) -> 47188 | AB14: =IF(OR(D15=""),"",D15-D14) -> 58464 | AC14: =IF(OR(E15=""),"",E15-E14) -> 62000 | AD14: =IF(OR(F15=""),"",F15-F14) -> 64000 | AE14: =IF(OR(G15=""),"",G15-G14) -> 206129 | AF14: =IF(OR(H15=""),"",H15-H14) -> 5562 | AG14: =IF(OR(AA14="",AB14="",AC14=""),"",AA14+AB14+AC14+AD14-AE14) -> 25523 | AH14: =IF(OR(I15=""),"",I15-I14) -> 206094 | AI14: =IF(OR(J15=""),"",J15-J14) -> 5562 | AJ14: =IF(OR(AH14="",AI14=""),"",AH14-AI14) -> 200532 | AK14: 4800 | AL14: =IF(OR(L15="",M15=""),"",ROUND((L15-L14+M15-M14)*1200,0)) -> 1200 | AM14: =IF(OR(N15=""),"",(ROUND((N15-N14)*2,0))) -> 5 | AN14: =IF(OR(S14=""),"",ROUND(S14*7.1,0)) -> 2840 | AO14: =IF(OR(T14=""),"",ROUND(T14*2.4,0)) -> 1032 | AP14: 2088 | AQ14: =IF(OR($AJ14=""),"",ROUND(AL14/$AJ14*1000,1)) -> 6 | AR14: =IF(OR($AJ14=""),"",ROUND(AM14/$AJ14*1000,2)) -> 0.02 | AS14: =IF(OR($AJ14=""),"",ROUND(AN14/$AJ14*1000,1)) -> 14.2 | AT14: =IF(OR($AJ14=""),"",ROUND(AO14/$AJ14*1000,2)) -> 5.15
A15: 43598 | B15: 易萍 | C15: 17945938 | D15: 1948705 | E15: 20022000 | F15: 20034000 | G15: 227066481 | H15: 104584997 | I15: 227067155 | J15: 104584997 | L15: 4246.2 | M15: 3905 | N15: 73022.5 | Q15: 22.3 | R15: 阴 | S15: 370 | T15: 400 | U15: 10298 | V15: 8264 | W15: 5.79 | X15: 2.88 | Y15: 1350 | AA15: =IF(OR(C16=""),"",C16-C15) -> 49799 | AB15: =IF(OR(D16=""),"",D16-D15) -> 59578 | AC15: =IF(OR(E16=""),"",E16-E15) -> 68000 | AD15: =IF(OR(F16=""),"",F16-F15) -> 70000 | AE15: =IF(OR(G16=""),"",G16-G15) -> 210572 | AF15: =IF(OR(H16=""),"",H16-H15) -> 5563 | AG15: =IF(OR(AA15="",AB15="",AC15=""),"",AA15+AB15+AC15+AD15-AE15) -> 36805 | AH15: =IF(OR(I16=""),"",I16-I15) -> 209679 | AI15: =IF(OR(J16=""),"",J16-J15) -> 5563 | AJ15: =IF(OR(AH15="",AI15=""),"",AH15-AI15) -> 204116 | AK15: 4600 | AL15: =IF(OR(L16="",M16=""),"",ROUND((L16-L15+M16-M15)*1200,0)) -> 0 | AM15: =IF(OR(N16=""),"",(ROUND((N16-N15)*2,0))) -> 0 | AN15: =IF(OR(S15=""),"",ROUND(S15*7.1,0)) -> 2627 | AO15: =IF(OR(T15=""),"",ROUND(T15*2.4,0)) -> 960 | AP15: 1755 | AQ15: =IF(OR($AJ15=""),"",ROUND(AL15/$AJ15*1000,1)) -> 0 | AR15: =IF(OR($AJ15=""),"",ROUND(AM15/$AJ15*1000,2)) -> 0 | AS15: =IF(OR($AJ15=""),"",ROUND(AN15/$AJ15*1000,1)) -> 12.9 | AT15: =IF(OR($AJ15=""),"",ROUND(AO15/$AJ15*1000,2)) -> 4.7
A16: 43599 | B16: 易萍 | C16: 17995737 | D16: 2008283 | E16: 20090000 | F16: 20104000 | G16: 227277053 | H16: 104590560 | I16: 227276834 | J16: 104590560 | L16: 4246.2 | M16: 3905 | N16: 73022.6 | Q16: 22.5 | R16: 阴 | S16: 300 | T16: 320 | U16: 10415 | V16: 9214 | W16: 4.81 | X16: 2.99 | Y16: 720 | AA16: =IF(OR(C17=""),"",C17-C16) -> 48800 | AB16: =IF(OR(D17=""),"",D17-D16) -> 60948 | AC16: =IF(OR(E17=""),"",E17-E16) -> 65000 | AD16: =IF(OR(F17=""),"",F17-F16) -> 67000 | AE16: =IF(OR(G17=""),"",G17-G16) -> 213721 | AF16: =IF(OR(H17=""),"",H17-H16) -> 5467 | AG16: =IF(OR(AA16="",AB16="",AC16=""),"",AA16+AB16+AC16+AD16-AE16) -> 28027 | AH16: =IF(OR(I17=""),"",I17-I16) -> 213685 | AI16: =IF(OR(J17=""),"",J17-J16) -> 5467 | AJ16: =IF(OR(AH16="",AI16=""),"",AH16-AI16) -> 208218 | AK16: 4840 | AL16: =IF(OR(L17="",M17=""),"",ROUND((L17-L16+M17-M16)*1200,0)) -> 0 | AM16: =IF(OR(N17=""),"",(ROUND((N17-N16)*2,0))) -> 0 | AN16: =IF(OR(S16=""),"",ROUND(S16*7.1,0)) -> 2130 | AO16: =IF(OR(T16=""),"",ROUND(T16*2.4,0)) -> 768 | AP16: 1354 | AQ16: =IF(OR($AJ16=""),"",ROUND(AL16/$AJ16*1000,1)) -> 0 | AR16: =IF(OR($AJ16=""),"",ROUND(AM16/$AJ16*1000,2)) -> 0 | AS16: =IF(OR($AJ16=""),"",ROUND(AN16/$AJ16*1000,1)) -> 10.2 | AT16: =IF(OR($AJ16=""),"",ROUND(AO16/$AJ16*1000,2)) -> 3.69
A17: 43600 | B17: 潘汝鑫 | C17: 18044537 | D17: 2069231 | E17: 20155000 | F17: 20171000 | G17: 227490774 | H17: 104596027 | I17: 227490519 | J17: 104596027 | L17: 4246.2 | M17: 3905 | N17: 73022.6 | Q17: 23.3 | R17: 晴 | S17: 230 | T17: 250 | U17: 10541 | V17: 10236 | W17: 7.02 | X17: 3.39 | Y17: 1435 | AA17: =IF(OR(C18=""),"",C18-C17) -> 51052 | AB17: =IF(OR(D18=""),"",D18-D17) -> 61613 | AC17: =IF(OR(E18=""),"",E18-E17) -> 70000 | AD17: =IF(OR(F18=""),"",F18-F17) -> 74000 | AE17: =IF(OR(G18=""),"",G18-G17) -> 213116 | AF17: =IF(OR(H18=""),"",H18-H17) -> 5536 | AG17: =IF(OR(AA17="",AB17="",AC17=""),"",AA17+AB17+AC17+AD17-AE17) -> 43549 | AH17: =IF(OR(I18=""),"",I18-I17) -> 212734 | AI17: =IF(OR(J18=""),"",J18-J17) -> 5536 | AJ17: =IF(OR(AH17="",AI17=""),"",AH17-AI17) -> 207198 | AK17: 5000 | AL17: =IF(OR(L18="",M18=""),"",ROUND((L18-L17+M18-M17)*1200,0)) -> 0 | AM17: =IF(OR(N18=""),"",(ROUND((N18-N17)*2,0))) -> 0 | AN17: =IF(OR(S17=""),"",ROUND(S17*7.1,0)) -> 1633 | AO17: =IF(OR(T17=""),"",ROUND(T17*2.4,0)) -> 600 | AP17: 1539 | AQ17: =IF(OR($AJ17=""),"",ROUND(AL17/$AJ17*1000,1)) -> 0 | AR17: =IF(OR($AJ17=""),"",ROUND(AM17/$AJ17*1000,2)) -> 0 | AS17: =IF(OR($AJ17=""),"",ROUND(AN17/$AJ17*1000,1)) -> 7.9 | AT17: =IF(OR($AJ17=""),"",ROUND(AO17/$AJ17*1000,2)) -> 2.9
A18: 43601 | B18: 陈智娇 | C18: 18095589 | D18: 2130844 | E18: 20225000 | F18: 20245000 | G18: 227703890 | H18: 104601563 | I18: 227703253 | J18: 104601563 | L18: 4246.2 | M18: 3905 | N18: 73022.6 | Q18: 22.1 | R18: 晴 | S18: 500 | T18: 520 | U18: 9705 | V18: 7510 | W18: 6.96 | X18: 6.38 | Y18: 1430 | AA18: =IF(OR(C19=""),"",C19-C18) -> 46190 | AB18: =IF(OR(D19=""),"",D19-D18) -> 53675 | AC18: =IF(OR(E19=""),"",E19-E18) -> 57000 | AD18: =IF(OR(F19=""),"",F19-F18) -> 58000 | AE18: =IF(OR(G19=""),"",G19-G18) -> 213676 | AF18: =IF(OR(H19=""),"",H19-H18) -> 5515 | AG18: =IF(OR(AA18="",AB18="",AC18=""),"",AA18+AB18+AC18+AD18-AE18) -> 1189 | AH18: =IF(OR(I19=""),"",I19-I18) -> 214205 | AI18: =IF(OR(J19=""),"",J19-J18) -> 5515 | AJ18: =IF(OR(AH18="",AI18=""),"",AH18-AI18) -> 208690 | AK18: 4800 | AL18: =IF(OR(L19="",M19=""),"",ROUND((L19-L18+M19-M18)*1200,0)) -> 600 | AM18: =IF(OR(N19=""),"",(ROUND((N19-N18)*2,0))) -> 3 | AN18: =IF(OR(S18=""),"",ROUND(S18*7.1,0)) -> 3550 | AO18: =IF(OR(T18=""),"",ROUND(T18*2.4,0)) -> 1248 | AP18: 1710 | AQ18: =IF(OR($AJ18=""),"",ROUND(AL18/$AJ18*1000,1)) -> 2.9 | AR18: =IF(OR($AJ18=""),"",ROUND(AM18/$AJ18*1000,2)) -> 0.01 | AS18: =IF(OR($AJ18=""),"",ROUND(AN18/$AJ18*1000,1)) -> 17 | AT18: =IF(OR($AJ18=""),"",ROUND(AO18/$AJ18*1000,2)) -> 5.98
A19: 43602 | B19: 易萍 | C19: 18141779 | D19: 2184519 | E19: 20282000 | F19: 20303000 | G19: 227917566 | H19: 104607078 | I19: 227917458 | J19: 104607078 | L19: 4246.2 | M19: 3905.5 | N19: 73023.9 | Q19: 23.5 | R19: 阴 | S19: 580 | T19: 600 | U19: 9512 | V19: 8082 | W19: 6.62 | X19: 5.68 | Y19: 1431 | AA19: =IF(OR(C20=""),"",C20-C19) -> 48521 | AB19: =IF(OR(D20=""),"",D20-D19) -> 57269 | AC19: =IF(OR(E20=""),"",E20-E19) -> 57000 | AD19: =IF(OR(F20=""),"",F20-F19) -> 59000 | AE19: =IF(OR(G20=""),"",G20-G19) -> 209112 | AF19: =IF(OR(H20=""),"",H20-H19) -> 5538 | AG19: =IF(OR(AA19="",AB19="",AC19=""),"",AA19+AB19+AC19+AD19-AE19) -> 12678 | AH19: =IF(OR(I20=""),"",I20-I19) -> 208911 | AI19: =IF(OR(J20=""),"",J20-J19) -> 5538 | AJ19: =IF(OR(AH19="",AI19=""),"",AH19-AI19) -> 203373 | AK19: 4700 | AL19: =IF(OR(L20="",M20=""),"",ROUND((L20-L19+M20-M19)*1200,0)) -> 5640 | AM19: =IF(OR(N20=""),"",(ROUND((N20-N19)*2,0))) -> 23 | AN19: =IF(OR(S19=""),"",ROUND(S19*7.1,0)) -> 4118 | AO19: =IF(OR(T19=""),"",ROUND(T19*2.4,0)) -> 1440 | AP19: 1559 | AQ19: =IF(OR($AJ19=""),"",ROUND(AL19/$AJ19*1000,1)) -> 27.7 | AR19: =IF(OR($AJ19=""),"",ROUND(AM19/$AJ19*1000,2)) -> 0.11 | AS19: =IF(OR($AJ19=""),"",ROUND(AN19/$AJ19*1000,1)) -> 20.2 | AT19: =IF(OR($AJ19=""),"",ROUND(AO19/$AJ19*1000,2)) -> 7.08
A20: 43603 | B20: 易萍 | C20: 18190300 | D20: 2241788 | E20: 20339000 | F20: 20362000 | G20: 228126678 | H20: 104612616 | I20: 228126369 | J20: 104612616 | L20: 4246.2 | M20: 3910.2 | N20: 73035.2 | Q20: 23 | R20: 阴 | S20: 590 | T20: 620 | U20: 9641 | V20: 7254 | W20: 5.98 | X20: 4.37 | Y20: 1435 | AA20: =IF(OR(C21=""),"",C21-C20) -> 46896 | AB20: =IF(OR(D21=""),"",D21-D20) -> 55359 | AC20: =IF(OR(E21=""),"",E21-E20) -> 57000 | AD20: =IF(OR(F21=""),"",F21-F20) -> 59000 | AE20: =IF(OR(G21=""),"",G21-G20) -> 207457 | AF20: =IF(OR(H21=""),"",H21-H20) -> 5470 | AG20: =IF(OR(AA20="",AB20="",AC20=""),"",AA20+AB20+AC20+AD20-AE20) -> 10798 | AH20: =IF(OR(I21=""),"",I21-I20) -> 209058 | AI20: =IF(OR(J21=""),"",J21-J20) -> 5512 | AJ20: =IF(OR(AH20="",AI20=""),"",AH20-AI20) -> 203546 | AK20: 4700 | AL20: =IF(OR(L21="",M21=""),"",ROUND((L21-L20+M21-M20)*1200,0)) -> 3240 | AM20: =IF(OR(N21=""),"",(ROUND((N21-N20)*2,0))) -> 11 | AN20: =IF(OR(S20=""),"",ROUND(S20*7.1,0)) -> 4189 | AO20: =IF(OR(T20=""),"",ROUND(T20*2.4,0)) -> 1488 | AP20: 1555 | AQ20: =IF(OR($AJ20=""),"",ROUND(AL20/$AJ20*1000,1)) -> 15.9 | AR20: =IF(OR($AJ20=""),"",ROUND(AM20/$AJ20*1000,2)) -> 0.05 | AS20: =IF(OR($AJ20=""),"",ROUND(AN20/$AJ20*1000,1)) -> 20.6 | AT20: =IF(OR($AJ20=""),"",ROUND(AO20/$AJ20*1000,2)) -> 7.31
A21: 43604 | B21: 易萍 | C21: 18237196 | D21: 2297147 | E21: 20396000 | F21: 20421000 | G21: 228334135 | H21: 104618086 | I21: 228335427 | J21: 104618128 | L21: 4246.2 | M21: 3912.9 | N21: 73040.5 | Q21: 22.8 | R21: 阴 | S21: 550 | T21: 560 | U21: 10264 | V21: 9241 | W21: 7.13 | X21: 3.98 | Y21: 1434 | AA21: =IF(OR(C22=""),"",C22-C21) -> 55870 | AB21: =IF(OR(D22=""),"",D22-D21) -> 66428 | AC21: =IF(OR(E22=""),"",E22-E21) -> 64000 | AD21: =IF(OR(F22=""),"",F22-F21) -> 65000 | AE21: =IF(OR(G22=""),"",G22-G21) -> 213978 | AF21: =IF(OR(H22=""),"",H22-H21) -> 5570 | AG21: =IF(OR(AA21="",AB21="",AC21=""),"",AA21+AB21+AC21+AD21-AE21) -> 37320 | AH21: =IF(OR(I22=""),"",I22-I21) -> 212964 | AI21: =IF(OR(J22=""),"",J22-J21) -> 5528 | AJ21: =IF(OR(AH21="",AI21=""),"",AH21-AI21) -> 207436 | AK21: 4800 | AL21: =IF(OR(L22="",M22=""),"",ROUND((L22-L21+M22-M21)*1200,0)) -> 2280 | AM21: =IF(OR(N22=""),"",(ROUND((N22-N21)*2,0))) -> 5 | AN21: =IF(OR(S21=""),"",ROUND(S21*7.1,0)) -> 3905 | AO21: =IF(OR(T21=""),"",ROUND(T21*2.4,0)) -> 1344 | AP21: 1541 | AQ21: =IF(OR($AJ21=""),"",ROUND(AL21/$AJ21*1000,1)) -> 11 | AR21: =IF(OR($AJ21=""),"",ROUND(AM21/$AJ21*1000,2)) -> 0.02 | AS21: =IF(OR($AJ21=""),"",ROUND(AN21/$AJ21*1000,1)) -> 18.8 | AT21: =IF(OR($AJ21=""),"",ROUND(AO21/$AJ21*1000,2)) -> 6.48
A22: 43605 | B22: 易萍 | C22: 18293066 | D22: 2363575 | E22: 20460000 | F22: 20486000 | G22: 228548113 | H22: 104623656 | I22: 228548391 | J22: 104623656 | L22: 4246.2 | M22: 3914.8 | N22: 73043 | Q22: 22.5 | R22: 阴 | S22: 400 | T22: 420 | U22: 9526 | V22: 8201 | W22: 7.2 | X22: 6.27 | Y22: 1434 | AA22: =IF(OR(C23=""),"",C23-C22) -> 47108 | AB22: =IF(OR(D23=""),"",D23-D22) -> 55841 | AC22: =IF(OR(E23=""),"",E23-E22) -> 57000 | AD22: =IF(OR(F23=""),"",F23-F22) -> 59000 | AE22: =IF(OR(G23=""),"",G23-G22) -> 216055 | AF22: =IF(OR(H23=""),"",H23-H22) -> 5560 | AG22: =IF(OR(AA22="",AB22="",AC22=""),"",AA22+AB22+AC22+AD22-AE22) -> 2894 | AH22: =IF(OR(I23=""),"",I23-I22) -> 214953 | AI22: =IF(OR(J23=""),"",J23-J22) -> 5528 | AJ22: =IF(OR(AH22="",AI22=""),"",AH22-AI22) -> 209425 | AK22: 4200 | AL22: =IF(OR(L23="",M23=""),"",ROUND((L23-L22+M23-M22)*1200,0)) -> 1080 | AM22: =IF(OR(N23=""),"",(ROUND((N23-N22)*2,0))) -> 3 | AN22: =IF(OR(S22=""),"",ROUND(S22*7.1,0)) -> 2840 | AO22: =IF(OR(T22=""),"",ROUND(T22*2.4,0)) -> 1008 | AP22: 1553 | AQ22: =IF(OR($AJ22=""),"",ROUND(AL22/$AJ22*1000,1)) -> 5.2 | AR22: =IF(OR($AJ22=""),"",ROUND(AM22/$AJ22*1000,2)) -> 0.01 | AS22: =IF(OR($AJ22=""),"",ROUND(AN22/$AJ22*1000,1)) -> 13.6 | AT22: =IF(OR($AJ22=""),"",ROUND(AO22/$AJ22*1000,2)) -> 4.81
A23: 43606 | B23: 易萍 | C23: 18340174 | D23: 2419416 | E23: 20517000 | F23: 20545000 | G23: 228764168 | H23: 104629216 | I23: 228763344 | J23: 104629184 | L23: 4246.2 | M23: 3915.7 | N23: 73044.6 | Q23: 23 | R23: 晴 | S23: 320 | T23: 340 | U23: 10542 | V23: 9964 | W23: 6.53 | X23: 5.45 | Y23: 1440 | AA23: =IF(OR(C24=""),"",C24-C23) -> 47952 | AB23: =IF(OR(D24=""),"",D24-D23) -> 60580 | AC23: =IF(OR(E24=""),"",E24-E23) -> 64000 | AD23: =IF(OR(F24=""),"",F24-F23) -> 66000 | AE23: =IF(OR(G24=""),"",G24-G23) -> 213215 | AF23: =IF(OR(H24=""),"",H24-H23) -> 5373 | AG23: =IF(OR(AA23="",AB23="",AC23=""),"",AA23+AB23+AC23+AD23-AE23) -> 25317 | AH23: =IF(OR(I24=""),"",I24-I23) -> 215073 | AI23: =IF(OR(J24=""),"",J24-J23) -> 5536 | AJ23: =IF(OR(AH23="",AI23=""),"",AH23-AI23) -> 209537 | AK23: 3800 | AL23: =IF(OR(L24="",M24=""),"",ROUND((L24-L23+M24-M23)*1200,0)) -> 0 | AM23: =IF(OR(N24=""),"",(ROUND((N24-N23)*2,0))) -> 0 | AN23: =IF(OR(S23=""),"",ROUND(S23*7.1,0)) -> 2272 | AO23: =IF(OR(T23=""),"",ROUND(T23*2.4,0)) -> 816 | AP23: 1540 | AQ23: =IF(OR($AJ23=""),"",ROUND(AL23/$AJ23*1000,1)) -> 0 | AR23: =IF(OR($AJ23=""),"",ROUND(AM23/$AJ23*1000,2)) -> 0 | AS23: =IF(OR($AJ23=""),"",ROUND(AN23/$AJ23*1000,1)) -> 10.8 | AT23: =IF(OR($AJ23=""),"",ROUND(AO23/$AJ23*1000,2)) -> 3.89
... A33: 43616 | B33: 易萍 | C33: 18825364 | D33: 2996870 | E33: 21116000 | F33: 21164000 | G33: 230907833 | H33: 104684504 | I33: 230907624 | J33: 104684496 | L33: 4246.2 | M33: 3925 | N33: 73073.7 | Q33: 26 | R33: 阴 | S33: 650 | T33: 670 | U33: 9425 | V33: 8012 | W33: 6.96 | X33: 6.35 | Y33: 1430 | AA33: =IF(OR(C34=""),"",C34-C33) -> 42496 | AB33: =IF(OR(D34=""),"",D34-D33) -> 57558 | AC33: =IF(OR(E34=""),"",E34-E33) -> 57000 | AD33: =IF(OR(F34=""),"",F34-F33) -> 58000 | AE33: =IF(OR(G34=""),"",G34-G33) -> 213321 | AF33: =IF(OR(H34=""),"",H34-H33) -> 5504 | AG33: =IF(OR(AA33="",AB33="",AC33=""),"",AA33+AB33+AC33+AD33-AE33) -> 1733 | AH33: =IF(OR(I34=""),"",I34-I33) -> 214581 | AI33: =IF(OR(J34=""),"",J34-J33) -> 5536 | AJ33: =IF(OR(AH33="",AI33=""),"",AH33-AI33) -> 209045 | AK33: 4300 | AL33: =IF(OR(L34="",M34=""),"",ROUND((L34-L33+M34-M33)*1200,0)) -> 360 | AM33: =IF(OR(N34=""),"",(ROUND((N34-N33)*2,0))) -> 3 | AN33: =IF(OR(S33=""),"",ROUND(S33*7.1,0)) -> 4615 | AO33: =IF(OR(T33=""),"",ROUND(T33*2.4,0)) -> 1608 | AP33: 1715 | AQ33: =IF(OR($AJ33=""),"",ROUND(AL33/$AJ33*1000,1)) -> 1.7 | AR33: =IF(OR($AJ33=""),"",ROUND(AM33/$AJ33*1000,2)) -> 0.01 | AS33: =IF(OR($AJ33=""),"",ROUND(AN33/$AJ33*1000,1)) -> 22.1 | AT33: =IF(OR($AJ33=""),"",ROUND(AO33/$AJ33*1000,2)) -> 7.69
A34: 43617 | B34: 易萍 | C34: 18867860 | D34: 3054428 | E34: 21173000 | F34: 21222000 | G34: 231121154 | H34: 104690008 | I34: 231122205 | J34: 104690032 | L34: 4246.2 | M34: 3925.3 | N34: 73075 | Q34: 26 | R34: 晴
AA36: =IF(OR(C37=""),"",C37-C36) | AB36: =IF(OR(D37=""),"",D37-D36) | AC36: =IF(OR(E37=""),"",E37-E36) | AD36: =IF(OR(F37=""),"",F37-F36) | AE36: =IF(OR(G37=""),"",G37-G36) | AF36: =IF(OR(H37=""),"",H37-H36) | AG36: =IF(OR(AA36="",AB36="",AC36=""),"",AA36+AB36+AC36+AD36-AE36) | AH36: =SUM(AH3:AH34) -> 6212792 | AI36: =SUM(AI3:AI34) -> 171331 | AJ36: =SUM(AJ3:AJ34) -> 6041461 | AK36: =SUM(AK3:AK34) -> 126840 | AL36: =SUM(AL3:AL34) -> 66600 | AM36: =SUM(AM3:AM34) -> 189 | AN36: =SUM(AN3:AN34) -> 88821 | AO36: =SUM(AO3:AO34) -> 31896 | AQ36: =IF(OR($AJ36=0),"",ROUND(AL36/$AJ36*1000,1)) -> 11 | AR36: =IF(OR($AJ36=0),"",ROUND(AM36/$AJ36*1000,2)) -> 0.03 | AS36: =IF(OR($AJ36=0),"",ROUND(AN36/$AJ36*1000,1)) -> 14.7 | AT36: =IF(OR($AJ36=0),"",ROUND(AO36/$AJ36*1000,2)) -> 5.28

Sheet 6
B2: 记录人 | C2: 一期左进水 流量计读数 | D2: 一期右进水 流量计读数 | E2: 二期左进水 流量计读数 | F2: 二期右进水 流量计读数 | G2: 现场出水 流量计读数 | H2: 现场回用水 读数 | I2: 出水流量计 读数（网站） | J2: 回用水流量 （网站） | K2: 污泥流量 计读数 | L2: PAC2#流量计读数 | M2: PAC3#流量计读数 | N2: PAM流量 计读数 | O2: 盐酸流量 计读数 | P2: 氯酸钠流 量计读数 | Q2: 生反池 水温 | R2: 天气 (阴晴雨) | S2: 盐酸液位 差（CM） | T2: 氯酸钠液位差 差（CM） | U2: 最高流量 m3/h | V2: 最低流量 m3/h | W2: 最高液位 m | X2: 最低液位 m | Y2: 超液位时 间（分） | Z2: 备注 | AA2: 一期左 进水流量 | AB2: 一期右 进水流量 | AC2: 二期左 进水流量 | AD2: 二期右 进水流量 | AE2: 现场出水 流量 | AF2: 现场回用水 流量 | AG2: 进出水 流量差 | AH2: 出水流量（网站） | AI2: 回用水流量（网站） | AJ2: 实际处理量（网站） | AK2: 排泥量 m3 | AL2: PAC量 kg | AM2: PAM量 kg | AN2: 盐酸量 kg | AO2: 氯酸钠量 kg | AP2: 碳源用量 kg | AQ2: PAC单耗 ppm | AR2: PAM单耗 ppm | AS2: 盐酸单耗 ppm | AT2: 氯酸钠单耗 ppm
A3: 43617 | B3: ='5'!B34 -> 易萍 | C3: ='5'!C34 -> 18867860 | D3: ='5'!D34 -> 3054428 | E3: ='5'!E34 -> 21173000 | F3: ='5'!F34 -> 21222000 | G3: ='5'!G34 -> 231121154 | H3: ='5'!H34 -> 104690008 | I3: ='5'!I34 -> 231122205 | ... R3: ='5'!R34 -> 晴 | S3: 580 | T3: 600 | U3: 9354 | V3: 8041 | W3: 7.13 | X3: 6.5 | Y3: 1432 | AA3: =IF(OR(C4=""),"",C4-C3) -> 46138 | AB3: =IF(OR(D4=""),"",D4-D3) -> 55068 | AC3: =IF(OR(E4=""),"",E4-E3) -> 56000 | AD3: =IF(OR(F4=""),"",F4-F3) -> 58000 | AE3: =IF(OR(G4=""),"",G4-G3) -> 213673 | AF3: =IF(OR(H4=""),"",H4-H3) -> 5568 | AG3: =IF(OR(AA3="",AB3="",AC3=""),"",AA3+AB3+AC3+AD3-AE3) -> 1533 | AH3: =IF(OR(I4=""),"",I4-I3) -> 212239 | AI3: =IF(OR(J4=""),"",J4-J3) -> 5528 | AJ3: =IF(OR(AH3="",AI3=""),"",AH3-AI3) -> 206711 | AK3: 4200 | AL3: =IF(OR(L4="",M4=""),"",ROUND((L4-L3+M4-M3)*1200,0)) -> 2520 | AM3: =IF(OR(N4=""),"",(ROUND((N4-N3)*2,0))) -> 10 | AN3: =IF(OR(S3=""),"",ROUND(S3*7.1,0)) -> 4118 | AO3: =IF(OR(T3=""),"",ROUND(T3*2.4,0)) -> 1440 | AP3: 1704 | AQ3: =IF(OR($AJ3=""),"",ROUND(AL3/$AJ3*1000,1)) -> 12.2 | AR3: =IF(OR($AJ3=""),"",ROUND(AM3/$AJ3*1000,2)) -> 0.05 | AS3: =IF(OR($AJ3=""),"",ROUND(AN3/$AJ3*1000,1)) -> 19.9 | AT3: =IF(OR($AJ3=""),"",ROUND(AO3/$AJ3*1000,2)) -> 6.97
A4: 43618 | B4: 易萍 | C4: 18913998 | D4: 3109496 | E4: 21229000 | F4: 21280000 | G4: 231334827 | H4: 104695576 | I4: 231334444 | J4: 104695560 | L4: 4246.2 | M4: 3927.4 | N4: 73079.8 | Q4: 25 | R4: 阴 | S4: 470 | T4: 500 | U4: 9485 | V4: 8264 | W4: 7.67 | X4: 6.68 | Y4: 1434 | AA4: =IF(OR(C5=""),"",C5-C4) -> 47414 | AB4: =IF(OR(D5=""),"",D5-D4) -> 57495 | AC4: =IF(OR(E5=""),"",E5-E4) -> 57000 | AD4: =IF(OR(F5=""),"",F5-F4) -> 57000 | AE4: =IF(OR(G5=""),"",G5-G4) -> 212534 | AF4: =IF(OR(H5=""),"",H5-H4) -> 5524 | AG4: =IF(OR(AA4="",AB4="",AC4=""),"",AA4+AB4+AC4+AD4-AE4) -> 6375 | AH4: =IF(OR(I5=""),"",I5-I4) -> 213048 | AI4: =IF(OR(J5=""),"",J5-J4) -> 5544 | AJ4: =IF(OR(AH4="",AI4=""),"",AH4-AI4) -> 207504 | AK4: 4100 | AL4: =IF(OR(L5="",M5=""),"",ROUND((L5-L4+M5-M4)*1200,0)) -> 1560 | AM4: =IF(OR(N5=""),"",(ROUND((N5-N4)*2,0))) -> 3 | AN4: =IF(OR(S4=""),"",ROUND(S4*7.1,0)) -> 3337 | AO4: =IF(OR(T4=""),"",ROUND(T4*2.4,0)) -> 1200 | AP4: 1834 | AQ4: =IF(OR($AJ4=""),"",ROUND(AL4/$AJ4*1000,1)) -> 7.5 | AR4: =IF(OR($AJ4=""),"",ROUND(AM4/$AJ4*1000,2)) -> 0.01 | AS4: =IF(OR($AJ4=""),"",ROUND(AN4/$AJ4*1000,1)) -> 16.1 | AT4: =IF(OR($AJ4=""),"",ROUND(AO4/$AJ4*1000,2)) -> 5.78
A5: 43619 | B5: 易萍 | C5: 18961412 | D5: 3166991 | E5: 21286000 | F5: 21337000 | G5: 231547361 | H5: 104701100 | I5: 231547492 | J5: 104701104 | L5: 4246.2 | M5: 3928.7 | N5: 73081.3 | Q5: 26 | R5: 阴 | S5: 350 | T5: 400 | U5: 9385 | V5: 7998 | W5: 7.83 | X5: 7.35 | Y5: 1425 | AA5: =IF(OR(C6=""),"",C6-C5) -> 46727 | AB5: =IF(OR(D6=""),"",D6-D5) -> 59055 | AC5: =IF(OR(E6=""),"",E6-E5) -> 56000 | AD5: =IF(OR(F6=""),"",F6-F5) -> 58000 | AE5: =IF(OR(G6=""),"",G6-G5) -> 215648 | AF5: =IF(OR(H6=""),"",H6-H5) -> 5552 | AG5: =IF(OR(AA5="",AB5="",AC5=""),"",AA5+AB5+AC5+AD5-AE5) -> 4134 | AH5: =IF(OR(I6=""),"",I6-I5) -> 215201 | AI5: =IF(OR(J6=""),"",J6-J5) -> 5536 | AJ5: =IF(OR(AH5="",AI5=""),"",AH5-AI5) -> 209665 | AK5: 5200 | AL5: =IF(OR(L6="",M6=""),"",ROUND((L6-L5+M6-M5)*1200,0)) -> 0 | AM5: =IF(OR(N6=""),"",(ROUND((N6-N5)*2,0))) -> 0 | AN5: =IF(OR(S5=""),"",ROUND(S5*7.1,0)) -> 2485 | AO5: =IF(OR(T5=""),"",ROUND(T5*2.4,0)) -> 960 | AP5: 1642 | AQ5: =IF(OR($AJ5=""),"",ROUND(AL5/$AJ5*1000,1)) -> 0 | AR5: =IF(OR($AJ5=""),"",ROUND(AM5/$AJ5*1000,2)) -> 0 | AS5: =IF(OR($AJ5=""),"",ROUND(AN5/$AJ5*1000,1)) -> 11.9 | AT5: =IF(OR($AJ5=""),"",ROUND(AO5/$AJ5*1000,2)) -> 4.58
A6: 43620 | B6: 易萍 | C6: 19008139 | D6: 3226046 | E6: 21342000 | F6: 21395000 | G6: 231763009 | H6: 104706652 | I6: 231762693 | J6: 104706640 | L6: 4246.2 | M6: 3928.7 | N6: 73081.4 | Q6: 24.7 | R6: 阴 | S6: 270 | T6: 300 | U6: 9451 | V6: 9021 | W6: 7.61 | X6: 6.72 | Y6: 1367 | AA6: =IF(OR(C7=""),"",C7-C6) -> 48606 | AB6: =IF(OR(D7=""),"",D7-D6) -> 56463 | AC6: =IF(OR(E7=""),"",E7-E6) -> 58000 | AD6: =IF(OR(F7=""),"",F7-F6) -> 60000 | AE6: =IF(OR(G7=""),"",G7-G6) -> 214102 | AF6: =IF(OR(H7=""),"",H7-H6) -> 5536 | AG6: =IF(OR(AA6="",AB6="",AC6=""),"",AA6+AB6+AC6+AD6-AE6) -> 8967 | AH6: =IF(OR(I7=""),"",I7-I6) -> 214316 | AI6: =IF(OR(J7=""),"",J7-J6) -> 5536 | AJ6: =IF(OR(AH6="",AI6=""),"",AH6-AI6) -> 208780 | AK6: 5500 | AL6: =IF(OR(L7="",M7=""),"",ROUND((L7-L6+M7-M6)*1200,0)) -> 0 | AM6: =IF(OR(N7=""),"",(ROUND((N7-N6)*2,0))) -> 0 | AN6: =IF(OR(S6=""),"",ROUND(S6*7.1,0)) -> 1917 | AO6: =IF(OR(T6=""),"",ROUND(T6*2.4,0)) -> 720 | AP6: 1425 | AQ6: =IF(OR($AJ6=""),"",ROUND(AL6/$AJ6*1000,1)) -> 0 | AR6: =IF(OR($AJ6=""),"",ROUND(AM6/$AJ6*1000,2)) -> 0 | AS6: =IF(OR($AJ6=""),"",ROUND(AN6/$AJ6*1000,1)) -> 9.2 | AT6: =IF(OR($AJ6=""),"",ROUND(AO6/$AJ6*1000,2)) -> 3.45
A7: 43621 | B7: 陈智娇 | C7: 19056745 | D7: 3282509 | E7: 21400000 | F7: 21455000 | G7: 231977111 | H7: 104712188 | I7: 231977009 | J7: 104712176 | L7: 4246.2 | M7: 3928.7 | N7: 73081.4 | Q7: 24.9 | R7: 晴 | S7: 280 | T7: 300 | U7: 9403 | V7: 7703 | W7: 6.72 | X7: 5.72 | Y7: 1435 | AA7: =IF(OR(C8=""),"",C8-C7) -> 46654 | AB7: =IF(OR(D8=""),"",D8-D7) -> 55417 | AC7: =IF(OR(E8=""),"",E8-E7) -> 56000 | AD7: =IF(OR(F8=""),"",F8-F7) -> 58000 | AE7: =IF(OR(G8=""),"",G8-G7) -> 213472 | AF7: =IF(OR(H8=""),"",H8-H7) -> 5502 | AG7: =IF(OR(AA7="",AB7="",AC7=""),"",AA7+AB7+AC7+AD7-AE7) -> 2599 | AH7: =IF(OR(I8=""),"",I8-I7) -> 214762 | AI7: =IF(OR(J8=""),"",J8-J7) -> 5514 | AJ7: =IF(OR(AH7="",AI7=""),"",AH7-AI7) -> 209248 | AK7: 5300 | AL7: =IF(OR(L8="",M8=""),"",ROUND((L8-L7+M8-M7)*1200,0)) -> 0 | AM7: =IF(OR(N8=""),"",(ROUND((N8-N7)*2,0))) -> 0 | AN7: =IF(OR(S7=""),"",ROUND(S7*7.1,0)) -> 1988 | AO7: =IF(OR(T7=""),"",ROUND(T7*2.4,0)) -> 720 | AP7: 1502 | AQ7: =IF(OR($AJ7=""),"",ROUND(AL7/$AJ7*1000,1)) -> 0 | AR7: =IF(OR($AJ7=""),"",ROUND(AM7/$AJ7*1000,2)) -> 0 | AS7: =IF(OR($AJ7=""),"",ROUND(AN7/$AJ7*1000,1)) -> 9.5 | AT7: =IF(OR($AJ7=""),"",ROUND(AO7/$AJ7*1000,2)) -> 3.44
A8: 43622 | B8: 仇昊 | C8: 19103399 | D8: 3337926 | E8: 21456000 | F8: 21513000 | G8: 232190583 | H8: 104717690 | I8: 232191771 | J8: 104717690 | L8: 4246.2 | M8: 3928.7 | N8: 73081.4 | Q8: 26.2 | R8: 晴 | S8: 400 | T8: 430 | U8: 9397 | V8: 7825 | W8: 6.21 | X8: 5.78 | Y8: 1431 | AA8: =IF(OR(C9=""),"",C9-C8) -> 47271 | AB8: =IF(OR(D9=""),"",D9-D8) -> 56091 | AC8: =IF(OR(E9=""),"",E9-E8) -> 57000 | AD8: =IF(OR(F9=""),"",F9-F8) -> 59000 | AE8: =IF(OR(G9=""),"",G9-G8) -> 214492 | AF8: =IF(OR(H9=""),"",H9-H8) -> 5592 | AG8: =IF(OR(AA8="",AB8="",AC8=""),"",AA8+AB8+AC8+AD8-AE8) -> 4870 | AH8: =IF(OR(I9=""),"",I9-I8) -> 213289 | AI8: =IF(OR(J9=""),"",J9-J8) -> 5590 | AJ8: =IF(OR(AH8="",AI8=""),"",AH8-AI8) -> 207699 | AK8: 5200 | AL8: =IF(OR(L9="",M9=""),"",ROUND((L9-L8+M9-M8)*1200,0)) -> 240 | AM8: =IF(OR(N9=""),"",(ROUND((N9-N8)*2,0))) -> 2 | AN8: =IF(OR(S8=""),"",ROUND(S8*7.1,0)) -> 2840 | AO8: =IF(OR(T8=""),"",ROUND(T8*2.4,0)) -> 1032 | AP8: 1376 | AQ8: =IF(OR($AJ8=""),"",ROUND(AL8/$AJ8*1000,1)) -> 1.2 | AR8: =IF(OR($AJ8=""),"",ROUND(AM8/$AJ8*1000,2)) -> 0.01 | AS8: =IF(OR($AJ8=""),"",ROUND(AN8/$AJ8*1000,1)) -> 13.7 | AT8: =IF(OR($AJ8=""),"",ROUND(AO8/$AJ8*1000,2)) -> 4.97
A9: 43623 | B9: 易萍 | C9: 19150670 | D9: 3394017 | E9: 21513000 | F9: 21572000 | G9: 232405075 | H9: 104723282 | I9: 232405060 | J9: 104723280 | L9: 4246.2 | M9: 3928.9 | N9: 73082.4 | Q9: 26 | R9: 晴 | S9: 590 | T9: 600 | U9: 9263 | V9: 7785 | W9: 6.23 | X9: 5.65 | Y9: 1434 | AA9: =IF(OR(C10=""),"",C10-C9) -> 46449 | AB9: =IF(OR(D10=""),"",D10-D9) -> 55380 | AC9: =IF(OR(E10=""),"",E10-E9) -> 55000 | AD9: =IF(OR(F10=""),"",F10-F9) -> 57000 | AE9: =IF(OR(G10=""),"",G10-G9) -> 211910 | AF9: =IF(OR(H10=""),"",H10-H9) -> 5578 | AG9: =IF(OR(AA9="",AB9="",AC9=""),"",AA9+AB9+AC9+AD9-AE9) -> 1919 | AH9: =IF(OR(I10=""),"",I10-I9) -> 211667 | AI9: =IF(OR(J10=""),"",J10-J9) -> 5568 | AJ9: =IF(OR(AH9="",AI9=""),"",AH9-AI9) -> 206099 | AK9: 5000 | AL9: =IF(OR(L10="",M10=""),"",ROUND((L10-L9+M10-M9)*1200,0)) -> 480 | AM9: =IF(OR(N10=""),"",(ROUND((N10-N9)*2,0))) -> 4 | AN9: =IF(OR(S9=""),"",ROUND(S9*7.1,0)) -> 4189 | AO9: =IF(OR(T9=""),"",ROUND(T9*2.4,0)) -> 1440 | AP9: 1312 | AQ9: =IF(OR($AJ9=""),"",ROUND(AL9/$AJ9*1000,1)) -> 2.3 | AR9: =IF(OR($AJ9=""),"",ROUND(AM9/$AJ9*1000,2)) -> 0.02 | AS9: =IF(OR($AJ9=""),"",ROUND(AN9/$AJ9*1000,1)) -> 20.3 | AT9: =IF(OR($AJ9=""),"",ROUND(AO9/$AJ9*1000,2)) -> 6.99
A10: 43624 | B10: 易萍 | C10: 19197119 | D10: 3449397 | E10: 21568000 | F10: 21629000 | G10: 232616985 | H10: 104728860 | I10: 232616727 | J10: 104728848 | L10: 4246.2 | M10: 3929.3 | N10: 73084.4 | Q10: 25.2 | R10: 阴 | S10: 610 | T10: 630 | U10: 9365 | V10: 7345 | W10: 6.08 | X10: 5.74 | Y10: 1427 | AA10: =IF(OR(C11=""),"",C11-C10) -> 47992 | AB10: =IF(OR(D11=""),"",D11-D10) -> 56506 | AC10: =IF(OR(E11=""),"",E11-E10) -> 58000 | AD10: =IF(OR(F11=""),"",F11-F10) -> 59000 | AE10: =IF(OR(G11=""),"",G11-G10) -> 211461 | AF10: =IF(OR(H11=""),"",H11-H10) -> 5600 | AG10: =IF(OR(AA10="",AB10="",AC10=""),"",AA10+AB10+AC10+AD10-AE10) -> 10037 | AH10: =IF(OR(I11=""),"",I11-I10) -> 210130 | AI10: =IF(OR(J11=""),"",J11-J10) -> 5560 | AJ10: =IF(OR(AH10="",AI10=""),"",AH10-AI10) -> 204570 | AK10: 4900 | AL10: =IF(OR(L11="",M11=""),"",ROUND((L11-L10+M11-M10)*1200,0)) -> 840 | AM10: =IF(OR(N11=""),"",(ROUND((N11-N10)*2,0))) -> 9 | AN10: =IF(OR(S10=""),"",ROUND(S10*7.1,0)) -> 4331 | AO10: =IF(OR(T10=""),"",ROUND(T10*2.4,0)) -> 1512 | AP10: 1794 | AQ10: =IF(OR($AJ10=""),"",ROUND(AL10/$AJ10*1000,1)) -> 4.1 | AR10: =IF(OR($AJ10=""),"",ROUND(AM10/$AJ10*1000,2)) -> 0.04 | AS10: =IF(OR($AJ10=""),"",ROUND(AN10/$AJ10*1000,1)) -> 21.2 | AT10: =IF(OR($AJ10=""),"",ROUND(AO10/$AJ10*1000,2)) -> 7.39
A11: 43625 | B11: 易萍 | C11: 19245111 | D11: 3505903 | E11: 21626000 | F11: 21688000 | G11: 232828446 | H11: 104734460 | I11: 232826857 | J11: 104734408 | L11: 4246.2 | M11: 3930 | N11: 73089.1 | Q11: 25.6 | R11: 晴 | S11: 350 | T11: 400 | U11: 9311 | V11: 8642 | W11: 6.53 | X11: 5.5 | Y11: 1437 | AA11: =IF(OR(C12=""),"",C12-C11) -> 46047 | AB11: =IF(OR(D12=""),"",D12-D11) -> 54561 | AC11: =IF(OR(E12=""),"",E12-E11) -> 56000 | AD11: =IF(OR(F12=""),"",F12-F11) -> 58000 | AE11: =IF(OR(G12=""),"",G12-G11) -> 211216 | AF11: =IF(OR(H12=""),"",H12-H11) -> 5514 | AG11: =IF(OR(AA11="",AB11="",AC11=""),"",AA11+AB11+AC11+AD11-AE11) -> 3392 | AH11: =IF(OR(I12=""),"",I12-I11) -> 212970 | AI11: =IF(OR(J12=""),"",J12-J11) -> 5568 | AJ11: =IF(OR(AH11="",AI11=""),"",AH11-AI11) -> 207402 | AK11: 4700 | AL11: =IF(OR(L12="",M12=""),"",ROUND((L12-L11+M12-M11)*1200,0)) -> 480 | AM11: =IF(OR(N12=""),"",(ROUND((N12-N11)*2,0))) -> 1 | AN11: =IF(OR(S11=""),"",ROUND(S11*7.1,0)) -> 2485 | AO11: =IF(OR(T11=""),"",ROUND(T11*2.4,0)) -> 960 | AP11: 2078 | AQ11: =IF(OR($AJ11=""),"",ROUND(AL11/$AJ11*1000,1)) -> 2.3 | AR11: =IF(OR($AJ11=""),"",ROUND(AM11/$AJ11*1000,2)) -> 0 | AS11: =IF(OR($AJ11=""),"",ROUND(AN11/$AJ11*1000,1)) -> 12 | AT11: =IF(OR($AJ11=""),"",ROUND(AO11/$AJ11*1000,2)) -> 4.63
A12: 43626 | B12: 易萍 | C12: 19291158 | D12: 3560464 | E12: 21682000 | F12: 21746000 | G12: 233039662 | H12: 104739974 | I12: 233039827 | J12: 104739976 | L12: 4246.2 | M12: 3930.4 | N12: 73089.8 | Q12: 25.4 | R12: 阴 | S12: 300 | T12: 330 | U12: 9364 | V12: 8954 | W12: 6.15 | X12: 5.41 | Y12: 1432 | AA12: =IF(OR(C13=""),"",C13-C12) -> 48014 | AB12: =IF(OR(D13=""),"",D13-D12) -> 56913 | AC12: =IF(OR(E13=""),"",E13-E12) -> 58000 | AD12: =IF(OR(F13=""),"",F13-F12) -> 60000 | AE12: =IF(OR(G13=""),"",G13-G12) -> 210233 | AF12: =IF(OR(H13=""),"",H13-H12) -> 5583 | AG12: =IF(OR(AA12="",AB12="",AC12=""),"",AA12+AB12+AC12+AD12-AE12) -> 12694 | AH12: =IF(OR(I13=""),"",I13-I12) -> 209584 | AI12: =IF(OR(J13=""),"",J13-J12) -> 5568 | AJ12: =IF(OR(AH12="",AI12=""),"",AH12-AI12) -> 204016 | AK12: 4600 | AL12: =IF(OR(L13="",M13=""),"",ROUND((L13-L12+M13-M12)*1200,0)) -> 0 | AM12: =IF(OR(N13=""),"",(ROUND((N13-N12)*2,0))) -> 0 | AN12: =IF(OR(S12=""),"",ROUND(S12*7.1,0)) -> 2130 | AO12: =IF(OR(T12=""),"",ROUND(T12*2.4,0)) -> 792 | AP12: 1454 | AQ12: =IF(OR($AJ12=""),"",ROUND(AL12/$AJ12*1000,1)) -> 0 | AR12: =IF(OR($AJ12=""),"",ROUND(AM12/$AJ12*1000,2)) -> 0 | AS12: =IF(OR($AJ12=""),"",ROUND(AN12/$AJ12*1000,1)) -> 10.4 | AT12: =IF(OR($AJ12=""),"",ROUND(AO12/$AJ12*1000,2)) -> 3.88
A13: 43627 | B13: 易萍 | C13: 19339172 | D13: 3617377 | E13: 21740000 | F13: 21806000 | G13: 233249895 | H13: 104745557 | I13: 233249411 | J13: 104745544 | L13: 4246.2 | M13: 3930.4 | N13: 73089.9 | Q13: 26.5 | R13: 晴 | S13: 220 | T13: 250 | U13: 9943 | V13: 8324 | W13: 6.03 | X13: 5.29 | Y13: 1432 | AA13: =IF(OR(C14=""),"",C14-C13) -> 46552 | AB13: =IF(OR(D14=""),"",D14-D13) -> 56340 | AC13: =IF(OR(E14=""),"",E14-E13) -> 57000 | AD13: =IF(OR(F14=""),"",F14-F13) -> 58000 | AE13: =IF(OR(G14=""),"",G14-G13) -> 206784 | AF13: =IF(OR(H14=""),"",H14-H13) -> 5562 | AG13: =IF(OR(AA13="",AB13="",AC13=""),"",AA13+AB13+AC13+AD13-AE13) -> 11108 | AH13: =IF(OR(I14=""),"",I14-I13) -> 206999 | AI13: =IF(OR(J14=""),"",J14-J13) -> 5560 | AJ13: =IF(OR(AH13="",AI13=""),"",AH13-AI13) -> 201439 | AK13: 4500 | AL13: 0 | AM13: 0 | AN13: =IF(OR(S13=""),"",ROUND(S13*7.1,0)) -> 1562 | AO13: =IF(OR(T13=""),"",ROUND(T13*2.4,0)) -> 600 | AP13: 1496 | AQ13: =IF(OR($AJ13=""),"",ROUND(AL13/$AJ13*1000,1)) -> 0 | AR13: =IF(OR($AJ13=""),"",ROUND(AM13/$AJ13*1000,2)) -> 0 | AS13: =IF(OR($AJ13=""),"",ROUND(AN13/$AJ13*1000,1)) -> 7.8 | AT13: =IF(OR($AJ13=""),"",ROUND(AO13/$AJ13*1000,2)) -> 2.98
A14: 43628 | B14: 贺加贝 | C14: 19385724 | D14: 3673717 | E14: 21797000 | F14: 21864000 | G14: 233456679 | H14: 104751119 | I14: 233456410 | J14: 104751104 | L14: 4246.2 | M14: 3930.4 | N14: 73089.9 | Q14: 26.2 | R14: 晴 | S14: 260 | T14: 290 | U14: 9415 | V14: 8952 | W14: 5.86 | X14: 3.9 | Y14: 1430 | AA14: =IF(OR(C15=""),"",C15-C14) -> 47823 | AB14: =IF(OR(D15=""),"",D15-D14) -> 56765 | AC14: =IF(OR(E15=""),"",E15-E14) -> 59000 | AD14: =IF(OR(F15=""),"",F15-F14) -> 60000 | AE14: =IF(OR(G15=""),"",G15-G14) -> 215439 | AF14: =IF(OR(H15=""),"",H15-H14) -> 5533 | AG14: =IF(OR(AA14="",AB14="",AC14=""),"",AA14+AB14+AC14+AD14-AE14) -> 8149 | AH14: =IF(OR(I15=""),"",I15-I14) -> 216695 | AI14: =IF(OR(J15=""),"",J15-J14) -> 5568 | AJ14: =IF(OR(AH14="",AI14=""),"",AH14-AI14) -> 211127 | AK14: 5300 | AL14: =IF(OR(L15="",M15=""),"",ROUND((L15-L14+M15-M14)*1200,0)) -> 0 | AM14: =IF(OR(N15=""),"",(ROUND((N15-N14)*2,0))) -> 0 | AN14: =IF(OR(S14=""),"",ROUND(S14*7.1,0)) -> 1846 | AO14: =IF(OR(T14=""),"",ROUND(T14*2.4,0)) -> 696 | AP14: 1488 | AQ14: =IF(OR($AJ14=""),"",ROUND(AL14/$AJ14*1000,1)) -> 0 | AR14: =IF(OR($AJ14=""),"",ROUND(AM14/$AJ14*1000,2)) -> 0 | AS14: =IF(OR($AJ14=""),"",ROUND(AN14/$AJ14*1000,1)) -> 8.7 | AT14: =IF(OR($AJ14=""),"",ROUND(AO14/$AJ14*1000,2)) -> 3.3
A15: 43629 | B15: 陈智娇 | C15: 19433547 | D15: 3730482 | E15: 21856000 | F15: 21924000 | G15: 233672118 | H15: 104756652 | I15: 233673105 | J15: 104756672 | L15: 4246.2 | M15: 3930.4 | N15: 73089.9 | Q15: 25.9 | R15: 阴 | S15: 240 | T15: 270 | U15: 10926 | V15: 8432 | W15: 4.14 | X15: 2.47 | Y15: 1038 | AA15: =IF(OR(C16=""),"",C16-C15) -> 48432 | AB15: =IF(OR(D16=""),"",D16-D15) -> 60875 | AC15: =IF(OR(E16=""),"",E16-E15) -> 68000 | AD15: =IF(OR(F16=""),"",F16-F15) -> 70000 | AE15: =IF(OR(G16=""),"",G16-G15) -> 217625 | AF15: =IF(OR(H16=""),"",H16-H15) -> 5588 | AG15: =IF(OR(AA15="",AB15="",AC15=""),"",AA15+AB15+AC15+AD15-AE15) -> 29682 | AH15: =IF(OR(I16=""),"",I16-I15) -> 217047 | AI15: =IF(OR(J16=""),"",J16-J15) -> 5568 | AJ15: =IF(OR(AH15="",AI15=""),"",AH15-AI15) -> 211479 | AK15: 4600 | AL15: =IF(OR(L16="",M16=""),"",ROUND((L16-L15+M16-M15)*1200,0)) -> 0 | AM15: =IF(OR(N16=""),"",(ROUND((N16-N15)*2,0))) -> 0 | AN15: =IF(OR(S15=""),"",ROUND(S15*7.1,0)) -> 1704 | AO15: =IF(OR(T15=""),"",ROUND(T15*2.4,0)) -> 648 | AP15: 1436 | AQ15: =IF(OR($AJ15=""),"",ROUND(AL15/$AJ15*1000,1)) -> 0 | AR15: =IF(OR($AJ15=""),"",ROUND(AM15/$AJ15*1000,2)) -> 0 | AS15: =IF(OR($AJ15=""),"",ROUND(AN15/$AJ15*1000,1)) -> 8.1 | AT15: =IF(OR($AJ15=""),"",ROUND(AO15/$AJ15*1000,2)) -> 3.06
A16: 43630 | B16: 仇昊 | C16: 19481979 | D16: 3791357 | E16: 21924000 | F16: 21994000 | G16: 233889743 | H16: 104762240 | I16: 233890152 | J16: 104762240 | L16: 4246.2 | M16: 3930.4 | N16: 73089.9 | Q16: 25.3 | R16: 雨 | S16: 370 | T16: 400 | U16: 10279 | V16: 3764 | W16: 3.11 | X16: 2.31 | Y16: 0 | AA16: =IF(OR(C17=""),"",C17-C16) -> 41274 | AB16: =IF(OR(D17=""),"",D17-D16) -> 46488 | AC16: =IF(OR(E17=""),"",E17-E16) -> 53000 | AD16: =IF(OR(F17=""),"",F17-F16) -> 52000 | AE16: =IF(OR(G17=""),"",G17-G16) -> 187642 | AF16: =IF(OR(H17=""),"",H17-H16) -> 5593 | AG16: =IF(OR(AA16="",AB16="",AC16=""),"",AA16+AB16+AC16+AD16-AE16) -> 5120 | AH16: =IF(OR(I17=""),"",I17-I16) -> 186160 | AI16: =IF(OR(J17=""),"",J17-J16) -> 5560 | AJ16: =IF(OR(AH16="",AI16=""),"",AH16-AI16) -> 180600 | AK16: 4000 | AL16: =IF(OR(L17="",M17=""),"",ROUND((L17-L16+M17-M16)*1200,0)) -> 960 | AM16: =IF(OR(N17=""),"",(ROUND((N17-N16)*2,0))) -> 2 | AN16: =IF(OR(S16=""),"",ROUND(S16*7.1,0)) -> 2627 | AO16: =IF(OR(T16=""),"",ROUND(T16*2.4,0)) -> 960 | AP16: 1410 | AQ16: =IF(OR($AJ16=""),"",ROUND(AL16/$AJ16*1000,1)) -> 5.3 | AR16: =IF(OR($AJ16=""),"",ROUND(AM16/$AJ16*1000,2)) -> 0.01 | AS16: =IF(OR($AJ16=""),"",ROUND(AN16/$AJ16*1000,1)) -> 14.5 | AT16: =IF(OR($AJ16=""),"",ROUND(AO16/$AJ16*1000,2)) -> 5.32
A17: 43631 | B17: 易萍 | C17: 19523253 | D17: 3837845 | E17: 21977000 | F17: 22046000 | G17: 234077385 | H17: 104767833 | I17: 234076312 | J17: 104767800 | L17: 4246.2 | M17: 3931.2 | N17: 73091.1 | Q17: 25.5 | R17: 雨 | S17: 560 | T17: 580 | U17: 10345 | V17: 5911 | W17: 4.34 | X17: 2.49 | Y17: 1152 | AA17: =IF(OR(C18=""),"",C18-C17) -> 45591 | AB17: =IF(OR(D18=""),"",D18-D17) -> 57760 | AC17: =IF(OR(E18=""),"",E18-E17) -> 65000 | AD17: =IF(OR(F18=""),"",F18-F17) -> 67000 | AE17: =IF(OR(G18=""),"",G18-G17) -> 204489 | AF17: =IF(OR(H18=""),"",H18-H17) -> 5523 | AG17: =IF(OR(AA17="",AB17="",AC17=""),"",AA17+AB17+AC17+AD17-AE17) -> 30862 | AH17: =IF(OR(I18=""),"",I18-I17) -> 205631 | AI17: =IF(OR(J18=""),"",J18-J17) -> 5560 | AJ17: =IF(OR(AH17="",AI17=""),"",AH17-AI17) -> 200071 | AK17: 3600 | AL17: =IF(OR(L18="",M18=""),"",ROUND((L18-L17+M18-M17)*1200,0)) -> 3000 | AM17: =IF(OR(N18=""),"",(ROUND((N18-N17)*2,0))) -> 3 | AN17: =IF(OR(S17=""),"",ROUND(S17*7.1,0)) -> 3976 | AO17: =IF(OR(T17=""),"",ROUND(T17*2.4,0)) -> 1392 | AP17: 1248 | AQ17: =IF(OR($AJ17=""),"",ROUND(AL17/$AJ17*1000,1)) -> 15 | AR17: =IF(OR($AJ17=""),"",ROUND(AM17/$AJ17*1000,2)) -> 0.01 | AS17: =IF(OR($AJ17=""),"",ROUND(AN17/$AJ17*1000,1)) -> 19.9 | AT17: =IF(OR($AJ17=""),"",ROUND(AO17/$AJ17*1000,2)) -> 6.96
A18: 43632 | B18: 潘汝鑫 | C18: 19568844 | D18: 3895605 | E18: 22042000 | F18: 22113000 | G18: 234281874 | H18: 104773356 | I18: 234281943 | J18: 104773360 | L18: 4246.2 | M18: 3933.7 | N18: 73092.6 | Q18: 27.2 | R18: 阴 | S18: 600 | T18: 670 | U18: 10294 | V18: 7319 | W18: 6.17 | X18: 5.22 | Y18: 1432 | AA18: =IF(OR(C19=""),"",C19-C18) -> 44057 | AB18: =IF(OR(D19=""),"",D19-D18) -> 51572 | AC18: =IF(OR(E19=""),"",E19-E18) -> 69000 | AD18: =IF(OR(F19=""),"",F19-F18) -> 69000 | AE18: =IF(OR(G19=""),"",G19-G18) -> 213899 | AF18: =IF(OR(H19=""),"",H19-H18) -> 5580 | AG18: =IF(OR(AA18="",AB18="",AC18=""),"",AA18+AB18+AC18+AD18-AE18) -> 19730 | AH18: =IF(OR(I19=""),"",I19-I18) -> 212660 | AI18: =IF(OR(J19=""),"",J19-J18) -> 5536 | AJ18: =IF(OR(AH18="",AI18=""),"",AH18-AI18) -> 207124 | AK18: 3600 | AL18: =IF(OR(L19="",M19=""),"",ROUND((L19-L18+M19-M18)*1200,0)) -> 4320 | AM18: =IF(OR(N19=""),"",(ROUND((N19-N18)*2,0))) -> 6 | AN18: =IF(OR(S18=""),"",ROUND(S18*7.1,0)) -> 4260 | AO18: =IF(OR(T18=""),"",ROUND(T18*2.4,0)) -> 1608 | AP18: 1869 | AQ18: =IF(OR($AJ18=""),"",ROUND(AL18/$AJ18*1000,1)) -> 20.9 | AR18: =IF(OR($AJ18=""),"",ROUND(AM18/$AJ18*1000,2)) -> 0.03 | AS18: =IF(OR($AJ18=""),"",ROUND(AN18/$AJ18*1000,1)) -> 20.6 | AT18: =IF(OR($AJ18=""),"",ROUND(AO18/$AJ18*1000,2)) -> 7.76
A19: 43633 | B19: 易萍 | C19: 19612901 | D19: 3947177 | E19: 22111000 | F19: 22182000 | G19: 234495773 | H19: 104778936 | I19: 234494603 | J19: 104778896 | L19: 4246.2 | M19: 3937.3 | N19: 73095.6 | Q19: 26.5 | R19: 阴 | S19: 390 | T19: 410 | U19: 9452 | V19: 7952 | W19: 6.93 | X19: 5.95 | Y19: 1436 | AA19: =IF(OR(C20=""),"",C20-C19) -> 40280 | AB19: =IF(OR(D20=""),"",D20-D19) -> 44513 | AC19: =IF(OR(E20=""),"",E20-E19) -> 65000 | AD19: =IF(OR(F20=""),"",F20-F19) -> 66000 | AE19: =IF(OR(G20=""),"",G20-G19) -> 211958 | AF19: =IF(OR(H20=""),"",H20-H19) -> 5511 | AG19: =IF(OR(AA19="",AB19="",AC19=""),"",AA19+AB19+AC19+AD19-AE19) -> 3835 | AH19: =IF(OR(I20=""),"",I20-I19) -> 213122 | AI19: =IF(OR(J20=""),"",J20-J19) -> 5552 | AJ19: =IF(OR(AH19="",AI19=""),"",AH19-AI19) -> 207570 | AK19: 3400 | AL19: =IF(OR(L20="",M20=""),"",ROUND((L20-L19+M20-M19)*1200,0)) -> 1080 | AM19: =IF(OR(N20=""),"",(ROUND((N20-N19)*2,0))) -> 2 | AN19: =IF(OR(S19=""),"",ROUND(S19*7.1,0)) -> 2769 | AO19: =IF(OR(T19=""),"",ROUND(T19*2.4,0)) -> 984 | AP19: 1700 | AQ19: =IF(OR($AJ19=""),"",ROUND(AL19/$AJ19*1000,1)) -> 5.2 | AR19: =IF(OR($AJ19=""),"",ROUND(AM19/$AJ19*1000,2)) -> 0.01 | AS19: =IF(OR($AJ19=""),"",ROUND(AN19/$AJ19*1000,1)) -> 13.3 | AT19: =IF(OR($AJ19=""),"",ROUND(AO19/$AJ19*1000,2)) -> 4.74
A20: 43634 | B20: 易萍 | C20: 19653181 | D20: 3991690 | E20: 22176000 | F20: 22248000 | G20: 234707731 | H20: 104784447 | I20: 234707725 | J20: 104784448 | L20: 4246.2 | M20: 3938.2 | N20: 73096.4 | Q20: 26 | R20: 阴 | S20: 370 | T20: 400 | U20: 9245 | V20: 8563 | W20: 6.54 | X20: 5.74 | Y20: 1433 | AA20: =IF(OR(C21=""),"",C21-C20) -> 42511 | AB20: =IF(OR(D21=""),"",D21-D20) -> 50278 | AC20: =IF(OR(E21=""),"",E21-E20) -> 65000 | AD20: =IF(OR(F21=""),"",F21-F20) -> 66000 | AE20: =IF(OR(G21=""),"",G21-G20) -> 213898 | AF20: =IF(OR(H21=""),"",H21-H20) -> 5521 | AG20: =IF(OR(AA20="",AB20="",AC20=""),"",AA20+AB20+AC20+AD20-AE20) -> 9891 | AH20: =IF(OR(I21=""),"",I21-I20) -> 215019 | AI20: =IF(OR(J21=""),"",J21-J20) -> 5544 | AJ20: =IF(OR(AH20="",AI20=""),"",AH20-AI20) -> 209475 | AK20: 3200 | AL20: =IF(OR(L21="",M21=""),"",ROUND((L21-L20+M21-M20)*1200,0)) -> 0 | AM20: =IF(OR(N21=""),"",(ROUND((N21-N20)*2,0))) -> 0 | AN20: =IF(OR(S20=""),"",ROUND(S20*7.1,0)) -> 2627 | AO20: =IF(OR(T20=""),"",ROUND(T20*2.4,0)) -> 960 | AP20: 1764 | AQ20: =IF(OR($AJ20=""),"",ROUND(AL20/$AJ20*1000,1)) -> 0 | AR20: =IF(OR($AJ20=""),"",ROUND(AM20/$AJ20*1000,2)) -> 0 | AS20: =IF(OR($AJ20=""),"",ROUND(AN20/$AJ20*1000,1)) -> 12.5 | AT20: =IF(OR($AJ20=""),"",ROUND(AO20/$AJ20*1000,2)) -> 4.58
A21: 43635 | B21: 胡叶青 | C21: 19695692 | D21: 4041968 | E21: 22241000 | F21: 22314000 | G21: 234921629 | H21: 104789968 | I21: 234922744 | J21: 104789992 | L21: 4246.2 | M21: 3938.2 | N21: 73096.4 | Q21: 27.3 | R21: 阴 | S21: 280 | T21: 300 | U21: 9234 | V21: 9034 | W21: 6.01 | X21: 5.68 | Y21: 1434 | AA21: =IF(OR(C22=""),"",C22-C21) -> 38900 | AB21: =IF(OR(D22=""),"",D22-D21) -> 43497 | AC21: =IF(OR(E22=""),"",E22-E21) -> 65000 | AD21: =IF(OR(F22=""),"",F22-F21) -> 66000 | AE21: =IF(OR(G22=""),"",G22-G21) -> 212827 | AF21: =IF(OR(H22=""),"",H22-H21) -> 5570 | AG21: =IF(OR(AA21="",AB21="",AC21=""),"",AA21+AB21+AC21+AD21-AE21) -> 570 | AH21: =IF(OR(I22=""),"",I22-I21) -> 211878 | AI21: =IF(OR(J22=""),"",J22-J21) -> 5552 | AJ21: =IF(OR(AH21="",AI21=""),"",AH21-AI21) -> 206326 | AK21: 3600 | AL21: =IF(OR(L22="",M22=""),"",ROUND((L22-L21+M22-M21)*1200,0)) -> 0 | AM21: =IF(OR(N22=""),"",(ROUND((N22-N21)*2,0))) -> 0 | AN21: =IF(OR(S21=""),"",ROUND(S21*7.1,0)) -> 1988 | AO21: =IF(OR(T21=""),"",ROUND(T21*2.4,0)) -> 720 | AP21: 1211 | AQ21: =IF(OR($AJ21=""),"",ROUND(AL21/$AJ21*1000,1)) -> 0 | AR21: =IF(OR($AJ21=""),"",ROUND(AM21/$AJ21*1000,2)) -> 0 | AS21: =IF(OR($AJ21=""),"",ROUND(AN21/$AJ21*1000,1)) -> 9.6 | AT21: =IF(OR($AJ21=""),"",ROUND(AO21/$AJ21*1000,2)) -> 3.49
A22: 43636 | B22: 潘汝鑫 | C22: 19734592 | D22: 4085465 | E22: 22306000 | F22: 22380000 | G22: 235134456 | H22: 104795538 | I22: 235134622 | J22: 104795544 | L22: 4246.2 | M22: 3938.2 | N22: 73096.4 | Q22: 26.5 | R22: 阴 | S22: 550 | T22: 560 | U22: 9397 | V22: 6978 | W22: 6.26 | X22: 4.97 | Y22: 1430 | AA22: =IF(OR(C23=""),"",C23-C22) -> 38396 | AB22: =IF(OR(D23=""),"",D23-D22) -> 43835 | AC22: =IF(OR(E23=""),"",E23-E22) -> 67000 | AD22: =IF(OR(F23=""),"",F23-F22) -> 67000 | AE22: =IF(OR(G23=""),"",G23-G22) -> 209277 | AF22: =IF(OR(H23=""),"",H23-H22) -> 5537 | AG22: =IF(OR(AA22="",AB22="",AC22=""),"",AA22+AB22+AC22+AD22-AE22) -> 6954 | AH22: =IF(OR(I23=""),"",I23-I22) -> 210051 | AI22: =IF(OR(J23=""),"",J23-J22) -> 5552 | AJ22: =IF(OR(AH22="",AI22=""),"",AH22-AI22) -> 204499 | AK22: 4500 | AL22: =IF(OR(L23="",M23=""),"",ROUND((L23-L22+M23-M22)*1200,0)) -> 2760 | AM22: =IF(OR(N23=""),"",(ROUND((N23-N22)*2,0))) -> 4 | AN22: =IF(OR(S22=""),"",ROUND(S22*7.1,0)) -> 3905 | AO22: =IF(OR(T22=""),"",ROUND(T22*2.4,0)) -> 1344 | AP22: 1468 | AQ22: =IF(OR($AJ22=""),"",ROUND(AL22/$AJ22*1000,1)) -> 13.5 | AR22: =IF(OR($AJ22=""),"",ROUND(AM22/$AJ22*1000,2)) -> 0.02 | AS22: =IF(OR($AJ22=""),"",ROUND(AN22/$AJ22*1000,1)) -> 19.1 | AT22: =IF(OR($AJ22=""),"",ROUND(AO22/$AJ22*1000,2)) -> 6.57
A23: 43637 | B23: 易萍 | C23: 19772988 | D23: 4129300 | E23: 22373000 | F23: 22447000 | G23: 235343733 | H23: 104801075 | I23: 235344673 | J23: 104801096 | L23: 4246.2 | M23: 3940.5 | N23: 73098.4 | Q23: 26.8 | R23: 晴 | S23: 580 | T23: 600 | U23: 10321 | V23: 7852 | W23: 6.48 | X23: 4.25 | Y23: 1433 | AA23: =IF(OR(C24=""),"",C24-C23) -> 40927 | AB23: =IF(OR(D24=""),"",D24-D23) -> 46654 | AC23: =IF(OR(E24=""),"",E24-E23) -> 75000 | AD23: =IF(OR(F24=""),"",F24-F23) -> 76000 | AE23: =IF(OR(G24=""),"",G24-G23) -> 213942 | AF23: =IF(OR(H24=""),"",H24-H23) -> 5578 | AG23: =IF(OR(AA23="",AB23="",AC23=""),"",AA23+AB23+AC23+AD23-AE23) -> 24639 | AH23: =IF(OR(I24=""),"",I24-I23) -> 212935 | AI23: =IF(OR(J24=""),"",J24-J23) -> 5552 | AJ23: =IF(OR(AH23="",AI23=""),"",AH23-AI23) -> 207383 | AK23: 4200 | AL23: =IF(OR(L24="",M24=""),"",ROUND((L24-L23+M24-M23)*1200,0)) -> 1320 | AM23: =IF(OR(N24=""),"",(ROUND((N24-N23)*2,0))) -> 2 | AN23: =IF(OR(S23=""),"",ROUND(S23*7.1,0)) -> 4118 | AO23: =IF(OR(T23=""),"",ROUND(T23*2.4,0)) -> 1440 | AP23: 1345 | AQ23: =IF(OR($AJ23=""),"",ROUND(AL23/$AJ23*1000,1)) -> 6.4 | AR23: =IF(OR($AJ23=""),"",ROUND(AM23/$AJ23*1000,2)) -> 0.01 | AS23: =IF(OR($AJ23=""),"",ROUND(AN23/$AJ23*1000,1)) -> 19.9 | AT23: =IF(OR($AJ23=""),"",ROUND(AO23/$AJ23*1000,2)) -> 6.94
A24: 43638 | B24: 易萍 | C24: 19813915 | D24: 4175954 | E24: 22448000 | F24: 22523000 | G24: 235557675 | H24: 104806653 | I24: 235557608 | J24: 104806648 | L24: 4246.2 | M24: 3941.6 | N24: 73099.2 | Q24: 27 | R24: 晴 | S24: 560 | T24: 590 | U24: 9312 | V24: 7762 | W24: 6.43 | X24: 5.41 | Y24: 1433 | AA24: =IF(OR(C25=""),"",C25-C24) -> 39517 | AB24: =IF(OR(D25=""),"",D25-D24) -> 43182 | AC24: =IF(OR(E25=""),"",E25-E24) -> 67000 | AD24: =IF(OR(F25=""),"",F25-F24) -> 69000 | AE24: =IF(OR(G25=""),"",G25-G24) -> 210967 | AF24: =IF(OR(H25=""),"",H25-H24) -> 5558 | AG24: =IF(OR(AA24="",AB24="",AC24=""),"",AA24+AB24+AC24+AD24-AE24) -> 7732 | AH24: =IF(OR(I25=""),"",I25-I24) -> 210654 | AI24: =IF(OR(J25=""),"",J25-J24) -> 5552 | AJ24: =IF(OR(AH24="",AI24=""),"",AH24-AI24) -> 205102 | AK24: 4600 | AL24: =IF(OR(L25="",M25=""),"",ROUND((L25-L24+M25-M24)*1200,0)) -> 3360 | AM24: =IF(OR(N25=""),"",(ROUND((N25-N24)*2,0))) -> 3 | AN24: =IF(OR(S24=""),"",ROUND(S24*7.1,0)) -> 3976 | AO24: =IF(OR(T24=""),"",ROUND(T24*2.4,0)) -> 1416 | AP24: 2063 | AQ24: =IF(OR($AJ24=""),"",ROUND(AL24/$AJ24*1000,1)) -> 16.4 | AR24: =IF(OR($AJ24=""),"",ROUND(AM24/$AJ24*1000,2)) -> 0.01 | AS24: =IF(OR($AJ24=""),"",ROUND(AN24/$AJ24*1000,1)) -> 19.4 | AT24: =IF(OR($AJ24=""),"",ROUND(AO24/$AJ24*1000,2)) -> 6.9
A25: 43639 | B25: 易萍 | C25: 19853432 | D25: 4219136 | E25: 22515000 | F25: 22592000 | G25: 235768642 | H25: 104812211 | I25: 235768262 | J25: 104812200 | L25: 4246.2 | M25: 3944.4 | N25: 73100.6 | Q25: 27.2 | R25: 晴 | S25: 320 | T25: 350 | U25: 9341 | V25: 7012 | W25: 5.93 | X25: 5.29 | Y25: 1435 | AA25: =IF(OR(C26=""),"",C26-C25) -> 38814 | AB25: =IF(OR(D26=""),"",D26-D25) -> 41777 | AC25: =IF(OR(E26=""),"",E26-E25) -> 66000 | AD25: =IF(OR(F26=""),"",F26-F25) -> 67000 | AE25: =IF(OR(G26=""),"",G26-G25) -> 211971 | AF25: =IF(OR(H26=""),"",H26-H25) -> 5574 | AG25: =IF(OR(AA25="",AB25="",AC25=""),"",AA25+AB25+AC25+AD25-AE25) -> 1620 | AH25: =IF(OR(I26=""),"",I26-I25) -> 211628 | AI25: =IF(OR(J26=""),"",J26-J25) -> 5560 | AJ25: =IF(OR(AH25="",AI25=""),"",AH25-AI25) -> 206068 | AK25: 4000 | AL25: =IF(OR(L26="",M26=""),"",ROUND((L26-L25+M26-M25)*1200,0)) -> 1080 | AM25: =IF(OR(N26=""),"",(ROUND((N26-N25)*2,0))) -> 1 | AN25: =IF(OR(S25=""),"",ROUND(S25*7.1,0)) -> 2272 | AO25: =IF(OR(T25=""),"",ROUND(T25*2.4,0)) -> 840 | AP25: 1667 | AQ25: =IF(OR($AJ25=""),"",ROUND(AL25/$AJ25*1000,1)) -> 5.2 | AR25: =IF(OR($AJ25=""),"",ROUND(AM25/$AJ25*1000,2)) -> 0 | AS25: =IF(OR($AJ25=""),"",ROUND(AN25/$AJ25*1000,1)) -> 11 | AT25: =IF(OR($AJ25=""),"",ROUND(AO25/$AJ25*1000,2)) -> 4.08
... A31: 43645 | B31: 易萍 | C31: 20112914 | D31: 4512487 | E31: 22924000 | F31: 23004000 | G31: 237028755 | H31: 104845564 | I31: 237028108 | J31: 104845544 | L31: 4246.2 | M31: 3949.6 | N31: 73104.5 | Q31: 27.5 | R31: 晴 | S31: 790 | T31: 800 | U31: 9312 | V31: 7325 | W31: 6.93 | X31: 5.69 | Y31: 1429 | AA31: =IF(OR(C32=""),"",C32-C31) -> 45508 | AB31: =IF(OR(D32=""),"",D32-D31) -> 54592 | AC31: =IF(OR(E32=""),"",E32-E31) -> 55000 | AD31: =IF(OR(F32=""),"",F32-F31) -> 55000 | AE31: =IF(OR(G32=""),"",G32-G31) -> 208253 | AF31: =IF(OR(H32=""),"",H32-H31) -> 5511 | AG31: =IF(OR(AA31="",AB31="",AC31=""),"",AA31+AB31+AC31+AD31-AE31) -> 1847 | AH31: =IF(OR(I32=""),"",I32-I31) -> 209161 | AI31: =IF(OR(J32=""),"",J32-J31) -> 5536 | AJ31: =IF(OR(AH31="",AI31=""),"",AH31-AI31) -> 203625 | AK31: 3600 | AL31: =IF(OR(L32="",M32=""),"",ROUND((L32-L31+M32-M31)*1200,0)) -> 4800 | AM31: =IF(OR(N32=""),"",(ROUND((N32-N31)*2,0))) -> 4 | AN31: =IF(OR(S31=""),"",ROUND(S31*7.1,0)) -> 5609 | AO31: =IF(OR(T31=""),"",ROUND(T31*2.4,0)) -> 1920 | AP31: 1643 | AQ31: =IF(OR($AJ31=""),"",ROUND(AL31/$AJ31*1000,1)) -> 23.6 | AR31: =IF(OR($AJ31=""),"",ROUND(AM31/$AJ31*1000,2)) -> 0.02 | AS31: =IF(OR($AJ31=""),"",ROUND(AN31/$AJ31*1000,1)) -> 27.5 | AT31: =IF(OR($AJ31=""),"",ROUND(AO31/$AJ31*1000,2)) -> 9.43
A32: 43646 | B32: 易萍 | C32: 20158422 | D32: 4567079 | E32: 22979000 | F32: 23059000 | G32: 237237008 | H32: 104851075 | I32: 237237269 | J32: 104851080 | L32: 4246.2 | M32: 3953.6 | N32: 73106.6 | Q32: 27.4 | R32: 阴 | S32: 600 | T32: 580 | U32: 9596 | V32: 7989 | W32: 6.22 | X32: 5.17 | Y32: 1433 | AA32: =IF(OR(C33=""),"",C33-C32) -> 34977 | AB32: =IF(OR(D33=""),"",D33-D32) -> 41384 | AC32: 49349 | AD32: 48900 | AE32: =IF(OR(G33=""),"",G33-G32) -> 210707 | AF32: =IF(OR(H33=""),"",H33-H32) -> 5568 | AG32: =IF(OR(AA32="",AB32="",AC32=""),"",AA32+AB32+AC32+AD32-AE32) -> -36097 | AH32: =IF(OR(I33=""),"",I33-I32) -> 210158 | AI32: =IF(OR(J33=""),"",J33-J32) -> 5563 | AJ32: =IF(OR(AH32="",AI32=""),"",AH32-AI32) -> 204595 | AK32: 3600 | AL32: =IF(OR(L33="",M33=""),"",ROUND((L33-L32+M33-M32)*1200,0)) -> 720 | AM32: =IF(OR(N33=""),"",(ROUND((N33-N32)*2,0))) -> 0 | AN32: =IF(OR(S32=""),"",ROUND(S32*7.1,0)) -> 4260 | AO32: =IF(OR(T32=""),"",ROUND(T32*2.4,0)) -> 1392 | AP32: 1700 | AQ32: =IF(OR($AJ32=""),"",ROUND(AL32/$AJ32*1000,1)) -> 3.5 | AR32: =IF(OR($AJ32=""),"",ROUND(AM32/$AJ32*1000,2)) -> 0 | AS32: =IF(OR($AJ32=""),"",ROUND(AN32/$AJ32*1000,1)) -> 20.8 | AT32: =IF(OR($AJ32=""),"",ROUND(AO32/$AJ32*1000,2)) -> 6.8
A33: 43647 | B33: 易萍 | C33: 20193399 | D33: 4608463 | E33: 49349 | F33: 23064000 | G33: 237447715 | H33: 104856643 | I33: 237447427 | J33: 104856643 | L33: 4246.2 | M33: 3954.2 | N33: 73106.8 | Q33: 27.6 | R33: 阴 | Z33: 9:18-14:55更换1#进水流量计 | AA33: =IF(OR(C34=""),"",C34-C33) | AB33: =IF(OR(D34=""),"",D34-D33) | AC33: =IF(OR(E34=""),"",E34-E33) | AD33: =IF(OR(F34=""),"",F34-F33) | AE33: =IF(OR(G34=""),"",G34-G33) | AF33: =IF(OR(H34=""),"",H34-H33) | AG33: =IF(OR(AA33="",AB33="",AC33=""),"",AA33+AB33+AC33+AD33-AE33) | AH33: =IF(OR(I34=""),"",I34-I33) | AI33: =IF(OR(J34=""),"",J34-J33) | AJ33: =IF(OR(AH33="",AI33=""),"",AH33-AI33) | AK33: =IF(K33="","",K34-K33) | AL33: =IF(OR(L34="",M34=""),"",ROUND((L34-L33+M34-M33)*1200,0)) | AM33: =IF(OR(N34=""),"",(ROUND((N34-N33)*2,0))) | AN33: =IF(OR(S33=""),"",ROUND(S33*7.1,0)) | AO33: =IF(OR(T33=""),"",ROUND(T33*2.4,0)) | AQ33: =IF(OR($AJ33=""),"",ROUND(AL33/$AJ33*1000,1)) | AR33: =IF(OR($AJ33=""),"",ROUND(AM33/$AJ33*1000,2)) | AS33: =IF(OR($AJ33=""),"",ROUND(AN33/$AJ33*1000,1)) | AT33: =IF(OR($AJ33=""),"",ROUND(AO33/$AJ33*1000,2))
AA36: =IF(OR(C37=""),"",C37-C36) | AB36: =IF(OR(D37=""),"",D37-D36) | AC36: =IF(OR(E37=""),"",E37-E36) | AD36: =IF(OR(F37=""),"",F37-F36) | AE36: =IF(OR(G37=""),"",G37-G36) | AF36: =IF(OR(H37=""),"",H37-H36) | AG36: =IF(OR(AA36="",AB36="",AC36=""),"",AA36+AB36+AC36+AD36-AE36) | AH36: =SUM(AH3:AH34) -> 6325222 | AI36: =SUM(AI3:AI34) -> 166611 | AJ36: =SUM(AJ3:AJ34) -> 6158611 | AK36: =SUM(AK3:AK34) -> 128100 | AL36: =SUM(AL3:AL34) -> 34680 | AM36: =SUM(AM3:AM34) -> 62 | AN36: =SUM(AN3:AN34) -> 100536 | AO36: =SUM(AO3:AO34) -> 35808 | AQ36: =IF(OR($AJ36=0),"",ROUND(AL36/$AJ36*1000,1)) -> 5.6 | AR36: =IF(OR($AJ36=0),"",ROUND(AM36/$AJ36*1000,2)) -> 0.01 | AS36: =IF(OR($AJ36=0),"",ROUND(AN36/$AJ36*1000,1)) -> 16.3 | AT36: =IF(OR($AJ36=0),"",ROUND(AO36/$AJ36*1000,2)) -> 5.81

Sheet 7
B2: 记录人 | C2: 一期左进水 流量计读数 | D2: 一期右进水 流量计读数 | E2: 二期左进水 流量计读数 | F2: 二期右进水 流量计读数 | G2: 现场出水 流量计读数 | H2: 现场回用水 读数 | I2: 出水流量计 读数（网站） | J2: 回用水流量 （网站） | K2: 污泥流量 计读数 | L2: PAC2#流量计读数 | M2: PAC3#流量计读数 | N2: PAM流量 计读数 | O2: 盐酸流量 计读数 | P2: 氯酸钠流 量计读数 | Q2: 生反池 水温 | R2: 天气 (阴晴雨) | S2: 盐酸液位 差（CM） | T2: 氯酸钠液位差 差（CM） | U2: 最高流量 m3/h | V2: 最低流量 m3/h | W2: 最高液位 m | X2: 最低液位 m | Y2: 超液位时 间（分） | Z2: 备注 | AA2: 一期左 进水流量 | AB2: 一期右 进水流量 | AC2: 二期左 进水流量 | AD2: 二期右 进水流量 | AE2: 现场出水 流量 | AF2: 现场回用水 流量 | AG2: 进出水 流量差 | AH2: 出水流量（网站） | AI2: 回用水流量（网站） | AJ2: 实际处理量（网站） | AK2: 排泥量 m3 | AL2: PAC量 kg | AM2: PAM量 kg | AN2: 盐酸量 kg | AO2: 氯酸钠量 kg | AP2: 碳源用量kg | AQ2: PAC单耗 ppm | AR2: PAM单耗 ppm | AS2: 盐酸单耗 ppm | AT2: 氯酸钠单耗 ppm
A3: 43647 | B3: ='6'!B33 -> 易萍 | C3: ='6'!C33 -> 20193399 | D3: ='6'!D33 -> 4608463 | E3: ='6'!E33 -> 49349 | F3: ='6'!F33 -> 23064000 | G3: ='6'!G33 -> 237447715 | H3: ='6'!H33 -> 104856643 | I3: ='6'!I33 -> 237447427 | ... R3: ='6'!R33 -> 阴 | S3: 510 | T3: 550 | U3: 9462 | V3: 7685 | W3: 6.27 | X3: 5.31 | Y3: 1436 | AA3: =IF(OR(C4=""),"",C4-C3) -> 36872 | AB3: =IF(OR(D4=""),"",D4-D3) -> 42081 | AC3: =IF(OR(E4=""),"",E4-E3) -> 58542 | AD3: 59554 | AE3: =IF(OR(G4=""),"",G4-G3) -> 209935 | AF3: =IF(OR(H4=""),"",H4-H3) -> 5542 | AG3: =IF(OR(AA3="",AB3="",AC3=""),"",AA3+AB3+AC3+AD3-AE3) -> -12886 | AH3: =IF(OR(I4=""),"",I4-I3) -> 210173 | AI3: =IF(OR(J4=""),"",J4-J3) -> 5541 | AJ3: =IF(OR(AH3="",AI3=""),"",AH3-AI3) -> 204632 | AK3: 3800 | AL3: =IF(OR(L4="",M4=""),"",ROUND((L4-L3+M4-M3)*1200,0)) -> 0 | AM3: =IF(OR(N4=""),"",(ROUND((N4-N3)*2,0))) -> 0 | AN3: =IF(OR(S3=""),"",ROUND(S3*7.1,0)) -> 3621 | AO3: =IF(OR(T3=""),"",ROUND(T3*2.4,0)) -> 1320 | AP3: 1523 | AQ3: =IF(OR($AJ3=""),"",ROUND(AL3/$AJ3*1000,1)) -> 0 | AR3: =IF(OR($AJ3=""),"",ROUND(AM3/$AJ3*1000,2)) -> 0 | AS3: =IF(OR($AJ3=""),"",ROUND(AN3/$AJ3*1000,1)) -> 17.7 | AT3: =IF(OR($AJ3=""),"",ROUND(AO3/$AJ3*1000,2)) -> 6.45
A4: 43648 | B4: 易萍 | C4: 20230271 | D4: 4650544 | E4: 107891 | F4: 59554 | G4: 237657650 | H4: 104862185 | I4: 237657600 | J4: 104862184 | L4: 4246.2 | M4: 3954.2 | N4: 73107 | Q4: 27 | R4: 雨 | S4: 620 | T4: 650 | U4: 9205 | V4: 8415 | W4: 7.32 | X4: 6.09 | Y4: 1434 | Z4: 9:00-10:45更换2#流量计 | AA4: =IF(OR(C5=""),"",C5-C4) -> 43656 | AB4: =IF(OR(D5=""),"",D5-D4) -> 51636 | AC4: =IF(OR(E5=""),"",E5-E4) -> 60971 | AD4: =IF(OR(F5=""),"",F5-F4) -> 61816 | AE4: =IF(OR(G5=""),"",G5-G4) -> 211178 | AF4: =IF(OR(H5=""),"",H5-H4) -> 5550 | AG4: =IF(OR(AA4="",AB4="",AC4=""),"",AA4+AB4+AC4+AD4-AE4) -> 6901 | AH4: =IF(OR(I5=""),"",I5-I4) -> 211491 | AI4: =IF(OR(J5=""),"",J5-J4) -> 5552 | AJ4: =IF(OR(AH4="",AI4=""),"",AH4-AI4) -> 205939 | AK4: 3500 | AL4: =IF(OR(L5="",M5=""),"",ROUND((L5-L4+M5-M4)*1200,0)) -> 16920 | AM4: =IF(OR(N5=""),"",(ROUND((N5-N4)*2,0))) -> 0 | AN4: =IF(OR(S4=""),"",ROUND(S4*7.1,0)) -> 4402 | AO4: =IF(OR(T4=""),"",ROUND(T4*2.4,0)) -> 1560 | AP4: 1210 | AQ4: =IF(OR($AJ4=""),"",ROUND(AL4/$AJ4*1000,1)) -> 82.2 | AR4: =IF(OR($AJ4=""),"",ROUND(AM4/$AJ4*1000,2)) -> 0 | AS4: =IF(OR($AJ4=""),"",ROUND(AN4/$AJ4*1000,1)) -> 21.4 | AT4: =IF(OR($AJ4=""),"",ROUND(AO4/$AJ4*1000,2)) -> 7.58
A5: 43649 | B5: 陈智娇 | C5: 20273927 | D5: 4702180 | E5: 168862 | F5: 121370 | G5: 237868828 | H5: 104867735 | I5: 237869091 | J5: 104867736 | L5: 4246.2 | M5: 3968.3 | N5: 73107.1 | Q5: 26.5 | R5: 雨 | S5: 430 | T5: 460 | U5: 10242 | V5: 9112 | W5: 7.86 | X5: 6.68 | Y5: 1436 | AA5: =IF(OR(C6=""),"",C6-C5) -> 45207 | AB5: =IF(OR(D6=""),"",D6-D5) -> 53386 | AC5: =IF(OR(E6=""),"",E6-E5) -> 59862 | AD5: =IF(OR(F6=""),"",F6-F5) -> 60449 | AE5: =IF(OR(G6=""),"",G6-G5) -> 214057 | AF5: =IF(OR(H6=""),"",H6-H5) -> 5521 | AG5: =IF(OR(AA5="",AB5="",AC5=""),"",AA5+AB5+AC5+AD5-AE5) -> 4847 | AH5: =IF(OR(I6=""),"",I6-I5) -> 215046 | AI5: =IF(OR(J6=""),"",J6-J5) -> 5544 | AJ5: =IF(OR(AH5="",AI5=""),"",AH5-AI5) -> 209502 | AK5: 3600 | AL5: =IF(OR(L6="",M6=""),"",ROUND((L6-L5+M6-M5)*1200,0)) -> 15840 | AM5: =IF(OR(N6=""),"",(ROUND((N6-N5)*2,0))) -> 0 | AN5: =IF(OR(S5=""),"",ROUND(S5*7.1,0)) -> 3053 | AO5: =IF(OR(T5=""),"",ROUND(T5*2.4,0)) -> 1104 | AP5: 1378 | AQ5: =IF(OR($AJ5=""),"",ROUND(AL5/$AJ5*1000,1)) -> 75.6 | AR5: =IF(OR($AJ5=""),"",ROUND(AM5/$AJ5*1000,2)) -> 0 | AS5: =IF(OR($AJ5=""),"",ROUND(AN5/$AJ5*1000,1)) -> 14.6 | AT5: =IF(OR($AJ5=""),"",ROUND(AO5/$AJ5*1000,2)) -> 5.27
A6: 43650 | B6: 仇昊 | C6: 20319134 | D6: 4755566 | E6: 228724 | F6: 181819 | G6: 238082885 | H6: 104873256 | I6: 238084137 | J6: 104873280 | L6: 4246.2 | M6: 3981.5 | N6: 73107.2 | Q6: 26.8 | R6: 雨 | S6: 570 | T6: 600 | U6: 10211 | V6: 8025 | W6: 7.91 | X6: 7.11 | Y6: 1428 | AA6: =IF(OR(C7=""),"",C7-C6) -> 42277 | AB6: =IF(OR(D7=""),"",D7-D6) -> 48451 | AC6: =IF(OR(E7=""),"",E7-E6) -> 73676 | AD6: =IF(OR(F7=""),"",F7-F6) -> 74806 | AE6: =IF(OR(G7=""),"",G7-G6) -> 216100 | AF6: =IF(OR(H7=""),"",H7-H6) -> 5573 | AG6: =IF(OR(AA6="",AB6="",AC6=""),"",AA6+AB6+AC6+AD6-AE6) -> 23110 | AH6: =IF(OR(I7=""),"",I7-I6) -> 214851 | AI6: =IF(OR(J7=""),"",J7-J6) -> 5552 | AJ6: =IF(OR(AH6="",AI6=""),"",AH6-AI6) -> 209299 | AK6: 3700 | AL6: =IF(OR(L7="",M7=""),"",ROUND((L7-L6+M7-M6)*1200,0)) -> 840 | AM6: =IF(OR(N7=""),"",(ROUND((N7-N6)*2,0))) -> 3 | AN6: =IF(OR(S6=""),"",ROUND(S6*7.1,0)) -> 4047 | AO6: =IF(OR(T6=""),"",ROUND(T6*2.4,0)) -> 1440 | AP6: 1197 | AQ6: =IF(OR($AJ6=""),"",ROUND(AL6/$AJ6*1000,1)) -> 4 | AR6: =IF(OR($AJ6=""),"",ROUND(AM6/$AJ6*1000,2)) -> 0.01 | AS6: =IF(OR($AJ6=""),"",ROUND(AN6/$AJ6*1000,1)) -> 19.3 | AT6: =IF(OR($AJ6=""),"",ROUND(AO6/$AJ6*1000,2)) -> 6.88
A7: 43651 | B7: 易萍 | C7: 20361411 | D7: 4804017 | E7: 302400 | F7: 256625 | G7: 238298985 | H7: 104878829 | I7: 238298988 | J7: 104878832 | L7: 4246.2 | M7: 3982.2 | N7: 73108.6 | Q7: 26.5 | R7: 雨 | S7: 650 | T7: 680 | U7: 9263 | V7: 8065 | W7: 7.95 | X7: 7.42 | Y7: 1433 | AA7: =IF(OR(C8=""),"",C8-C7) -> 44334 | AB7: =IF(OR(D8=""),"",D8-D7) -> 53134 | AC7: =IF(OR(E8=""),"",E8-E7) -> 58187 | AD7: =IF(OR(F8=""),"",F8-F7) -> 59161 | AE7: =IF(OR(G8=""),"",G8-G7) -> 212442 | AF7: =IF(OR(H8=""),"",H8-H7) -> 5562 | AG7: =IF(OR(AA7="",AB7="",AC7=""),"",AA7+AB7+AC7+AD7-AE7) -> 2374 | AH7: =IF(OR(I8=""),"",I8-I7) -> 212154 | AI7: =IF(OR(J8=""),"",J8-J7) -> 5544 | AJ7: =IF(OR(AH7="",AI7=""),"",AH7-AI7) -> 206610 | AK7: 4300 | AL7: =IF(OR(L8="",M8=""),"",ROUND((L8-L7+M8-M7)*1200,0)) -> 1200 | AM7: =IF(OR(N8=""),"",(ROUND((N8-N7)*2,0))) -> 4 | AN7: =IF(OR(S7=""),"",ROUND(S7*7.1,0)) -> 4615 | AO7: =IF(OR(T7=""),"",ROUND(T7*2.4,0)) -> 1632 | AP7: 682 | AQ7: =IF(OR($AJ7=""),"",ROUND(AL7/$AJ7*1000,1)) -> 5.8 | AR7: =IF(OR($AJ7=""),"",ROUND(AM7/$AJ7*1000,2)) -> 0.02 | AS7: =IF(OR($AJ7=""),"",ROUND(AN7/$AJ7*1000,1)) -> 22.3 | AT7: =IF(OR($AJ7=""),"",ROUND(AO7/$AJ7*1000,2)) -> 7.9
A8: 43652 | B8: 易萍 | C8: 20405745 | D8: 4857151 | E8: 360587 | F8: 315786 | G8: 238511427 | H8: 104884391 | I8: 238511142 | J8: 104884376 | L8: 4246.2 | M8: 3983.2 | N8: 73110.4 | Q8: 27.5 | R8: 晴 | S8: 700 | T8: 720 | U8: 9352 | V8: 7525 | W8: 7.81 | X8: 7.18 | Y8: 1430 | AA8: =IF(OR(C9=""),"",C9-C8) -> 41705 | AB8: =IF(OR(D9=""),"",D9-D8) -> 48955 | AC8: =IF(OR(E9=""),"",E9-E8) -> 62228 | AD8: =IF(OR(F9=""),"",F9-F8) -> 62580 | AE8: =IF(OR(G9=""),"",G9-G8) -> 212011 | AF8: =IF(OR(H9=""),"",H9-H8) -> 5511 | AG8: =IF(OR(AA8="",AB8="",AC8=""),"",AA8+AB8+AC8+AD8-AE8) -> 3457 | AH8: =IF(OR(I9=""),"",I9-I8) -> 213318 | AI8: =IF(OR(J9=""),"",J9-J8) -> 5552 | AJ8: =IF(OR(AH8="",AI8=""),"",AH8-AI8) -> 207766 | AK8: 4200 | AL8: =IF(OR(L9="",M9=""),"",ROUND((L9-L8+M9-M8)*1200,0)) -> 0 | AM8: =IF(OR(N9=""),"",(ROUND((N9-N8)*2,0))) -> 0 | AN8: =IF(OR(S8=""),"",ROUND(S8*7.1,0)) -> 4970 | AO8: =IF(OR(T8=""),"",ROUND(T8*2.4,0)) -> 1728 | AP8: 472 | AQ8: =IF(OR($AJ8=""),"",ROUND(AL8/$AJ8*1000,1)) -> 0 | AR8: =IF(OR($AJ8=""),"",ROUND(AM8/$AJ8*1000,2)) -> 0 | AS8: =IF(OR($AJ8=""),"",ROUND(AN8/$AJ8*1000,1)) -> 23.9 | AT8: =IF(OR($AJ8=""),"",ROUND(AO8/$AJ8*1000,2)) -> 8.32
A9: 43653 | B9: 易萍 | C9: 20447450 | D9: 4906106 | E9: 422815 | F9: 378366 | G9: 238723438 | H9: 104889902 | I9: 238724460 | J9: 104889928 | L9: 4246.2 | M9: 3983.2 | N9: 73110.6 | Q9: 27.8 | R9: 晴 | S9: 530 | T9: 550 | U9: 9432 | V9: 8365 | W9: 7.86 | X9: 6.52 | Y9: 1431 | AA9: =IF(OR(C10=""),"",C10-C9) -> 47651 | AB9: =IF(OR(D10=""),"",D10-D9) -> 56134 | AC9: =IF(OR(E10=""),"",E10-E9) -> 57465 | AD9: =IF(OR(F10=""),"",F10-F9) -> 57534 | AE9: =IF(OR(G10=""),"",G10-G9) -> 215311 | AF9: =IF(OR(H10=""),"",H10-H9) -> 5559 | AG9: =IF(OR(AA9="",AB9="",AC9=""),"",AA9+AB9+AC9+AD9-AE9) -> 3473 | AH9: =IF(OR(I10=""),"",I10-I9) -> 214566 | AI9: =IF(OR(J10=""),"",J10-J9) -> 5536 | AJ9: =IF(OR(AH9="",AI9=""),"",AH9-AI9) -> 209030 | AK9: 3600 | AL9: =IF(OR(L10="",M10=""),"",ROUND((L10-L9+M10-M9)*1200,0)) -> 0 | AM9: =IF(OR(N10=""),"",(ROUND((N10-N9)*2,0))) -> 0 | AN9: =IF(OR(S9=""),"",ROUND(S9*7.1,0)) -> 3763 | AO9: =IF(OR(T9=""),"",ROUND(T9*2.4,0)) -> 1320 | AP9: 991 | AQ9: =IF(OR($AJ9=""),"",ROUND(AL9/$AJ9*1000,1)) -> 0 | AR9: =IF(OR($AJ9=""),"",ROUND(AM9/$AJ9*1000,2)) -> 0 | AS9: =IF(OR($AJ9=""),"",ROUND(AN9/$AJ9*1000,1)) -> 18 | AT9: =IF(OR($AJ9=""),"",ROUND(AO9/$AJ9*1000,2)) -> 6.31
A10: 43654 | B10: 易萍 | C10: 20495101 | D10: 4962240 | E10: 480280 | F10: 435900 | G10: 238938749 | H10: 104895461 | I10: 238939026 | J10: 104895464 | L10: 4246.2 | M10: 3983.2 | N10: 73110.7 | Q10: 27.5 | R10: 雨 | S10: 510 | T10: 530 | U10: 9396 | V10: 8021 | W10: 8.15 | X10: 7.33 | Y10: 1436 | AA10: =IF(OR(C11=""),"",C11-C10) -> 41153 | AB10: =IF(OR(D11=""),"",D11-D10) -> 44638 | AC10: =IF(OR(E11=""),"",E11-E10) -> 63089 | AD10: =IF(OR(F11=""),"",F11-F10) -> 64035 | AE10: =IF(OR(G11=""),"",G11-G10) -> 215181 | AF10: =IF(OR(H11=""),"",H11-H10) -> 5553 | AG10: =IF(OR(AA10="",AB10="",AC10=""),"",AA10+AB10+AC10+AD10-AE10) -> -2266 | AH10: =IF(OR(I11=""),"",I11-I10) -> 214944 | AI10: =IF(OR(J11=""),"",J11-J10) -> 5552 | AJ10: =IF(OR(AH10="",AI10=""),"",AH10-AI10) -> 209392 | AK10: 300 | AL10: =IF(OR(L11="",M11=""),"",ROUND((L11-L10+M11-M10)*1200,0)) -> 0 | AM10: =IF(OR(N11=""),"",(ROUND((N11-N10)*2,0))) -> 0 | AN10: =IF(OR(S10=""),"",ROUND(S10*7.1,0)) -> 3621 | AO10: =IF(OR(T10=""),"",ROUND(T10*2.4,0)) -> 1272 | AP10: 1314 | AQ10: =IF(OR($AJ10=""),"",ROUND(AL10/$AJ10*1000,1)) -> 0 | AR10: =IF(OR($AJ10=""),"",ROUND(AM10/$AJ10*1000,2)) -> 0 | AS10: =IF(OR($AJ10=""),"",ROUND(AN10/$AJ10*1000,1)) -> 17.3 | AT10: =IF(OR($AJ10=""),"",ROUND(AO10/$AJ10*1000,2)) -> 6.07
A11: 43655 | B11: 易萍 | C11: 20536254 | D11: 5006878 | E11: 543369 | F11: 499935 | G11: 239153930 | H11: 104901014 | I11: 239153970 | J11: 104901016 | L11: 4246.2 | M11: 3983.2 | N11: 73110.8 | Q11: 27.6 | R11: 晴 | S11: 500 | T11: 510 | U11: 9267 | V11: 8949 | W11: 7.82 | X11: 7.35 | Y11: 1434 | AA11: =IF(OR(C12=""),"",C12-C11) -> 39704 | AB11: =IF(OR(D12=""),"",D12-D11) -> 44161 | AC11: =IF(OR(E12=""),"",E12-E11) -> 64220 | AD11: =IF(OR(F12=""),"",F12-F11) -> 64844 | AE11: =IF(OR(G12=""),"",G12-G11) -> 210389 | AF11: =IF(OR(H12=""),"",H12-H11) -> 5535 | AG11: =IF(OR(AA11="",AB11="",AC11=""),"",AA11+AB11+AC11+AD11-AE11) -> 2540 | AH11: =IF(OR(I12=""),"",I12-I11) -> 210800 | AI11: =IF(OR(J12=""),"",J12-J11) -> 5536 | AJ11: =IF(OR(AH11="",AI11=""),"",AH11-AI11) -> 205264 | AK11: 4500 | AL11: =IF(OR(L12="",M12=""),"",ROUND((L12-L11+M12-M11)*1200,0)) -> 0 | AM11: =IF(OR(N12=""),"",(ROUND((N12-N11)*2,0))) -> 0 | AN11: =IF(OR(S11=""),"",ROUND(S11*7.1,0)) -> 3550 | AO11: =IF(OR(T11=""),"",ROUND(T11*2.4,0)) -> 1224 | AP11: 822 | AQ11: =IF(OR($AJ11=""),"",ROUND(AL11/$AJ11*1000,1)) -> 0 | AR11: =IF(OR($AJ11=""),"",ROUND(AM11/$AJ11*1000,2)) -> 0 | AS11: =IF(OR($AJ11=""),"",ROUND(AN11/$AJ11*1000,1)) -> 17.3 | AT11: =IF(OR($AJ11=""),"",ROUND(AO11/$AJ11*1000,2)) -> 5.96
A12: 43656 | B12: 张亚光 | C12: 20575958 | D12: 5051039 | E12: 607589 | F12: 564779 | G12: 239364319 | H12: 104906549 | I12: 239364770 | J12: 104906552 | L12: 4246.2 | M12: 3983.2 | N12: 73110.9 | Q12: 28.9 | R12: 晴 | S12: 450 | T12: 460 | U12: 9402 | V12: 9012 | W12: 7.59 | X12: 7.02 | Y12: 1434 | AA12: =IF(OR(C13=""),"",C13-C12) -> 42252 | AB12: =IF(OR(D13=""),"",D13-D12) -> 46932 | AC12: =IF(OR(E13=""),"",E13-E12) -> 68188 | AD12: =IF(OR(F13=""),"",F13-F12) -> 69008 | AE12: =IF(OR(G13=""),"",G13-G12) -> 219781 | AF12: =IF(OR(H13=""),"",H13-H12) -> 5548 | AG12: =IF(OR(AA12="",AB12="",AC12=""),"",AA12+AB12+AC12+AD12-AE12) -> 6599 | AH12: =IF(OR(I13=""),"",I13-I12) -> 219037 | AI12: =IF(OR(J13=""),"",J13-J12) -> 5528 | AJ12: =IF(OR(AH12="",AI12=""),"",AH12-AI12) -> 213509 | AK12: 5000 | AL12: =IF(OR(L13="",M13=""),"",ROUND((L13-L12+M13-M12)*1200,0)) -> 0 | AM12: =IF(OR(N13=""),"",(ROUND((N13-N12)*2,0))) -> 0 | AN12: =IF(OR(S12=""),"",ROUND(S12*7.1,0)) -> 3195 | AO12: =IF(OR(T12=""),"",ROUND(T12*2.4,0)) -> 1104 | AP12: 1039 | AQ12: =IF(OR($AJ12=""),"",ROUND(AL12/$AJ12*1000,1)) -> 0 | AR12: =IF(OR($AJ12=""),"",ROUND(AM12/$AJ12*1000,2)) -> 0 | AS12: =IF(OR($AJ12=""),"",ROUND(AN12/$AJ12*1000,1)) -> 15 | AT12: =IF(OR($AJ12=""),"",ROUND(AO12/$AJ12*1000,2)) -> 5.17
A13: 43657 | B13: 陈智娇 | C13: 20618210 | D13: 5097971 | E13: 675777 | F13: 633787 | G13: 239584100 | H13: 104912097 | I13: 239583807 | J13: 104912080 | L13: 4246.2 | M13: 3983.2 | N13: 73110.9 | Q13: 28.1 | R13: 晴 | S13: 530 | T13: 550 | U13: 9395 | V13: 7898 | W13: 7.79 | X13: 6.9 | Y13: 1434 | AA13: =IF(OR(C14=""),"",C14-C13) -> 45287 | AB13: =IF(OR(D14=""),"",D14-D13) -> 54302 | AC13: =IF(OR(E14=""),"",E14-E13) -> 59083 | AD13: =IF(OR(F14=""),"",F14-F13) -> 59588 | AE13: =IF(OR(G14=""),"",G14-G13) -> 215893 | AF13: =IF(OR(H14=""),"",H14-H13) -> 5524 | AG13: =IF(OR(AA13="",AB13="",AC13=""),"",AA13+AB13+AC13+AD13-AE13) -> 2367 | AH13: =IF(OR(I14=""),"",I14-I13) -> 216050 | AI13: =IF(OR(J14=""),"",J14-J13) -> 5536 | AJ13: =IF(OR(AH13="",AI13=""),"",AH13-AI13) -> 210514 | AK13: 4000 | AL13: =IF(OR(L14="",M14=""),"",ROUND((L14-L13+M14-M13)*1200,0)) -> 0 | AM13: =IF(OR(N14=""),"",(ROUND((N14-N13)*2,0))) -> 0 | AN13: =IF(OR(S13=""),"",ROUND(S13*7.1,0)) -> 3763 | AO13: =IF(OR(T13=""),"",ROUND(T13*2.4,0)) -> 1320 | AP13: 1550 | AQ13: =IF(OR($AJ13=""),"",ROUND(AL13/$AJ13*1000,1)) -> 0 | AR13: =IF(OR($AJ13=""),"",ROUND(AM13/$AJ13*1000,2)) -> 0 | AS13: =IF(OR($AJ13=""),"",ROUND(AN13/$AJ13*1000,1)) -> 17.9 | AT13: =IF(OR($AJ13=""),"",ROUND(AO13/$AJ13*1000,2)) -> 6.27
A14: 43658 | B14: 易萍 | C14: 20663497 | D14: 5152273 | E14: 734860 | F14: 693375 | G14: 239799993 | H14: 104917621 | I14: 239799857 | J14: 104917616 | L14: 4246.2 | M14: 3983.2 | N14: 73111.1 | Q14: 28.1 | R14: 晴 | S14: 600 | T14: 620 | U14: 9415 | V14: 7889 | W14: 7.86 | X14: 7.16 | Y14: 1432 | AA14: =IF(OR(C15=""),"",C15-C14) -> 44637 | AB14: =IF(OR(D15=""),"",D15-D14) -> 52394 | AC14: =IF(OR(E15=""),"",E15-E14) -> 60382 | AD14: =IF(OR(F15=""),"",F15-F14) -> 61088 | AE14: =IF(OR(G15=""),"",G15-G14) -> 216359 | AF14: =IF(OR(H15=""),"",H15-H14) -> 5537 | AG14: =IF(OR(AA14="",AB14="",AC14=""),"",AA14+AB14+AC14+AD14-AE14) -> 2142 | AH14: =IF(OR(I15=""),"",I15-I14) -> 216644 | AI14: =IF(OR(J15=""),"",J15-J14) -> 5544 | AJ14: =IF(OR(AH14="",AI14=""),"",AH14-AI14) -> 211100 | AK14: 3800 | AL14: =IF(OR(L15="",M15=""),"",ROUND((L15-L14+M15-M14)*1200,0)) -> 120 | AM14: =IF(OR(N15=""),"",(ROUND((N15-N14)*2,0))) -> 0 | AN14: =IF(OR(S14=""),"",ROUND(S14*7.1,0)) -> 4260 | AO14: =IF(OR(T14=""),"",ROUND(T14*2.4,0)) -> 1488 | AP14: 895 | AQ14: =IF(OR($AJ14=""),"",ROUND(AL14/$AJ14*1000,1)) -> 0.6 | AR14: =IF(OR($AJ14=""),"",ROUND(AM14/$AJ14*1000,2)) -> 0 | AS14: =IF(OR($AJ14=""),"",ROUND(AN14/$AJ14*1000,1)) -> 20.2 | AT14: =IF(OR($AJ14=""),"",ROUND(AO14/$AJ14*1000,2)) -> 7.05
A15: 43659 | B15: 易萍 | C15: 20708134 | D15: 5204667 | E15: 795242 | F15: 754463 | G15: 240016352 | H15: 104923158 | I15: 240016501 | J15: 104923160 | L15: 4246.2 | M15: 3983.3 | N15: 73111.3 | Q15: 28.5 | R15: 晴 | S15: 610 | T15: 630 | U15: 9395 | V15: 8265 | W15: 7.52 | X15: 7.05 | Y15: 1432 | AA15: =IF(OR(C16=""),"",C16-C15) -> 40515 | AB15: =IF(OR(D16=""),"",D16-D15) -> 47225 | AC15: =IF(OR(E16=""),"",E16-E15) -> 63484 | AD15: =IF(OR(F16=""),"",F16-F15) -> 64186 | AE15: =IF(OR(G16=""),"",G16-G15) -> 214999 | AF15: =IF(OR(H16=""),"",H16-H15) -> 5546 | AG15: =IF(OR(AA15="",AB15="",AC15=""),"",AA15+AB15+AC15+AD15-AE15) -> 411 | AH15: =IF(OR(I16=""),"",I16-I15) -> 214850 | AI15: =IF(OR(J16=""),"",J16-J15) -> 5544 | AJ15: =IF(OR(AH15="",AI15=""),"",AH15-AI15) -> 209306 | AK15: 3900 | AL15: =IF(OR(L16="",M16=""),"",ROUND((L16-L15+M16-M15)*1200,0)) -> 0 | AM15: =IF(OR(N16=""),"",(ROUND((N16-N15)*2,0))) -> 0 | AN15: =IF(OR(S15=""),"",ROUND(S15*7.1,0)) -> 4331 | AO15: =IF(OR(T15=""),"",ROUND(T15*2.4,0)) -> 1512 | AP15: 1212 | AQ15: =IF(OR($AJ15=""),"",ROUND(AL15/$AJ15*1000,1)) -> 0 | AR15: =IF(OR($AJ15=""),"",ROUND(AM15/$AJ15*1000,2)) -> 0 | AS15: =IF(OR($AJ15=""),"",ROUND(AN15/$AJ15*1000,1)) -> 20.7 | AT15: =IF(OR($AJ15=""),"",ROUND(AO15/$AJ15*1000,2)) -> 7.22
A16: 43660 | B16: 易萍 | C16: 20748649 | D16: 5251892 | E16: 858726 | F16: 818649 | G16: 240231351 | H16: 104928704 | I16: 240231351 | J16: 104928704 | L16: 4246.2 | M16: 3983.3 | N16: 73111.3 | Q16: 29.1 | R16: 晴 | S16: 510 | T16: 540 | U16: 9425 | V16: 8231 | W16: 7.53 | X16: 6.72 | Y16: 1145 | AA16: =IF(OR(C17=""),"",C17-C16) -> 40825 | AB16: =IF(OR(D17=""),"",D17-D16) -> 44995 | AC16: =IF(OR(E17=""),"",E17-E16) -> 66185 | AD16: =IF(OR(F17=""),"",F17-F16) -> 67009 | AE16: =IF(OR(G17=""),"",G17-G16) -> 211505 | AF16: =IF(OR(H17=""),"",H17-H16) -> 5519 | AG16: =IF(OR(AA16="",AB16="",AC16=""),"",AA16+AB16+AC16+AD16-AE16) -> 7509 | AH16: =IF(OR(I17=""),"",I17-I16) -> 212480 | AI16: =IF(OR(J17=""),"",J17-J16) -> 5544 | AJ16: =IF(OR(AH16="",AI16=""),"",AH16-AI16) -> 206936 | AK16: 3800 | AL16: =IF(OR(L17="",M17=""),"",ROUND((L17-L16+M17-M16)*1200,0)) -> 20400 | AM16: =IF(OR(N17=""),"",(ROUND((N17-N16)*2,0))) -> 6 | AN16: =IF(OR(S16=""),"",ROUND(S16*7.1,0)) -> 3621 | AO16: =IF(OR(T16=""),"",ROUND(T16*2.4,0)) -> 1296 | AP16: 766 | AQ16: =IF(OR($AJ16=""),"",ROUND(AL16/$AJ16*1000,1)) -> 98.6 | AR16: =IF(OR($AJ16=""),"",ROUND(AM16/$AJ16*1000,2)) -> 0.03 | AS16: =IF(OR($AJ16=""),"",ROUND(AN16/$AJ16*1000,1)) -> 17.5 | AT16: =IF(OR($AJ16=""),"",ROUND(AO16/$AJ16*1000,2)) -> 6.26
A17: 43661 | B17: 易萍 | C17: 20789474 | D17: 5296887 | E17: 924911 | F17: 885658 | G17: 240442856 | H17: 104934223 | I17: 240443831 | J17: 104934248 | L17: 4261.6 | M17: 3984.9 | N17: 73114.1 | Q17: 29.2 | R17: 晴 | S17: 500 | T17: 520 | U17: 9385 | V17: 8562 | W17: 7.74 | X17: 6.34 | Y17: 1431 | Z17: 德宏网站异常，7月14日13:37恢复 | AA17: =IF(OR(C18=""),"",C18-C17) -> 46138 | AB17: =IF(OR(D18=""),"",D18-D17) -> 55550 | AC17: =IF(OR(E18=""),"",E18-E17) -> 59714 | AD17: =IF(OR(F18=""),"",F18-F17) -> 60035 | AE17: =IF(OR(G18=""),"",G18-G17) -> 217593 | AF17: =IF(OR(H18=""),"",H18-H17) -> 5569 | AG17: =IF(OR(AA17="",AB17="",AC17=""),"",AA17+AB17+AC17+AD17-AE17) -> 3844 | AH17: =IF(OR(I18=""),"",I18-I17) -> 216746 | AI17: =IF(OR(J18=""),"",J18-J17) -> 5544 | AJ17: =IF(OR(AH17="",AI17=""),"",AH17-AI17) -> 211202 | AK17: 3400 | AL17: =IF(OR(L18="",M18=""),"",ROUND((L18-L17+M18-M17)*1200,0)) -> 18480 | AM17: =IF(OR(N18=""),"",(ROUND((N18-N17)*2,0))) -> 0 | AN17: =IF(OR(S17=""),"",ROUND(S17*7.1,0)) -> 3550 | AO17: =IF(OR(T17=""),"",ROUND(T17*2.4,0)) -> 1248 | AP17: 1546 | AQ17: =IF(OR($AJ17=""),"",ROUND(AL17/$AJ17*1000,1)) -> 87.5 | AR17: =IF(OR($AJ17=""),"",ROUND(AM17/$AJ17*1000,2)) -> 0 | AS17: =IF(OR($AJ17=""),"",ROUND(AN17/$AJ17*1000,1)) -> 16.8 | AT17: =IF(OR($AJ17=""),"",ROUND(AO17/$AJ17*1000,2)) -> 5.91
A18: 43662 | B18: 易萍 | C18: 20835612 | D18: 5352437 | E18: 984625 | F18: 945693 | G18: 240660449 | H18: 104939792 | I18: 240660577 | J18: 104939792 | L18: 4277 | M18: 3984.9 | N18: 73114.3 | Q18: 29 | R18: 阴 | S18: 450 | T18: 470 | U18: 9310 | V18: 8654 | W18: 8.6 | X18: 7.27 | Y18: 1435 | AA18: =IF(OR(C19=""),"",C19-C18) -> 43753 | AB18: =IF(OR(D19=""),"",D19-D18) -> 51604 | AC18: =IF(OR(E19=""),"",E19-E18) -> 59619 | AD18: =IF(OR(F19=""),"",F19-F18) -> 60378 | AE18: =IF(OR(G19=""),"",G19-G18) -> 211937 | AF18: =IF(OR(H19=""),"",H19-H18) -> 5410 | AG18: =IF(OR(AA18="",AB18="",AC18=""),"",AA18+AB18+AC18+AD18-AE18) -> 3417 | AH18: =IF(OR(I19=""),"",I19-I18) -> 217497 | AI18: =IF(OR(J19=""),"",J19-J18) -> 5552 | AJ18: =IF(OR(AH18="",AI18=""),"",AH18-AI18) -> 211945 | AK18: 3800 | AL18: =IF(OR(L19="",M19=""),"",ROUND((L19-L18+M19-M18)*1200,0)) -> 18600 | AM18: =IF(OR(N19=""),"",(ROUND((N19-N18)*2,0))) -> 0 | AN18: =IF(OR(S18=""),"",ROUND(S18*7.1,0)) -> 3195 | AO18: =IF(OR(T18=""),"",ROUND(T18*2.4,0)) -> 1128 | AP18: 1246 | AQ18: =IF(OR($AJ18=""),"",ROUND(AL18/$AJ18*1000,1)) -> 87.8 | AR18: =IF(OR($AJ18=""),"",ROUND(AM18/$AJ18*1000,2)) -> 0 | AS18: =IF(OR($AJ18=""),"",ROUND(AN18/$AJ18*1000,1)) -> 15.1 | AT18: =IF(OR($AJ18=""),"",ROUND(AO18/$AJ18*1000,2)) -> 5.32
A19: 43663 | B19: 潘汝鑫 | C19: 20879365 | D19: 5404041 | E19: 1044244 | F19: 1006071 | G19: 240872386 | H19: 104945202 | I19: 240878074 | J19: 104945344 | L19: 4292.4 | M19: 3985 | N19: 73114.4 | Q19: 28.9 | R19: 晴 | S19: 470 | T19: 490 | U19: 9210 | V19: 9000 | W19: 8.3 | X19: 7.47 | Y19: 1434 | AA19: =IF(OR(C20=""),"",C20-C19) -> 40538 | AB19: =IF(OR(D20=""),"",D20-D19) -> 46176 | AC19: =IF(OR(E20=""),"",E20-E19) -> 65501 | AD19: =IF(OR(F20=""),"",F20-F19) -> 66184 | AE19: =IF(OR(G20=""),"",G20-G19) -> 223251 | AF19: =IF(OR(H20=""),"",H20-H19) -> 5684 | AG19: =IF(OR(AA19="",AB19="",AC19=""),"",AA19+AB19+AC19+AD19-AE19) -> -4852 | AH19: =IF(OR(I20=""),"",I20-I19) -> 218007 | AI19: =IF(OR(J20=""),"",J20-J19) -> 5544 | AJ19: =IF(OR(AH19="",AI19=""),"",AH19-AI19) -> 212463 | AK19: 1800 | AL19: =IF(OR(L20="",M20=""),"",ROUND((L20-L19+M20-M19)*1200,0)) -> 360 | AM19: =IF(OR(N20=""),"",(ROUND((N20-N19)*2,0))) -> 0 | AN19: =IF(OR(S19=""),"",ROUND(S19*7.1,0)) -> 3337 | AO19: =IF(OR(T19=""),"",ROUND(T19*2.4,0)) -> 1176 | AP19: 1208 | AQ19: =IF(OR($AJ19=""),"",ROUND(AL19/$AJ19*1000,1)) -> 1.7 | AR19: =IF(OR($AJ19=""),"",ROUND(AM19/$AJ19*1000,2)) -> 0 | AS19: =IF(OR($AJ19=""),"",ROUND(AN19/$AJ19*1000,1)) -> 15.7 | AT19: =IF(OR($AJ19=""),"",ROUND(AO19/$AJ19*1000,2)) -> 5.54
A20: 43664 | B20: 陈智娇 | C20: 20919903 | D20: 5450217 | E20: 1109745 | F20: 1072255 | G20: 241095637 | H20: 104950886 | I20: 241096081 | J20: 104950888 | L20: 4292.7 | M20: 3985 | N20: 73114.5 | Q20: 29 | R20: 晴 | S20: 490 | T20: 510 | U20: 9351 | V20: 8415 | W20: 7.82 | X20: 6.9 | Y20: 1430 | AA20: =IF(OR(C21=""),"",C21-C20) -> 59448 | AB20: =IF(OR(D21=""),"",D21-D20) -> 71027 | AC20: =IF(OR(E21=""),"",E21-E20) -> 47611 | AD20: =IF(OR(F21=""),"",F21-F20) -> 45658 | AE20: =IF(OR(G21=""),"",G21-G20) -> 218008 | AF20: =IF(OR(H21=""),"",H21-H20) -> 5534 | AG20: =IF(OR(AA20="",AB20="",AC20=""),"",AA20+AB20+AC20+AD20-AE20) -> 5736 | AH20: =IF(OR(I21=""),"",I21-I20) -> 218465 | AI20: =IF(OR(J21=""),"",J21-J20) -> 5552 | AJ20: =IF(OR(AH20="",AI20=""),"",AH20-AI20) -> 212913 | AK20: 3200 | AL20: =IF(OR(L21="",M21=""),"",ROUND((L21-L20+M21-M20)*1200,0)) -> 0 | AM20: =IF(OR(N21=""),"",(ROUND((N21-N20)*2,0))) -> 0 | AN20: =IF(OR(S20=""),"",ROUND(S20*7.1,0)) -> 3479 | AO20: =IF(OR(T20=""),"",ROUND(T20*2.4,0)) -> 1224 | AP20: 1440 | AQ20: =IF(OR($AJ20=""),"",ROUND(AL20/$AJ20*1000,1)) -> 0 | AR20: =IF(OR($AJ20=""),"",ROUND(AM20/$AJ20*1000,2)) -> 0 | AS20: =IF(OR($AJ20=""),"",ROUND(AN20/$AJ20*1000,1)) -> 16.3 | AT20: =IF(OR($AJ20=""),"",ROUND(AO20/$AJ20*1000,2)) -> 5.75
