Workbook

Sheet 1
B2: 记录人 | C2: 一期左进水 流量计读数 | D2: 一期右进水 流量计读数 | E2: 二期左进水 流量计读数 | F2: 二期右进水 流量计读数 | G2: 现场出水 流量计读数 | H2: 现场回用水 读数 | I2: 出水流量计 读数（网站） | J2: 回用水流量 （网站） | K2: 污泥流量 计读数 | L2: PAC2#流量计读数 | M2: PAC3#流量计读数 | N2: PAM流量 计读数 | O2: 盐酸流量 计读数 | P2: 氯酸钠流 量计读数 | Q2: 生反池 水温 | R2: 天气 (阴晴雨) | S2: 盐酸液位 差（CM） | T2: 氯酸钠液位差 差（CM） | U2: 最高流量 m3/h | V2: 最低流量 m3/h | W2: 最高液位 m | X2: 最低液位 m | Y2: 超液位时 间（分） | Z2: 备注 | AA2: 一期左 进水流量 | AB2: 一期右 进水流量 | AC2: 二期左 进水流量 | AD2: 二期右 进水流量 | AE2: 现场出水 流量 | AF2: 现场回用水 流量 | AG2: 进出水 流量差 | AH2: 出水流量（网站） | AI2: 回用水流量（网站） | AJ2: 实际处理量（网站） | AK2: 排泥量 m3 | AL2: PAC量 kg | AM2: PAM量 kg | AN2: 盐酸量 kg | AO2: 氯酸钠量 kg | AP2: 碳源用量kg | AQ2: PAC单耗 ppm | AR2: PAM单耗 ppm | AS2: 盐酸单耗 ppm | AT2: 氯酸钠单耗 ppm
A3: 43831 | B3: 胡叶青 | C3: 28605308 | D3: 14388475 | E3: 10105811 | F3: 9857958 | G3: 273459899 | H3: 105851533 | I3: 273459899 | J3: 105851533 | L3: 4299.8 | M3: 4261.28 | N3: 73752.65 | Q3: 18.5 | R3: 晴 | S3: 350 | T3: 370 | U3: 8301 | V3: 6253 | W3: 4.51 | X3: 3.66 | Y3: 1440 | AA3: =IF(OR(C4=""),"",C4-C3) -> 38624 | AB3: =IF(OR(D4=""),"",D4-D3) -> 46116 | AC3: =IF(OR(E4=""),"",E4-E3) -> 49383 | AD3: =IF(OR(F4=""),"",F4-F3) -> 42968 | AE3: =IF(OR(G4=""),"",G4-G3) -> 181830 | AF3: =IF(OR(H4=""),"",H4-H3) -> 4012 | AG3: =IF(OR(AA3="",AB3="",AC3=""),"",AA3+AB3+AC3+AD3-AE3) -> -4739 | AH3: =IF(OR(I4=""),"",I4-I3) -> 181830 | AI3: =IF(OR(J4=""),"",J4-J3) -> 4012 | AJ3: =IF(OR(AH3="",AI3=""),"",AH3-AI3) -> 177818 | AK3: 3000 | AL3: =IF(OR(L4="",M4=""),"",ROUND((L4-L3+M4-M3)*1200,0)) -> 0 | AM3: =IF(OR(N4=""),"",(ROUND((N4-N3)*2,0))) -> 0 | AN3: =IF(OR(S3=""),"",ROUND(S3*7.1,0)) -> 2485 | AO3: =IF(OR(T3=""),"",ROUND(T3*2.4,0)) -> 888 | AP3: 3395 | AQ3: =IF(OR($AJ3=""),"",ROUND(AL3/$AJ3*1000,1)) -> 0 | AR3: =IF(OR($AJ3=""),"",ROUND(AM3/$AJ3*1000,2)) -> 0 | AS3: =IF(OR($AJ3=""),"",ROUND(AN3/$AJ3*1000,1)) -> 14 | AT3: =IF(OR($AJ3=""),"",ROUND(AO3/$AJ3*1000,2)) -> 4.99
A4: =A3+1 -> 43832 | B4: 潘汝鑫 | C4: 28643932 | D4: 14434591 | E4: 10155194 | F4: 9900926 | G4: 273641729 | H4: 105855545 | I4: 273641729 | J4: 105855545 | L4: 4299.8 | M4: 4261.28 | N4: 73752.65 | Q4: 18.7 | R4: 晴 | S4: 360 | T4: 380 | U4: 8851 | V4: 5412 | W4: 4.8 | X4: 3.42 | Y4: 1440 | AA4: =IF(OR(C5=""),"",C5-C4) -> 37577 | AB4: =IF(OR(D5=""),"",D5-D4) -> 43036 | AC4: =IF(OR(E5=""),"",E5-E4) -> 46117 | AD4: =IF(OR(F5=""),"",F5-F4) -> 40930 | AE4: =IF(OR(G5=""),"",G5-G4) -> 152361 | AF4: =IF(OR(H5=""),"",H5-H4) -> 5169 | AG4: =IF(OR(AA4="",AB4="",AC4=""),"",AA4+AB4+AC4+AD4-AE4) -> 15299 | AH4: =IF(OR(I5=""),"",I5-I4) -> 152361 | AI4: =IF(OR(J5=""),"",J5-J4) -> 5169 | AJ4: =IF(OR(AH4="",AI4=""),"",AH4-AI4) -> 147192 | AK4: 3600 | AL4: =IF(OR(L5="",M5=""),"",ROUND((L5-L4+M5-M4)*1200,0)) -> 0 | AM4: =IF(OR(N5=""),"",(ROUND((N5-N4)*2,0))) -> 0 | AN4: =IF(OR(S4=""),"",ROUND(S4*7.1,0)) -> 2556 | AO4: =IF(OR(T4=""),"",ROUND(T4*2.4,0)) -> 912 | AP4: 3208 | AQ4: =IF(OR($AJ4=""),"",ROUND(AL4/$AJ4*1000,1)) -> 0 | AR4: =IF(OR($AJ4=""),"",ROUND(AM4/$AJ4*1000,2)) -> 0 | AS4: =IF(OR($AJ4=""),"",ROUND(AN4/$AJ4*1000,1)) -> 17.4 | AT4: =IF(OR($AJ4=""),"",ROUND(AO4/$AJ4*1000,2)) -> 6.2
A5: =A4+1 -> 43833 | B5: 陈智娇 | C5: 28681509 | D5: 14477627 | E5: 10201311 | F5: 9941856 | G5: 273794090 | H5: 105860714 | I5: 273794090 | J5: 105860714 | L5: 4299.8 | M5: 4261.28 | N5: 73752.65 | Q5: 18.5 | R5: 晴 | S5: 470 | T5: 490 | U5: 8261 | V5: 5425 | W5: 6.3 | X5: 2.69 | Y5: 1440 | Z5: 3：:0开水解池15圈， | AA5: =IF(OR(C6=""),"",C6-C5) -> 35397 | AB5: =IF(OR(D6=""),"",D6-D5) -> 40571 | AC5: =IF(OR(E6=""),"",E6-E5) -> 44403 | AD5: =IF(OR(F6=""),"",F6-F5) -> 39675 | AE5: =IF(OR(G6=""),"",G6-G5) -> 147857 | AF5: =IF(OR(H6=""),"",H6-H5) -> 5311 | AG5: =IF(OR(AA5="",AB5="",AC5=""),"",AA5+AB5+AC5+AD5-AE5) -> 12189 | AH5: =IF(OR(I6=""),"",I6-I5) -> 147857 | AI5: =IF(OR(J6=""),"",J6-J5) -> 5311 | AJ5: =IF(OR(AH5="",AI5=""),"",AH5-AI5) -> 142546 | AK5: 3500 | AL5: =IF(OR(L6="",M6=""),"",ROUND((L6-L5+M6-M5)*1200,0)) -> 0 | AM5: =IF(OR(N6=""),"",(ROUND((N6-N5)*2,0))) -> 0 | AN5: =IF(OR(S5=""),"",ROUND(S5*7.1,0)) -> 3337 | AO5: =IF(OR(T5=""),"",ROUND(T5*2.4,0)) -> 1176 | AP5: 3286 | AQ5: =IF(OR($AJ5=""),"",ROUND(AL5/$AJ5*1000,1)) -> 0 | AR5: =IF(OR($AJ5=""),"",ROUND(AM5/$AJ5*1000,2)) -> 0 | AS5: =IF(OR($AJ5=""),"",ROUND(AN5/$AJ5*1000,1)) -> 23.4 | AT5: =IF(OR($AJ5=""),"",ROUND(AO5/$AJ5*1000,2)) -> 8.25
A6: =A5+1 -> 43834 | B6: 易萍 | C6: 28716906 | D6: 14518198 | E6: 10245714 | F6: 9981531 | G6: 273941947 | H6: 105866025 | I6: 273941947 | J6: 105866025 | L6: 4299.8 | M6: 4261.28 | N6: 73752.65 | Q6: 18.3 | R6: 晴 | S6: 700 | T6: 720 | U6: 9112 | V6: 7500 | W6: 7.3 | X6: 4.05 | Y6: 1440 | Z6: 11：00关水解池。5：00进水解池 | AA6: =IF(OR(C7=""),"",C7-C6) -> 43202 | AB6: =IF(OR(D7=""),"",D7-D6) -> 51040 | AC6: =IF(OR(E7=""),"",E7-E6) -> 55572 | AD6: =IF(OR(F7=""),"",F7-F6) -> 48868 | AE6: =IF(OR(G7=""),"",G7-G6) -> 174996 | AF6: =IF(OR(H7=""),"",H7-H6) -> 5363 | AG6: =IF(OR(AA6="",AB6="",AC6=""),"",AA6+AB6+AC6+AD6-AE6) -> 23686 | AH6: =IF(OR(I7=""),"",I7-I6) -> 174996 | AI6: =IF(OR(J7=""),"",J7-J6) -> 5363 | AJ6: =IF(OR(AH6="",AI6=""),"",AH6-AI6) -> 169633 | AK6: 3600 | AL6: =IF(OR(L7="",M7=""),"",ROUND((L7-L6+M7-M6)*1200,0)) -> 0 | AM6: =IF(OR(N7=""),"",(ROUND((N7-N6)*2,0))) -> 0 | AN6: =IF(OR(S6=""),"",ROUND(S6*7.1,0)) -> 4970 | AO6: =IF(OR(T6=""),"",ROUND(T6*2.4,0)) -> 1728 | AP6: 3385 | AQ6: =IF(OR($AJ6=""),"",ROUND(AL6/$AJ6*1000,1)) -> 0 | AR6: =IF(OR($AJ6=""),"",ROUND(AM6/$AJ6*1000,2)) -> 0 | AS6: =IF(OR($AJ6=""),"",ROUND(AN6/$AJ6*1000,1)) -> 29.3 | AT6: =IF(OR($AJ6=""),"",ROUND(AO6/$AJ6*1000,2)) -> 10.19
A7: =A6+1 -> 43835 | B7: 易萍 | C7: 28760108 | D7: 14569238 | E7: 10301286 | F7: 10030399 | G7: 274116943 | H7: 105871388 | I7: 274116943 | J7: 105871388 | L7: 4299.8 | M7: 4261.28 | N7: 73752.65 | Q7: 18.2 | R7: 雨 | S7: 590 | T7: 600 | U7: 10211 | V7: 8641 | W7: 7.24 | X7: 6.5 | Y7: 1440 | Z7: 6:30关水解进水 | AA7: =IF(OR(C8=""),"",C8-C7) -> 49225 | AB7: =IF(OR(D8=""),"",D8-D7) -> 61637 | AC7: =IF(OR(E8=""),"",E8-E7) -> 63992 | AD7: =IF(OR(F8=""),"",F8-F7) -> 60740 | AE7: =IF(OR(G8=""),"",G8-G7) -> 209826 | AF7: =IF(OR(H8=""),"",H8-H7) -> 5321 | AG7: =IF(OR(AA7="",AB7="",AC7=""),"",AA7+AB7+AC7+AD7-AE7) -> 25768 | AH7: =IF(OR(I8=""),"",I8-I7) -> 209826 | AI7: =IF(OR(J8=""),"",J8-J7) -> 5321 | AJ7: =IF(OR(AH7="",AI7=""),"",AH7-AI7) -> 204505 | AK7: 3500 | AL7: =IF(OR(L8="",M8=""),"",ROUND((L8-L7+M8-M7)*1200,0)) -> 0 | AM7: =IF(OR(N8=""),"",(ROUND((N8-N7)*2,0))) -> 0 | AN7: =IF(OR(S7=""),"",ROUND(S7*7.1,0)) -> 4189 | AO7: =IF(OR(T7=""),"",ROUND(T7*2.4,0)) -> 1440 | AP7: 2985 | AQ7: =IF(OR($AJ7=""),"",ROUND(AL7/$AJ7*1000,1)) -> 0 | AR7: =IF(OR($AJ7=""),"",ROUND(AM7/$AJ7*1000,2)) -> 0 | AS7: =IF(OR($AJ7=""),"",ROUND(AN7/$AJ7*1000,1)) -> 20.5 | AT7: =IF(OR($AJ7=""),"",ROUND(AO7/$AJ7*1000,2)) -> 7.04
A8: =A7+1 -> 43836 | B8: 易萍 | C8: 28809333 | D8: 14630875 | E8: 10365278 | F8: 10091139 | G8: 274326769 | H8: 105876709 | I8: 274326769 | J8: 105876709 | L8: 4299.8 | M8: 4261.28 | N8: 73752.65 | Q8: 18.5 | R8: 晴 | S8: 640 | T8: 660 | U8: 9152 | V8: 8612 | W8: 7.2 | X8: 5.08 | Y8: 1440 | AA8: =IF(OR(C9=""),"",C9-C8) -> 46890 | AB8: =IF(OR(D9=""),"",D9-D8) -> 58061 | AC8: =IF(OR(E9=""),"",E9-E8) -> 58440 | AD8: =IF(OR(F9=""),"",F9-F8) -> 55614 | AE8: =IF(OR(G9=""),"",G9-G8) -> 205416 | AF8: =IF(OR(H9=""),"",H9-H8) -> 5303 | AG8: =IF(OR(AA8="",AB8="",AC8=""),"",AA8+AB8+AC8+AD8-AE8) -> 13589 | AH8: =IF(OR(I9=""),"",I9-I8) -> 205416 | AI8: =IF(OR(J9=""),"",J9-J8) -> 5303 | AJ8: =IF(OR(AH8="",AI8=""),"",AH8-AI8) -> 200113 | AK8: 3200 | AL8: =IF(OR(L9="",M9=""),"",ROUND((L9-L8+M9-M8)*1200,0)) -> 0 | AM8: =IF(OR(N9=""),"",(ROUND((N9-N8)*2,0))) -> 0 | AN8: =IF(OR(S8=""),"",ROUND(S8*7.1,0)) -> 4544 | AO8: =IF(OR(T8=""),"",ROUND(T8*2.4,0)) -> 1584 | AP8: 2711 | AQ8: =IF(OR($AJ8=""),"",ROUND(AL8/$AJ8*1000,1)) -> 0 | AR8: =IF(OR($AJ8=""),"",ROUND(AM8/$AJ8*1000,2)) -> 0 | AS8: =IF(OR($AJ8=""),"",ROUND(AN8/$AJ8*1000,1)) -> 22.7 | AT8: =IF(OR($AJ8=""),"",ROUND(AO8/$AJ8*1000,2)) -> 7.92
A9: =A8+1 -> 43837 | B9: 易萍 | C9: 28856223 | D9: 14688936 | E9: 10423718 | F9: 10146753 | G9: 274532185 | H9: 105882012 | I9: 274532185 | J9: 105882012 | L9: 4299.8 | M9: 4261.28 | N9: 73752.65 | Q9: 18.5 | R9: 阴 | S9: 520 | T9: 530 | U9: 9253 | V9: 6870 | W9: 5.13 | X9: 2.81 | Y9: 1380 | AA9: =IF(OR(C10=""),"",C10-C9) -> 44596 | AB9: =IF(OR(D10=""),"",D10-D9) -> 56194 | AC9: =IF(OR(E10=""),"",E10-E9) -> 56191 | AD9: =IF(OR(F10=""),"",F10-F9) -> 52942 | AE9: =IF(OR(G10=""),"",G10-G9) -> 211110 | AF9: =IF(OR(H10=""),"",H10-H9) -> 5213 | AG9: =IF(OR(AA9="",AB9="",AC9=""),"",AA9+AB9+AC9+AD9-AE9) -> -1187 | AH9: =IF(OR(I10=""),"",I10-I9) -> 211110 | AI9: =IF(OR(J10=""),"",J10-J9) -> 5213 | AJ9: =IF(OR(AH9="",AI9=""),"",AH9-AI9) -> 205897 | AK9: 3600 | AL9: =IF(OR(L10="",M10=""),"",ROUND((L10-L9+M10-M9)*1200,0)) -> 0 | AM9: =IF(OR(N10=""),"",(ROUND((N10-N9)*2,0))) -> 0 | AN9: =IF(OR(S9=""),"",ROUND(S9*7.1,0)) -> 3692 | AO9: =IF(OR(T9=""),"",ROUND(T9*2.4,0)) -> 1272 | AP9: 2889 | AQ9: =IF(OR($AJ9=""),"",ROUND(AL9/$AJ9*1000,1)) -> 0 | AR9: =IF(OR($AJ9=""),"",ROUND(AM9/$AJ9*1000,2)) -> 0 | AS9: =IF(OR($AJ9=""),"",ROUND(AN9/$AJ9*1000,1)) -> 17.9 | AT9: =IF(OR($AJ9=""),"",ROUND(AO9/$AJ9*1000,2)) -> 6.18
A10: =A9+1 -> 43838 | B10: 仇昊 | C10: 28900819 | D10: 14745130 | E10: 10479909 | F10: 10199695 | G10: 274743295 | H10: 105887225 | I10: 274743295 | J10: 105887225 | L10: 4299.8 | M10: 4261.28 | N10: 73752.65 | Q10: 18.3 | R10: 阴 | S10: 500 | T10: 510 | U10: 9125 | V10: 6875 | W10: 2.18 | X10: 5.41 | Y10: 1400 | AA10: =IF(OR(C11=""),"",C11-C10) -> 41721 | AB10: =IF(OR(D11=""),"",D11-D10) -> 51331 | AC10: =IF(OR(E11=""),"",E11-E10) -> 54420 | AD10: =IF(OR(F11=""),"",F11-F10) -> 47536 | AE10: =IF(OR(G11=""),"",G11-G10) -> 176214 | AF10: =IF(OR(H11=""),"",H11-H10) -> 5319 | AG10: =IF(OR(AA10="",AB10="",AC10=""),"",AA10+AB10+AC10+AD10-AE10) -> 18794 | AH10: =IF(OR(I11=""),"",I11-I10) -> 185881 | AI10: =IF(OR(J11=""),"",J11-J10) -> 5319 | AJ10: =IF(OR(AH10="",AI10=""),"",AH10-AI10) -> 180562 | AK10: 3500 | AL10: =IF(OR(L11="",M11=""),"",ROUND((L11-L10+M11-M10)*1200,0)) -> 0 | AM10: =IF(OR(N11=""),"",(ROUND((N11-N10)*2,0))) -> 0 | AN10: =IF(OR(S10=""),"",ROUND(S10*7.1,0)) -> 3550 | AO10: =IF(OR(T10=""),"",ROUND(T10*2.4,0)) -> 1224 | AP10: 2768 | AQ10: =IF(OR($AJ10=""),"",ROUND(AL10/$AJ10*1000,1)) -> 0 | AR10: =IF(OR($AJ10=""),"",ROUND(AM10/$AJ10*1000,2)) -> 0 | AS10: =IF(OR($AJ10=""),"",ROUND(AN10/$AJ10*1000,1)) -> 19.7 | AT10: =IF(OR($AJ10=""),"",ROUND(AO10/$AJ10*1000,2)) -> 6.78
A11: =A10+1 -> 43839 | B11: 胡叶青 | C11: 28942540 | D11: 14796461 | E11: 10534329 | F11: 10247231 | G11: 274919509 | H11: 105892544 | I11: 274929176 | J11: 105892544 | L11: 4299.8 | M11: 4261.28 | N11: 73752.65 | Q11: 18 | R11: 阴 | S11: 630 | T11: 650 | U11: 8511 | V11: 5920 | W11: 5.06 | X11: 3.8 | Y11: 1440 | AA11: =IF(OR(C12=""),"",C12-C11) -> 41561 | AB11: =IF(OR(D12=""),"",D12-D11) -> 50983 | AC11: =IF(OR(E12=""),"",E12-E11) -> 54413 | AD11: =IF(OR(F12=""),"",F12-F11) -> 46817 | AE11: =IF(OR(G12=""),"",G12-G11) -> 208619 | AF11: =IF(OR(H12=""),"",H12-H11) -> 5654 | AG11: =IF(OR(AA11="",AB11="",AC11=""),"",AA11+AB11+AC11+AD11-AE11) -> -14845 | AH11: =IF(OR(I12=""),"",I12-I11) -> 198952 | AI11: =IF(OR(J12=""),"",J12-J11) -> 5654 | AJ11: =IF(OR(AH11="",AI11=""),"",AH11-AI11) -> 193298 | AK11: 3800 | AL11: =IF(OR(L12="",M12=""),"",ROUND((L12-L11+M12-M11)*1200,0)) -> 0 | AM11: =IF(OR(N12=""),"",(ROUND((N12-N11)*2,0))) -> 0 | AN11: =IF(OR(S11=""),"",ROUND(S11*7.1,0)) -> 4473 | AO11: =IF(OR(T11=""),"",ROUND(T11*2.4,0)) -> 1560 | AP11: 2799 | AQ11: =IF(OR($AJ11=""),"",ROUND(AL11/$AJ11*1000,1)) -> 0 | AR11: =IF(OR($AJ11=""),"",ROUND(AM11/$AJ11*1000,2)) -> 0 | AS11: =IF(OR($AJ11=""),"",ROUND(AN11/$AJ11*1000,1)) -> 23.1 | AT11: =IF(OR($AJ11=""),"",ROUND(AO11/$AJ11*1000,2)) -> 8.07
A12: =A11+1 -> 43840 | B12: 易萍 | C12: 28984101 | D12: 14847444 | E12: 10588742 | F12: 10294048 | G12: 275128128 | H12: 105898198 | I12: 275128128 | J12: 105898198 | L12: 4299.8 | M12: 4261.28 | N12: 73752.65 | Q12: 18.2 | R12: 阴 | S12: 700 | T12: 710 | U12: 10213 | V12: 6021 | W12: 3.55 | X12: 2.41 | Y12: 420 | Z12: 9:00开水解池，6:00停 | AA12: =IF(OR(C13=""),"",C13-C12) -> 50312 | AB12: =IF(OR(D13=""),"",D13-D12) -> 64142 | AC12: =IF(OR(E13=""),"",E13-E12) -> 64013 | AD12: =IF(OR(F13=""),"",F13-F12) -> 57729 | AE12: =IF(OR(G13=""),"",G13-G12) -> 197672 | AF12: =IF(OR(H13=""),"",H13-H12) -> 5514 | AG12: =IF(OR(AA12="",AB12="",AC12=""),"",AA12+AB12+AC12+AD12-AE12) -> 38524 | AH12: =IF(OR(I13=""),"",I13-I12) -> 197672 | AI12: =IF(OR(J13=""),"",J13-J12) -> 5514 | AJ12: =IF(OR(AH12="",AI12=""),"",AH12-AI12) -> 192158 | AK12: 3600 | AL12: =IF(OR(L13="",M13=""),"",ROUND((L13-L12+M13-M12)*1200,0)) -> 0 | AM12: =IF(OR(N13=""),"",(ROUND((N13-N12)*2,0))) -> 0 | AN12: =IF(OR(S12=""),"",ROUND(S12*7.1,0)) -> 4970 | AO12: =IF(OR(T12=""),"",ROUND(T12*2.4,0)) -> 1704 | AP12: 2806 | AQ12: =IF(OR($AJ12=""),"",ROUND(AL12/$AJ12*1000,1)) -> 0 | AR12: =IF(OR($AJ12=""),"",ROUND(AM12/$AJ12*1000,2)) -> 0 | AS12: =IF(OR($AJ12=""),"",ROUND(AN12/$AJ12*1000,1)) -> 25.9 | AT12: =IF(OR($AJ12=""),"",ROUND(AO12/$AJ12*1000,2)) -> 8.87
A13: =A12+1 -> 43841 | B13: 易萍 | C13: 29034413 | D13: 14911586 | E13: 10652755 | F13: 10351777 | G13: 275325800 | H13: 105903712 | I13: 275325800 | J13: 105903712 | L13: 4299.8 | M13: 4261.28 | N13: 73752.65 | Q13: 18.5 | R13: 晴 | S13: 720 | T13: 740 | U13: 9056 | V13: 7412 | W13: 5.12 | X13: 3.78 | Y13: 1320 | AA13: =IF(OR(C14=""),"",C14-C13) -> 44757 | AB13: =IF(OR(D14=""),"",D14-D13) -> 58873 | AC13: =IF(OR(E14=""),"",E14-E13) -> 52150 | AD13: =IF(OR(F14=""),"",F14-F13) -> 47187 | AE13: =IF(OR(G14=""),"",G14-G13) -> 197445 | AF13: =IF(OR(H14=""),"",H14-H13) -> 5587 | AG13: =IF(OR(AA13="",AB13="",AC13=""),"",AA13+AB13+AC13+AD13-AE13) -> 5522 | AH13: =IF(OR(I14=""),"",I14-I13) -> 197445 | AI13: =IF(OR(J14=""),"",J14-J13) -> 5587 | AJ13: =IF(OR(AH13="",AI13=""),"",AH13-AI13) -> 191858 | AK13: 3300 | AL13: =IF(OR(L14="",M14=""),"",ROUND((L14-L13+M14-M13)*1200,0)) -> 1488 | AM13: =IF(OR(N14=""),"",(ROUND((N14-N13)*2,0))) -> 10 | AN13: =IF(OR(S13=""),"",ROUND(S13*7.1,0)) -> 5112 | AO13: =IF(OR(T13=""),"",ROUND(T13*2.4,0)) -> 1776 | AP13: 2836 | AQ13: =IF(OR($AJ13=""),"",ROUND(AL13/$AJ13*1000,1)) -> 7.8 | AR13: =IF(OR($AJ13=""),"",ROUND(AM13/$AJ13*1000,2)) -> 0.05 | AS13: =IF(OR($AJ13=""),"",ROUND(AN13/$AJ13*1000,1)) -> 26.6 | AT13: =IF(OR($AJ13=""),"",ROUND(AO13/$AJ13*1000,2)) -> 9.26
A14: =A13+1 -> 43842 | B14: 陈智娇 | C14: 29079170 | D14: 14970459 | E14: 10704905 | F14: 10398964 | G14: 275523245 | H14: 105909299 | I14: 275523245 | J14: 105909299 | L14: 4299.8 | M14: 4262.52 | N14: 73757.46 | Q14: 18.7 | R14: 晴 | S14: 520 | T14: 550 | U14: 9021 | V14: 5596 | W14: 5.6 | X14: 3.5 | Y14: 1440 | AA14: =IF(OR(C15=""),"",C15-C14) -> 42974 | AB14: =IF(OR(D15=""),"",D15-D14) -> 56457 | AC14: =IF(OR(E15=""),"",E15-E14) -> 51034 | AD14: =IF(OR(F15=""),"",F15-F14) -> 45917 | AE14: =IF(OR(G15=""),"",G15-G14) -> 192360 | AF14: =IF(OR(H15=""),"",H15-H14) -> 5534 | AG14: =IF(OR(AA14="",AB14="",AC14=""),"",AA14+AB14+AC14+AD14-AE14) -> 4022 | AH14: =IF(OR(I15=""),"",I15-I14) -> 192360 | AI14: =IF(OR(J15=""),"",J15-J14) -> 5534 | AJ14: =IF(OR(AH14="",AI14=""),"",AH14-AI14) -> 186826 | AK14: 3500 | AL14: =IF(OR(L15="",M15=""),"",ROUND((L15-L14+M15-M14)*1200,0)) -> 3912 | AM14: =IF(OR(N15=""),"",(ROUND((N15-N14)*2,0))) -> 51 | AN14: =IF(OR(S14=""),"",ROUND(S14*7.1,0)) -> 3692 | AO14: =IF(OR(T14=""),"",ROUND(T14*2.4,0)) -> 1320 | AP14: 3152 | AQ14: =IF(OR($AJ14=""),"",ROUND(AL14/$AJ14*1000,1)) -> 20.9 | AR14: =IF(OR($AJ14=""),"",ROUND(AM14/$AJ14*1000,2)) -> 0.27 | AS14: =IF(OR($AJ14=""),"",ROUND(AN14/$AJ14*1000,1)) -> 19.8 | AT14: =IF(OR($AJ14=""),"",ROUND(AO14/$AJ14*1000,2)) -> 7.07
A15: =A14+1 -> 43843 | B15: 易萍 | C15: 29122144 | D15: 15026916 | E15: 10755939 | F15: 10444881 | G15: 275715605 | H15: 105914833 | I15: 275715605 | J15: 105914833 | L15: 4299.8 | M15: 4265.78 | N15: 73782.82 | Q15: 18.2 | R15: 晴 | S15: 470 | T15: 500 | U15: 7990 | V15: 7211 | W15: 4.72 | X15: 3.32 | Y15: 1440 | AA15: =IF(OR(C16=""),"",C16-C15) -> 40004 | AB15: =IF(OR(D16=""),"",D16-D15) -> 52409 | AC15: =IF(OR(E16=""),"",E16-E15) -> 47379 | AD15: =IF(OR(F16=""),"",F16-F15) -> 42668 | AE15: =IF(OR(G16=""),"",G16-G15) -> 181716 | AF15: =IF(OR(H16=""),"",H16-H15) -> 5545 | AG15: =IF(OR(AA15="",AB15="",AC15=""),"",AA15+AB15+AC15+AD15-AE15) -> 744 | AH15: =IF(OR(I16=""),"",I16-I15) -> 181716 | AI15: =IF(OR(J16=""),"",J16-J15) -> 5545 | AJ15: =IF(OR(AH15="",AI15=""),"",AH15-AI15) -> 176171 | AK15: 3200 | AL15: =IF(OR(L16="",M16=""),"",ROUND((L16-L15+M16-M15)*1200,0)) -> 1296 | AM15: =IF(OR(N16=""),"",(ROUND((N16-N15)*2,0))) -> 19 | AN15: =IF(OR(S15=""),"",ROUND(S15*7.1,0)) -> 3337 | AO15: =IF(OR(T15=""),"",ROUND(T15*2.4,0)) -> 1200 | AP15: 3099 | AQ15: =IF(OR($AJ15=""),"",ROUND(AL15/$AJ15*1000,1)) -> 7.4 | AR15: =IF(OR($AJ15=""),"",ROUND(AM15/$AJ15*1000,2)) -> 0.11 | AS15: =IF(OR($AJ15=""),"",ROUND(AN15/$AJ15*1000,1)) -> 18.9 | AT15: =IF(OR($AJ15=""),"",ROUND(AO15/$AJ15*1000,2)) -> 6.81
A16: =A15+1 -> 43844 | B16: 易萍 | C16: 29162148 | D16: 15079325 | E16: 10803318 | F16: 10487549 | G16: 275897321 | H16: 105920378 | I16: 275897321 | J16: 105920378 | L16: 4299.8 | M16: 4266.86 | N16: 73792.24 | Q16: 18.4 | R16: 晴 | S16: 350 | T16: 370 | U16: 7845 | V16: 5412 | W16: 4.6 | X16: 2.56 | Y16: 1320 | AA16: =IF(OR(C17=""),"",C17-C16) -> 39540 | AB16: =IF(OR(D17=""),"",D17-D16) -> 48318 | AC16: =IF(OR(E17=""),"",E17-E16) -> 45986 | AD16: =IF(OR(F17=""),"",F17-F16) -> 41162 | AE16: =IF(OR(G17=""),"",G17-G16) -> 178124 | AF16: =IF(OR(H17=""),"",H17-H16) -> 5534 | AG16: =IF(OR(AA16="",AB16="",AC16=""),"",AA16+AB16+AC16+AD16-AE16) -> -3118 | AH16: =IF(OR(I17=""),"",I17-I16) -> 178124 | AI16: =IF(OR(J17=""),"",J17-J16) -> 5534 | AJ16: =IF(OR(AH16="",AI16=""),"",AH16-AI16) -> 172590 | AK16: 3500 | AL16: =IF(OR(L17="",M17=""),"",ROUND((L17-L16+M17-M16)*1200,0)) -> 0 | AM16: =IF(OR(N17=""),"",(ROUND((N17-N16)*2,0))) -> 0 | AN16: =IF(OR(S16=""),"",ROUND(S16*7.1,0)) -> 2485 | AO16: =IF(OR(T16=""),"",ROUND(T16*2.4,0)) -> 888 | AP16: 3205 | AQ16: =IF(OR($AJ16=""),"",ROUND(AL16/$AJ16*1000,1)) -> 0 | AR16: =IF(OR($AJ16=""),"",ROUND(AM16/$AJ16*1000,2)) -> 0 | AS16: =IF(OR($AJ16=""),"",ROUND(AN16/$AJ16*1000,1)) -> 14.4 | AT16: =IF(OR($AJ16=""),"",ROUND(AO16/$AJ16*1000,2)) -> 5.15
A17: =A16+1 -> 43845 | B17: 陈智娇 | C17: 29201688 | D17: 15127643 | E17: 10849304 | F17: 10528711 | G17: 276075445 | H17: 105925912 | I17: 276075445 | J17: 105925912 | L17: 4299.8 | M17: 4266.86 | N17: 73792.24 | Q17: 17.8 | R17: 晴 | S17: 380 | T17: 300 | U17: 7600 | V17: 4300 | W17: 4.6 | X17: 2.5 | Y17: 978 | AA17: =IF(OR(C18=""),"",C18-C17) -> 38575 | AB17: =IF(OR(D18=""),"",D18-D17) -> 45918 | AC17: =IF(OR(E18=""),"",E18-E17) -> 44477 | AD17: =IF(OR(F18=""),"",F18-F17) -> 40027 | AE17: =IF(OR(G18=""),"",G18-G17) -> 167153 | AF17: =IF(OR(H18=""),"",H18-H17) -> 5470 | AG17: =IF(OR(AA17="",AB17="",AC17=""),"",AA17+AB17+AC17+AD17-AE17) -> 1844 | AH17: =IF(OR(I18=""),"",I18-I17) -> 167153 | AI17: =IF(OR(J18=""),"",J18-J17) -> 5470 | AJ17: =IF(OR(AH17="",AI17=""),"",AH17-AI17) -> 161683 | AK17: 5000 | AL17: =IF(OR(L18="",M18=""),"",ROUND((L18-L17+M18-M17)*1200,0)) -> 0 | AM17: =IF(OR(N18=""),"",(ROUND((N18-N17)*2,0))) -> 0 | AN17: =IF(OR(S17=""),"",ROUND(S17*7.1,0)) -> 2698 | AO17: =IF(OR(T17=""),"",ROUND(T17*2.4,0)) -> 720 | AP17: 3155 | AQ17: =IF(OR($AJ17=""),"",ROUND(AL17/$AJ17*1000,1)) -> 0 | AR17: =IF(OR($AJ17=""),"",ROUND(AM17/$AJ17*1000,2)) -> 0 | AS17: =IF(OR($AJ17=""),"",ROUND(AN17/$AJ17*1000,1)) -> 16.7 | AT17: =IF(OR($AJ17=""),"",ROUND(AO17/$AJ17*1000,2)) -> 4.45
A18: =A17+1 -> 43846 | B18: 仇昊 | C18: 29240263 | D18: 15173561 | E18: 10893781 | F18: 10568738 | G18: 276242598 | H18: 105931382 | I18: 276242598 | J18: 105931382 | L18: 4299.8 | M18: 4266.86 | N18: 73792.24 | Q18: 17.6 | R18: 晴 | S18: 450 | T18: 470 | U18: 7512 | V18: 3146 | W18: 5.24 | X18: 2.35 | Y18: 1260 | AA18: =IF(OR(C19=""),"",C19-C18) -> 36218 | AB18: =IF(OR(D19=""),"",D19-D18) -> 42559 | AC18: =IF(OR(E19=""),"",E19-E18) -> 40995 | AD18: =IF(OR(F19=""),"",F19-F18) -> 37138 | AE18: =IF(OR(G19=""),"",G19-G18) -> 154241 | AF18: =IF(OR(H19=""),"",H19-H18) -> 5596 | AG18: =IF(OR(AA18="",AB18="",AC18=""),"",AA18+AB18+AC18+AD18-AE18) -> 2669 | AH18: =IF(OR(I19=""),"",I19-I18) -> 154241 | AI18: =IF(OR(J19=""),"",J19-J18) -> 5596 | AJ18: =IF(OR(AH18="",AI18=""),"",AH18-AI18) -> 148645 | AK18: 5200 | AL18: =IF(OR(L19="",M19=""),"",ROUND((L19-L18+M19-M18)*1200,0)) -> 0 | AM18: =IF(OR(N19=""),"",(ROUND((N19-N18)*2,0))) -> 0 | AN18: =IF(OR(S18=""),"",ROUND(S18*7.1,0)) -> 3195 | AO18: =IF(OR(T18=""),"",ROUND(T18*2.4,0)) -> 1128 | AP18: 2825 | AQ18: =IF(OR($AJ18=""),"",ROUND(AL18/$AJ18*1000,1)) -> 0 | AR18: =IF(OR($AJ18=""),"",ROUND(AM18/$AJ18*1000,2)) -> 0 | AS18: =IF(OR($AJ18=""),"",ROUND(AN18/$AJ18*1000,1)) -> 21.5 | AT18: =IF(OR($AJ18=""),"",ROUND(AO18/$AJ18*1000,2)) -> 7.59
A19: =A18+1 -> 43847 | B19: 易萍 | C19: 29276481 | D19: 15216120 | E19: 10934776 | F19: 10605876 | G19: 276396839 | H19: 105936978 | I19: 276396839 | J19: 105936978 | L19: 4299.8 | M19: 4266.86 | N19: 73792.24 | Q19: 20.8 | R19: 晴 | S19: 750 | T19: 760 | U19: 7994 | V19: 3139 | W19: 4.52 | X19: 2.8 | Y19: 1230 | AA19: =IF(OR(C20=""),"",C20-C19) -> 37871 | AB19: =IF(OR(D20=""),"",D20-D19) -> 45017 | AC19: =IF(OR(E20=""),"",E20-E19) -> 43390 | AD19: =IF(OR(F20=""),"",F20-F19) -> 38996 | AE19: =IF(OR(G20=""),"",G20-G19) -> 164922 | AF19: =IF(OR(H20=""),"",H20-H19) -> 5560 | AG19: =IF(OR(AA19="",AB19="",AC19=""),"",AA19+AB19+AC19+AD19-AE19) -> 352 | AH19: =IF(OR(I20=""),"",I20-I19) -> 164922 | AI19: =IF(OR(J20=""),"",J20-J19) -> 5560 | AJ19: =IF(OR(AH19="",AI19=""),"",AH19-AI19) -> 159362 | AK19: 5000 | AL19: =IF(OR(L20="",M20=""),"",ROUND((L20-L19+M20-M19)*1200,0)) -> 1644 | AM19: =IF(OR(N20=""),"",(ROUND((N20-N19)*2,0))) -> 3 | AN19: =IF(OR(S19=""),"",ROUND(S19*7.1,0)) -> 5325 | AO19: =IF(OR(T19=""),"",ROUND(T19*2.4,0)) -> 1824 | AP19: 2453 | AQ19: =IF(OR($AJ19=""),"",ROUND(AL19/$AJ19*1000,1)) -> 10.3 | AR19: =IF(OR($AJ19=""),"",ROUND(AM19/$AJ19*1000,2)) -> 0.02 | AS19: =IF(OR($AJ19=""),"",ROUND(AN19/$AJ19*1000,1)) -> 33.4 | AT19: =IF(OR($AJ19=""),"",ROUND(AO19/$AJ19*1000,2)) -> 11.45
A20: =A19+1 -> 43848 | B20: 易萍 | C20: 29314352 | D20: 15261137 | E20: 10978166 | F20: 10644872 | G20: 276561761 | H20: 105942538 | I20: 276561761 | J20: 105942538 | L20: 4299.8 | M20: 4268.23 | N20: 73793.77 | Q20: 22.5 | R20: 晴 | S20: 700 | T20: 710 | U20: 7237 | V20: 5104 | W20: 5.53 | X20: 2.67 | Y20: 1260 | AA20: =IF(OR(C21=""),"",C21-C20) -> 37113 | AB20: =IF(OR(D21=""),"",D21-D20) -> 42974 | AC20: =IF(OR(E21=""),"",E21-E20) -> 41949 | AD20: =IF(OR(F21=""),"",F21-F20) -> 37849 | AE20: =IF(OR(G21=""),"",G21-G20) -> 151904 | AF20: =IF(OR(H21=""),"",H21-H20) -> 5528 | AG20: =IF(OR(AA20="",AB20="",AC20=""),"",AA20+AB20+AC20+AD20-AE20) -> 7981 | AH20: =IF(OR(I21=""),"",I21-I20) -> 151904 | AI20: =IF(OR(J21=""),"",J21-J20) -> 5528 | AJ20: =IF(OR(AH20="",AI20=""),"",AH20-AI20) -> 146376 | AK20: 5100 | AL20: =IF(OR(L21="",M21=""),"",ROUND((L21-L20+M21-M20)*1200,0)) -> 9060 | AM20: =IF(OR(N21=""),"",(ROUND((N21-N20)*2,0))) -> 51 | AN20: =IF(OR(S20=""),"",ROUND(S20*7.1,0)) -> 4970 | AO20: =IF(OR(T20=""),"",ROUND(T20*2.4,0)) -> 1704 | AP20: 3191 | AQ20: =IF(OR($AJ20=""),"",ROUND(AL20/$AJ20*1000,1)) -> 61.9 | AR20: =IF(OR($AJ20=""),"",ROUND(AM20/$AJ20*1000,2)) -> 0.35 | AS20: =IF(OR($AJ20=""),"",ROUND(AN20/$AJ20*1000,1)) -> 34 | AT20: =IF(OR($AJ20=""),"",ROUND(AO20/$AJ20*1000,2)) -> 11.64
A21: =A20+1 -> 43849 | B21: 易萍 | C21: 29351465 | D21: 15304111 | E21: 11020115 | F21: 10682721 | G21: 276713665 | H21: 105948066 | I21: 276713665 | J21: 105948066 | L21: 4299.8 | M21: 4275.78 | N21: 73819.17 | Q21: 25 | R21: 晴 | S21: 480 | T21: 500 | U21: 8039 | V21: 4979 | W21: 5.42 | X21: 2.9 | Y21: 1140 | AA21: =IF(OR(C22=""),"",C22-C21) -> 39498 | AB21: =IF(OR(D22=""),"",D22-D21) -> 47209 | AC21: =IF(OR(E22=""),"",E22-E21) -> 45751 | AD21: =IF(OR(F22=""),"",F22-F21) -> 40772 | AE21: =IF(OR(G22=""),"",G22-G21) -> 171566 | AF21: =IF(OR(H22=""),"",H22-H21) -> 5514 | AG21: =IF(OR(AA21="",AB21="",AC21=""),"",AA21+AB21+AC21+AD21-AE21) -> 1664 | AH21: =IF(OR(I22=""),"",I22-I21) -> 171566 | AI21: =IF(OR(J22=""),"",J22-J21) -> 5514 | AJ21: =IF(OR(AH21="",AI21=""),"",AH21-AI21) -> 166052 | AK21: 4000 | AL21: =IF(OR(L22="",M22=""),"",ROUND((L22-L21+M22-M21)*1200,0)) -> 0 | AM21: =IF(OR(N22=""),"",(ROUND((N22-N21)*2,0))) -> 0 | AN21: =IF(OR(S21=""),"",ROUND(S21*7.1,0)) -> 3408 | AO21: =IF(OR(T21=""),"",ROUND(T21*2.4,0)) -> 1200 | AP21: 3140 | AQ21: =IF(OR($AJ21=""),"",ROUND(AL21/$AJ21*1000,1)) -> 0 | AR21: =IF(OR($AJ21=""),"",ROUND(AM21/$AJ21*1000,2)) -> 0 | AS21: =IF(OR($AJ21=""),"",ROUND(AN21/$AJ21*1000,1)) -> 20.5 | AT21: =IF(OR($AJ21=""),"",ROUND(AO21/$AJ21*1000,2)) -> 7.23
A22: =A21+1 -> 43850 | B22: 易萍 | C22: 29390963 | D22: 15351320 | E22: 11065866 | F22: 10723493 | G22: 276885231 | H22: 105953580 | I22: 276885231 | J22: 105953580 | L22: 4299.8 | M22: 4275.78 | N22: 73819.17 | Q22: 17.8 | R22: 阴 | S22: 650 | T22: 640 | U22: 6582 | V22: 1825 | W22: 4.61 | X22: 2.23 | Y22: 1080 | Z22: 泵站检修，水量低 | AA22: =IF(OR(C23=""),"",C23-C22) -> 33159 | AB22: =IF(OR(D23=""),"",D23-D22) -> 38044 | AC22: =IF(OR(E23=""),"",E23-E22) -> 36835 | AD22: =IF(OR(F23=""),"",F23-F22) -> 33406 | AE22: =IF(OR(G23=""),"",G23-G22) -> 138915 | AF22: =IF(OR(H23=""),"",H23-H22) -> 5535 | AG22: =IF(OR(AA22="",AB22="",AC22=""),"",AA22+AB22+AC22+AD22-AE22) -> 2529 | AH22: =IF(OR(I23=""),"",I23-I22) -> 138915 | AI22: =IF(OR(J23=""),"",J23-J22) -> 5535 | AJ22: =IF(OR(AH22="",AI22=""),"",AH22-AI22) -> 133380 | AK22: 4200 | AL22: =IF(OR(L23="",M23=""),"",ROUND((L23-L22+M23-M22)*1200,0)) -> 0 | AM22: =IF(OR(N23=""),"",(ROUND((N23-N22)*2,0))) -> 0 | AN22: =IF(OR(S22=""),"",ROUND(S22*7.1,0)) -> 4615 | AO22: =IF(OR(T22=""),"",ROUND(T22*2.4,0)) -> 1536 | AP22: 3235 | AQ22: =IF(OR($AJ22=""),"",ROUND(AL22/$AJ22*1000,1)) -> 0 | AR22: =IF(OR($AJ22=""),"",ROUND(AM22/$AJ22*1000,2)) -> 0 | AS22: =IF(OR($AJ22=""),"",ROUND(AN22/$AJ22*1000,1)) -> 34.6 | AT22: =IF(OR($AJ22=""),"",ROUND(AO22/$AJ22*1000,2)) -> 11.52
A23: =A22+1 -> 43851 | B23: 易萍 | C23: 29424122 | D23: 15389364 | E23: 11102701 | F23: 10756899 | G23: 277024146 | H23: 105959115 | I23: 277024146 | J23: 105959115 | L23: 4299.8 | M23: 4275.78 | N23: 73819.17 | Q23: 18 | R23: 阴 | S23: 450 | T23: 460 | U23: 7302 | V23: 6391 | W23: 4.78 | X23: 3.79 | Y23: 1440 | AA23: =IF(OR(C24=""),"",C24-C23) -> 37197 | AB23: =IF(OR(D24=""),"",D24-D23) -> 43214 | AC23: =IF(OR(E24=""),"",E24-E23) -> 42697 | AD23: =IF(OR(F24=""),"",F24-F23) -> 38683 | AE23: =IF(OR(G24=""),"",G24-G23) -> 159735 | AF23: =IF(OR(H24=""),"",H24-H23) -> 5540 | AG23: =IF(OR(AA23="",AB23="",AC23=""),"",AA23+AB23+AC23+AD23-AE23) -> 2056 | AH23: =IF(OR(I24=""),"",I24-I23) -> 159735 | AI23: =IF(OR(J24=""),"",J24-J23) -> 5540 | AJ23: =IF(OR(AH23="",AI23=""),"",AH23-AI23) -> 154195 | AK23: 4000 | AL23: =IF(OR(L24="",M24=""),"",ROUND((L24-L23+M24-M23)*1200,0)) -> 0 | AM23: =IF(OR(N24=""),"",(ROUND((N24-N23)*2,0))) -> 0 | AN23: =IF(OR(S23=""),"",ROUND(S23*7.1,0)) -> 3195 | AO23: =IF(OR(T23=""),"",ROUND(T23*2.4,0)) -> 1104 | AP23: 2954 | AQ23: =IF(OR($AJ23=""),"",ROUND(AL23/$AJ23*1000,1)) -> 0 | AR23: =IF(OR($AJ23=""),"",ROUND(AM23/$AJ23*1000,2)) -> 0 | AS23: =IF(OR($AJ23=""),"",ROUND(AN23/$AJ23*1000,1)) -> 20.7 | AT23: =IF(OR($AJ23=""),"",ROUND(AO23/$AJ23*1000,2)) -> 7.16
A24: =A23+1 -> 43852 | B24: 潘汝鑫 | C24: 29461319 | D24: 15432578 | E24: 11145398 | F24: 10795582 | G24: 277183881 | H24: 105964655 | I24: 277183881 | J24: 105964655 | L24: 4299.8 | M24: 4275.78 | N24: 73819.17 | Q24: 17.3 | R24: 阴 | S24: 440 | T24: 450 | U24: 8336 | V24: 5236 | W24: 4.12 | X24: 2.43 | Y24: 960 | AA24: =IF(OR(C25=""),"",C25-C24) -> 41629 | AB24: =IF(OR(D25=""),"",D25-D24) -> 50004 | AC24: =IF(OR(E25=""),"",E25-E24) -> 48241 | AD24: =IF(OR(F25=""),"",F25-F24) -> 42720 | AE24: =IF(OR(G25=""),"",G25-G24) -> 170875 | AF24: =IF(OR(H25=""),"",H25-H24) -> 5554 | AG24: =IF(OR(AA24="",AB24="",AC24=""),"",AA24+AB24+AC24+AD24-AE24) -> 11719 | AH24: =IF(OR(I25=""),"",I25-I24) -> 170875 | AI24: =IF(OR(J25=""),"",J25-J24) -> 5554 | AJ24: =IF(OR(AH24="",AI24=""),"",AH24-AI24) -> 165321 | AK24: 4690 | AL24: =IF(OR(L25="",M25=""),"",ROUND((L25-L24+M25-M24)*1200,0)) -> 0 | AM24: =IF(OR(N25=""),"",(ROUND((N25-N24)*2,0))) -> 0 | AN24: =IF(OR(S24=""),"",ROUND(S24*7.1,0)) -> 3124 | AO24: =IF(OR(T24=""),"",ROUND(T24*2.4,0)) -> 1080 | AP24: 3011 | AQ24: =IF(OR($AJ24=""),"",ROUND(AL24/$AJ24*1000,1)) -> 0 | AR24: =IF(OR($AJ24=""),"",ROUND(AM24/$AJ24*1000,2)) -> 0 | AS24: =IF(OR($AJ24=""),"",ROUND(AN24/$AJ24*1000,1)) -> 18.9 | AT24: =IF(OR($AJ24=""),"",ROUND(AO24/$AJ24*1000,2)) -> 6.53
A25: =A24+1 -> 43853 | B25: 陈智娇 | C25: 29502948 | D25: 15482582 | E25: 11193639 | F25: 10838302 | G25: 277354756 | H25: 105970209 | I25: 277354756 | J25: 105970209 | L25: 4299.8 | M25: 4275.78 | N25: 73819.17 | Q25: 17.1 | R25: 雨 | S25: 650 | T25: 660 | U25: 10378 | V25: 8264 | W25: 6.21 | X25: 3.58 | Y25: 1440 | AA25: =IF(OR(C26=""),"",C26-C25) -> 50908 | AB25: =IF(OR(D26=""),"",D26-D25) -> 60143 | AC25: =IF(OR(E26=""),"",E26-E25) -> 60952 | AD25: =IF(OR(F26=""),"",F26-F25) -> 57581 | AE25: =IF(OR(G26=""),"",G26-G25) -> 207300 | AF25: =IF(OR(H26=""),"",H26-H25) -> 5513 | AG25: =IF(OR(AA25="",AB25="",AC25=""),"",AA25+AB25+AC25+AD25-AE25) -> 22284 | AH25: =IF(OR(I26=""),"",I26-I25) -> 207300 | AI25: =IF(OR(J26=""),"",J26-J25) -> 5513 | AJ25: =IF(OR(AH25="",AI25=""),"",AH25-AI25) -> 201787 | AK25: 4300 | AL25: =IF(OR(L26="",M26=""),"",ROUND((L26-L25+M26-M25)*1200,0)) -> 0 | AM25: =IF(OR(N26=""),"",(ROUND((N26-N25)*2,0))) -> 0 | AN25: =IF(OR(S25=""),"",ROUND(S25*7.1,0)) -> 4615 | AO25: =IF(OR(T25=""),"",ROUND(T25*2.4,0)) -> 1584 | AP25: 3165 | AQ25: =IF(OR($AJ25=""),"",ROUND(AL25/$AJ25*1000,1)) -> 0 | AR25: =IF(OR($AJ25=""),"",ROUND(AM25/$AJ25*1000,2)) -> 0 | AS25: =IF(OR($AJ25=""),"",ROUND(AN25/$AJ25*1000,1)) -> 22.9 | AT25: =IF(OR($AJ25=""),"",ROUND(AO25/$AJ25*1000,2)) -> 7.85
A26: =A25+1 -> 43854 | B26: 易萍 | C26: 29553856 | D26: 15542725 | E26: 11254591 | F26: 10895883 | G26: 277562056 | H26: 105975722 | I26: 277562056 | J26: 105975722 | L26: 4299.8 | M26: 4275.78 | N26: 73819.17 | Q26: 16.4 | R26: 雨 | S26: 700 | T26: 690 | U26: 9129 | V26: 7884 | W26: 6.5 | X26: 5.11 | Y26: 1440 | AA26: =IF(OR(C27=""),"",C27-C26) -> 47352 | AB26: =IF(OR(D27=""),"",D27-D26) -> 60273 | AC26: =IF(OR(E27=""),"",E27-E26) -> 56050 | AD26: =IF(OR(F27=""),"",F27-F26) -> 52687 | AE26: =IF(OR(G27=""),"",G27-G26) -> 206729 | AF26: =IF(OR(H27=""),"",H27-H26) -> 5522 | AG26: =IF(OR(AA26="",AB26="",AC26=""),"",AA26+AB26+AC26+AD26-AE26) -> 9633 | AH26: =IF(OR(I27=""),"",I27-I26) -> 206729 | AI26: =IF(OR(J27=""),"",J27-J26) -> 5522 | AJ26: =IF(OR(AH26="",AI26=""),"",AH26-AI26) -> 201207 | AK26: 4200 | AL26: =IF(OR(L27="",M27=""),"",ROUND((L27-L26+M27-M26)*1200,0)) -> 0 | AM26: =IF(OR(N27=""),"",(ROUND((N27-N26)*2,0))) -> 0 | AN26: =IF(OR(S26=""),"",ROUND(S26*7.1,0)) -> 4970 | AO26: =IF(OR(T26=""),"",ROUND(T26*2.4,0)) -> 1656 | AP26: 2850 | AQ26: =IF(OR($AJ26=""),"",ROUND(AL26/$AJ26*1000,1)) -> 0 | AR26: =IF(OR($AJ26=""),"",ROUND(AM26/$AJ26*1000,2)) -> 0 | AS26: =IF(OR($AJ26=""),"",ROUND(AN26/$AJ26*1000,1)) -> 24.7 | AT26: =IF(OR($AJ26=""),"",ROUND(AO26/$AJ26*1000,2)) -> 8.23
A27: =A26+1 -> 43855 | B27: 易萍 | C27: 29601208 | D27: 15602998 | E27: 11310641 | F27: 10948570 | G27: 277768785 | H27: 105981244 | I27: 277768785 | J27: 105981244 | L27: 4299.8 | M27: 4275.78 | N27: 73819.17 | Q27: 16.7 | R27: 阴 | S27: 500 | T27: 520 | U27: 9206 | V27: 7791 | W27: 5.25 | X27: 3.07 | Y27: 1290 | AA27: =IF(OR(C28=""),"",C28-C27) -> 46824 | AB27: =IF(OR(D28=""),"",D28-D27) -> 58594 | AC27: =IF(OR(E28=""),"",E28-E27) -> 55650 | AD27: =IF(OR(F28=""),"",F28-F27) -> 51206 | AE27: =IF(OR(G28=""),"",G28-G27) -> 206166 | AF27: =IF(OR(H28=""),"",H28-H27) -> 5536 | AG27: =IF(OR(AA27="",AB27="",AC27=""),"",AA27+AB27+AC27+AD27-AE27) -> 6108 | AH27: =IF(OR(I28=""),"",I28-I27) -> 206166 | AI27: =IF(OR(J28=""),"",J28-J27) -> 5536 | AJ27: =IF(OR(AH27="",AI27=""),"",AH27-AI27) -> 200630 | AK27: 4000 | AL27: =IF(OR(L28="",M28=""),"",ROUND((L28-L27+M28-M27)*1200,0)) -> 0 | AM27: =IF(OR(N28=""),"",(ROUND((N28-N27)*2,0))) -> 0 | AN27: =IF(OR(S27=""),"",ROUND(S27*7.1,0)) -> 3550 | AO27: =IF(OR(T27=""),"",ROUND(T27*2.4,0)) -> 1248 | AP27: 3011 | AQ27: =IF(OR($AJ27=""),"",ROUND(AL27/$AJ27*1000,1)) -> 0 | AR27: =IF(OR($AJ27=""),"",ROUND(AM27/$AJ27*1000,2)) -> 0 | AS27: =IF(OR($AJ27=""),"",ROUND(AN27/$AJ27*1000,1)) -> 17.7 | AT27: =IF(OR($AJ27=""),"",ROUND(AO27/$AJ27*1000,2)) -> 6.22
A28: =A27+1 -> 43856 | B28: 易萍 | C28: 29648032 | D28: 15661592 | E28: 11366291 | F28: 10999776 | G28: 277974951 | H28: 105986780 | I28: 277974951 | J28: 105986780 | L28: 4299.8 | M28: 4275.78 | N28: 73819.17 | Q28: 16.5 | R28: 阴 | S28: 650 | T28: 640 | U28: 9696 | V28: 7994 | W28: 7.56 | X28: 2.75 | Y28: 1230 | AA28: =IF(OR(C29=""),"",C29-C28) -> 48677 | AB28: =IF(OR(D29=""),"",D29-D28) -> 61068 | AC28: =IF(OR(E29=""),"",E29-E28) -> 56857 | AD28: =IF(OR(F29=""),"",F29-F28) -> 53993 | AE28: =IF(OR(G29=""),"",G29-G28) -> 206199 | AF28: =IF(OR(H29=""),"",H29-H28) -> 5512 | AG28: =IF(OR(AA28="",AB28="",AC28=""),"",AA28+AB28+AC28+AD28-AE28) -> 14396 | AH28: =IF(OR(I29=""),"",I29-I28) -> 206199 | AI28: =IF(OR(J29=""),"",J29-J28) -> 5512 | AJ28: =IF(OR(AH28="",AI28=""),"",AH28-AI28) -> 200687 | AK28: 4200 | AL28: =IF(OR(L29="",M29=""),"",ROUND((L29-L28+M29-M28)*1200,0)) -> 0 | AM28: =IF(OR(N29=""),"",(ROUND((N29-N28)*2,0))) -> 0 | AN28: =IF(OR(S28=""),"",ROUND(S28*7.1,0)) -> 4615 | AO28: =IF(OR(T28=""),"",ROUND(T28*2.4,0)) -> 1536 | AP28: 3356 | AQ28: =IF(OR($AJ28=""),"",ROUND(AL28/$AJ28*1000,1)) -> 0 | AR28: =IF(OR($AJ28=""),"",ROUND(AM28/$AJ28*1000,2)) -> 0 | AS28: =IF(OR($AJ28=""),"",ROUND(AN28/$AJ28*1000,1)) -> 23 | AT28: =IF(OR($AJ28=""),"",ROUND(AO28/$AJ28*1000,2)) -> 7.65
A29: =A28+1 -> 43857 | B29: 易萍 | C29: 29696709 | D29: 15722660 | E29: 11423148 | F29: 11053769 | G29: 278181150 | H29: 105992292 | I29: 278181150 | J29: 105992292 | L29: 4299.8 | M29: 4275.78 | N29: 73819.17 | Q29: 16 | R29: 雨 | S29: 550 | T29: 560 | U29: 10352 | V29: 7998 | W29: 7.46 | X29: 4.78 | Y29: 1440 | AA29: =IF(OR(C30=""),"",C30-C29) -> 51273 | AB29: =IF(OR(D30=""),"",D30-D29) -> 63323 | AC29: =IF(OR(E30=""),"",E30-E29) -> 57678 | AD29: =IF(OR(F30=""),"",F30-F29) -> 55976 | AE29: =IF(OR(G30=""),"",G30-G29) -> 209908 | AF29: =IF(OR(H30=""),"",H30-H29) -> 5508 | AG29: =IF(OR(AA29="",AB29="",AC29=""),"",AA29+AB29+AC29+AD29-AE29) -> 18342 | AH29: =IF(OR(I30=""),"",I30-I29) -> 209908 | AI29: =IF(OR(J30=""),"",J30-J29) -> 5508 | AJ29: =IF(OR(AH29="",AI29=""),"",AH29-AI29) -> 204400 | AK29: 4300 | AL29: =IF(OR(L30="",M30=""),"",ROUND((L30-L29+M30-M29)*1200,0)) -> 0 | AM29: =IF(OR(N30=""),"",(ROUND((N30-N29)*2,0))) -> 0 | AN29: =IF(OR(S29=""),"",ROUND(S29*7.1,0)) -> 3905 | AO29: =IF(OR(T29=""),"",ROUND(T29*2.4,0)) -> 1344 | AP29: 3484 | AQ29: =IF(OR($AJ29=""),"",ROUND(AL29/$AJ29*1000,1)) -> 0 | AR29: =IF(OR($AJ29=""),"",ROUND(AM29/$AJ29*1000,2)) -> 0 | AS29: =IF(OR($AJ29=""),"",ROUND(AN29/$AJ29*1000,1)) -> 19.1 | AT29: =IF(OR($AJ29=""),"",ROUND(AO29/$AJ29*1000,2)) -> 6.58
A30: =A29+1 -> 43858 | B30: 易萍 | C30: 29747982 | D30: 15785983 | E30: 11480826 | F30: 11109745 | G30: 278391058 | H30: 105997800 | I30: 278391058 | J30: 105997800 | L30: 4299.8 | M30: 4275.78 | N30: 73819.17 | Q30: 16.4 | R30: 阴 | S30: 480 | T30: 500 | U30: 9352 | V30: 8119 | W30: 7.39 | X30: 5.12 | Y30: 1440 | AA30: =IF(OR(C31=""),"",C31-C30) -> 48718 | AB30: =IF(OR(D31=""),"",D31-D30) -> 61279 | AC30: =IF(OR(E31=""),"",E31-E30) -> 56394 | AD30: =IF(OR(F31=""),"",F31-F30) -> 53948 | AE30: =IF(OR(G31=""),"",G31-G30) -> 213414 | AF30: =IF(OR(H31=""),"",H31-H30) -> 5520 | AG30: =IF(OR(AA30="",AB30="",AC30=""),"",AA30+AB30+AC30+AD30-AE30) -> 6925 | AH30: =IF(OR(I31=""),"",I31-I30) -> 213414 | AI30: =IF(OR(J31=""),"",J31-J30) -> 5520 | AJ30: =IF(OR(AH30="",AI30=""),"",AH30-AI30) -> 207894 | AK30: 4500 | AL30: =IF(OR(L31="",M31=""),"",ROUND((L31-L30+M31-M30)*1200,0)) -> 0 | AM30: =IF(OR(N31=""),"",(ROUND((N31-N30)*2,0))) -> 0 | AN30: =IF(OR(S30=""),"",ROUND(S30*7.1,0)) -> 3408 | AO30: =IF(OR(T30=""),"",ROUND(T30*2.4,0)) -> 1200 | AP30: 3059 | AQ30: =IF(OR($AJ30=""),"",ROUND(AL30/$AJ30*1000,1)) -> 0 | AR30: =IF(OR($AJ30=""),"",ROUND(AM30/$AJ30*1000,2)) -> 0 | AS30: =IF(OR($AJ30=""),"",ROUND(AN30/$AJ30*1000,1)) -> 16.4 | AT30: =IF(OR($AJ30=""),"",ROUND(AO30/$AJ30*1000,2)) -> 5.77
A31: =A30+1 -> 43859 | B31: 易萍 | C31: 29796700 | D31: 15847262 | E31: 11537220 | F31: 11163693 | G31: 278604472 | H31: 106003320 | I31: 278604472 | J31: 106003320 | L31: 4299.8 | M31: 4275.78 | N31: 73819.17 | Q31: 16.6 | R31: 阴 | S31: 520 | T31: 510 | U31: 9674 | V31: 6992 | W31: 7.06 | X31: 4.82 | Y31: 1440 | AA31: =IF(OR(C32=""),"",C32-C31) -> 46596 | AB31: =IF(OR(D32=""),"",D32-D31) -> 58333 | AC31: =IF(OR(E32=""),"",E32-E31) -> 56689 | AD31: =IF(OR(F32=""),"",F32-F31) -> 51803 | AE31: =IF(OR(G32=""),"",G32-G31) -> 206573 | AF31: =IF(OR(H32=""),"",H32-H31) -> 5544 | AG31: =IF(OR(AA31="",AB31="",AC31=""),"",AA31+AB31+AC31+AD31-AE31) -> 6848 | AH31: =IF(OR(I32=""),"",I32-I31) -> 206573 | AI31: =IF(OR(J32=""),"",J32-J31) -> 5544 | AJ31: =IF(OR(AH31="",AI31=""),"",AH31-AI31) -> 201029 | AK31: 4300 | AL31: =IF(OR(L32="",M32=""),"",ROUND((L32-L31+M32-M31)*1200,0)) -> 0 | AM31: =IF(OR(N32=""),"",(ROUND((N32-N31)*2,0))) -> 0 | AN31: =IF(OR(S31=""),"",ROUND(S31*7.1,0)) -> 3692 | AO31: =IF(OR(T31=""),"",ROUND(T31*2.4,0)) -> 1224 | AP31: 2803 | AQ31: =IF(OR($AJ31=""),"",ROUND(AL31/$AJ31*1000,1)) -> 0 | AR31: =IF(OR($AJ31=""),"",ROUND(AM31/$AJ31*1000,2)) -> 0 | AS31: =IF(OR($AJ31=""),"",ROUND(AN31/$AJ31*1000,1)) -> 18.4 | AT31: =IF(OR($AJ31=""),"",ROUND(AO31/$AJ31*1000,2)) -> 6.09
A32: =A31+1 -> 43860 | B32: 易萍 | C32: 29843296 | D32: 15905595 | E32: 11593909 | F32: 11215496 | G32: 278811045 | H32: 106008864 | I32: 278811045 | J32: 106008864 | L32: 4299.8 | M32: 4275.78 | N32: 73819.17 | Q32: 16.5 | R32: 阴 | S32: 300 | T32: 280 | U32: 9215 | V32: 8451 | W32: 6.1 | X32: 4.2 | Y32: 1440 | AA32: =IF(OR(C33=""),"",C33-C32) -> 49037 | AB32: =IF(OR(D33=""),"",D33-D32) -> 61511 | AC32: =IF(OR(E33=""),"",E33-E32) -> 57845 | AD32: =IF(OR(F33=""),"",F33-F32) -> 54536 | AE32: =IF(OR(G33=""),"",G33-G32) -> 212465 | AF32: =IF(OR(H33=""),"",H33-H32) -> 5493 | AG32: =IF(OR(AA32="",AB32="",AC32=""),"",AA32+AB32+AC32+AD32-AE32) -> 10464 | AH32: =IF(OR(I33=""),"",I33-I32) -> 212465 | AI32: =IF(OR(J33=""),"",J33-J32) -> 5493 | AJ32: =IF(OR(AH32="",AI32=""),"",AH32-AI32) -> 206972 | AK32: 4500 | AL32: =IF(OR(L33="",M33=""),"",ROUND((L33-L32+M33-M32)*1200,0)) -> 0 | AM32: =IF(OR(N33=""),"",(ROUND((N33-N32)*2,0))) -> 0 | AN32: =IF(OR(S32=""),"",ROUND(S32*7.1,0)) -> 2130 | AO32: =IF(OR(T32=""),"",ROUND(T32*2.4,0)) -> 672 | AP32: 2911 | AQ32: =IF(OR($AJ32=""),"",ROUND(AL32/$AJ32*1000,1)) -> 0 | AR32: =IF(OR($AJ32=""),"",ROUND(AM32/$AJ32*1000,2)) -> 0 | AS32: =IF(OR($AJ32=""),"",ROUND(AN32/$AJ32*1000,1)) -> 10.3 | AT32: =IF(OR($AJ32=""),"",ROUND(AO32/$AJ32*1000,2)) -> 3.25
A33: =A32+1 -> 43861 | B33: 陈智娇 | C33: 29892333 | D33: 15967106 | E33: 11651754 | F33: 11270032 | G33: 279023510 | H33: 106014357 | I33: 279023510 | J33: 106014357 | L33: 4299.8 | M33: 4275.78 | N33: 73819.17 | Q33: 16 | R33: 晴 | S33: 310 | T33: 330 | U33: 8656 | V33: 3041 | W33: 4.3 | X33: 2.46 | Y33: 1140 | AA33: =IF(OR(C34=""),"",C34-C33) -> 47300 | AB33: =IF(OR(D34=""),"",D34-D33) -> 50711 | AC33: =IF(OR(E34=""),"",E34-E33) -> 49795 | AD33: =IF(OR(F34=""),"",F34-F33) -> 43084 | AE33: =IF(OR(G34=""),"",G34-G33) -> 186488 | AF33: =IF(OR(H34=""),"",H34-H33) -> 5472 | AG33: =IF(OR(AA33="",AB33="",AC33=""),"",AA33+AB33+AC33+AD33-AE33) -> 4402 | AH33: =IF(OR(I34=""),"",I34-I33) -> 186488 | AI33: =IF(OR(J34=""),"",J34-J33) -> 5472 | AJ33: =IF(OR(AH33="",AI33=""),"",AH33-AI33) -> 181016 | AK33: 4800 | AL33: =IF(OR(L34="",M34=""),"",ROUND((L34-L33+M34-M33)*1200,0)) -> 0 | AM33: =IF(OR(N34=""),"",(ROUND((N34-N33)*2,0))) -> 0 | AN33: =IF(OR(S33=""),"",ROUND(S33*7.1,0)) -> 2201 | AO33: =IF(OR(T33=""),"",ROUND(T33*2.4,0)) -> 792 | AP33: 2985 | AQ33: =IF(OR($AJ33=""),"",ROUND(AL33/$AJ33*1000,1)) -> 0 | AR33: =IF(OR($AJ33=""),"",ROUND(AM33/$AJ33*1000,2)) -> 0 | AS33: =IF(OR($AJ33=""),"",ROUND(AN33/$AJ33*1000,1)) -> 12.2 | AT33: =IF(OR($AJ33=""),"",ROUND(AO33/$AJ33*1000,2)) -> 4.38
A34: =A33+1 -> 43862 | B34: 仇昊 | C34: 29939633 | D34: 16017817 | E34: 11701549 | F34: 11313116 | G34: 279209998 | H34: 106019829 | I34: 279209998 | J34: 106019829 | L34: 4299.8 | M34: 4275.78 | N34: 73819.17
AA36: =IF(OR(C37=""),"",C37-C36) | AB36: =IF(OR(D37=""),"",D37-D36) | AC36: =IF(OR(E37=""),"",E37-E36) | AD36: =IF(OR(F37=""),"",F37-F36) | AE36: =IF(OR(G37=""),"",G37-G36) | AF36: =IF(OR(H37=""),"",H37-H36) | AG36: =IF(OR(AA36="",AB36="",AC36=""),"",AA36+AB36+AC36+AD36-AE36) | AH36: =SUM(AH3:AH34) -> 5750099 | AI36: =SUM(AI3:AI34) -> 168296 | AJ36: =SUM(AJ3:AJ34) -> 5581803 | AK36: =SUM(AK3:AK34) -> 124690 | AL36: =SUM(AL3:AL34) -> 17400 | AM36: =SUM(AM3:AM34) -> 134 | AN36: =SUM(AN3:AN34) -> 117008 | AO36: =SUM(AO3:AO34) -> 40224 | AQ36: =IF(OR($AJ36=0),"",ROUND(AL36/$AJ36*1000,1)) -> 3.1 | AR36: =IF(OR($AJ36=0),"",ROUND(AM36/$AJ36*1000,2)) -> 0.02 | AS36: =IF(OR($AJ36=0),"",ROUND(AN36/$AJ36*1000,1)) -> 21 | AT36: =IF(OR($AJ36=0),"",ROUND(AO36/$AJ36*1000,2)) -> 7.21

Sheet 2
B2: 记录人 | C2: 一期左进水 流量计读数 | D2: 一期右进水 流量计读数 | E2: 二期左进水 流量计读数 | F2: 二期右进水 流量计读数 | G2: 现场出水 流量计读数 | H2: 现场回用水 读数 | I2: 出水流量计 读数（网站） | J2: 回用水流量 （网站） | K2: 污泥流量 计读数 | L2: PAC2#流量计读数 | M2: PAC3#流量计读数 | N2: PAM流量 计读数 | O2: 盐酸流量 计读数 | P2: 氯酸钠流 量计读数 | Q2: 生反池 水温 | R2: 天气 (阴晴雨) | S2: 盐酸液位 差（CM） | T2: 氯酸钠液位差 差（CM） | U2: 最高流量 m3/h | V2: 最低流量 m3/h | W2: 最高液位 m | X2: 最低液位 m | Y2: 超液位时 间（分） | Z2: 备注 | AA2: 一期左 进水流量 | AB2: 一期右 进水流量 | AC2: 二期左 进水流量 | AD2: 二期右 进水流量 | AE2: 现场出水 流量 | AF2: 现场回用水 流量 | AG2: 进出水 流量差 | AH2: 出水流量（网站） | AI2: 回用水流量（网站） | AJ2: 实际处理量（网站） | AK2: 排泥量 m3 | AL2: PAC量 kg | AM2: PAM量 kg | AN2: 盐酸量 kg | AO2: 氯酸钠量 kg | AP2: 碳源用量kg | AQ2: PAC单耗 ppm | AR2: PAM单耗 ppm | AS2: 盐酸单耗 ppm | AT2: 氯酸钠单耗 ppm
A3: 43862 | B3: ='1'!B34 -> 仇昊 | C3: ='1'!C34 -> 29939633 | D3: ='1'!D34 -> 16017817 | E3: ='1'!E34 -> 11701549 | F3: ='1'!F34 -> 11313116 | G3: ='1'!G34 -> 279209998 | H3: ='1'!H34 -> 106019829 | I3: ='1'!I34 -> 279209998 | ... R3: ='1'!R34 -> 0 | S3: 300 | T3: 280 | U3: 4856 | V3: 2635 | W3: 3.72 | X3: 2.95 | Y3: 960 | AA3: =IF(OR(C4=""),"",C4-C3) -> 19386 | AB3: =IF(OR(D4=""),"",D4-D3) -> 28129 | AC3: =IF(OR(E4=""),"",E4-E3) -> 26661 | AD3: =IF(OR(F4=""),"",F4-F3) -> 24867 | AE3: =IF(OR(G4=""),"",G4-G3) -> 98977 | AF3: =IF(OR(H4=""),"",H4-H3) -> 5331 | AG3: =IF(OR(AA3="",AB3="",AC3=""),"",AA3+AB3+AC3+AD3-AE3) -> 66 | AH3: =IF(OR(I4=""),"",I4-I3) -> 98977 | AI3: =IF(OR(J4=""),"",J4-J3) -> 5331 | AJ3: =IF(OR(AH3="",AI3=""),"",AH3-AI3) -> 93646 | AK3: 4800 | AL3: =IF(OR(L4="",M4=""),"",ROUND((L4-L3+M4-M3)*1200,0)) -> 0 | AM3: =IF(OR(N4=""),"",(ROUND((N4-N3)*2,0))) -> 0 | AN3: =IF(OR(S3=""),"",ROUND(S3*7.1,0)) -> 2130 | AO3: =IF(OR(T3=""),"",ROUND(T3*2.4,0)) -> 672 | AP3: 2920 | AQ3: =IF(OR($AJ3=""),"",ROUND(AL3/$AJ3*1000,1)) -> 0 | AR3: =IF(OR($AJ3=""),"",ROUND(AM3/$AJ3*1000,2)) -> 0 | AS3: =IF(OR($AJ3=""),"",ROUND(AN3/$AJ3*1000,1)) -> 22.7 | AT3: =IF(OR($AJ3=""),"",ROUND(AO3/$AJ3*1000,2)) -> 7.18
A4: =A3+1 -> 43863 | B4: 胡叶青 | C4: 29959019 | D4: 16045946 | E4: 11728210 | F4: 11337983 | G4: 279308975 | H4: 106025160 | I4: 279308975 | J4: 106025160 | L4: 4299.8 | M4: 4275.78 | N4: 73819.17 | Q4: 15 | R4: 阴 | S4: 320 | T4: 300 | U4: 4907 | V4: 2495 | W4: 3.81 | X4: 2.91 | Y4: 960 | AA4: =IF(OR(C5=""),"",C5-C4) -> 24280 | AB4: =IF(OR(D5=""),"",D5-D4) -> 27512 | AC4: =IF(OR(E5=""),"",E5-E4) -> 26346 | AD4: =IF(OR(F5=""),"",F5-F4) -> 24195 | AE4: =IF(OR(G5=""),"",G5-G4) -> 105340 | AF4: =IF(OR(H5=""),"",H5-H4) -> 5702 | AG4: =IF(OR(AA4="",AB4="",AC4=""),"",AA4+AB4+AC4+AD4-AE4) -> -3007 | AH4: =IF(OR(I5=""),"",I5-I4) -> 103794 | AI4: =IF(OR(J5=""),"",J5-J4) -> 5702 | AJ4: =IF(OR(AH4="",AI4=""),"",AH4-AI4) -> 98092 | AK4: 4800 | AL4: =IF(OR(L5="",M5=""),"",ROUND((L5-L4+M5-M4)*1200,0)) -> 0 | AM4: =IF(OR(N5=""),"",(ROUND((N5-N4)*2,0))) -> 0 | AN4: =IF(OR(S4=""),"",ROUND(S4*7.1,0)) -> 2272 | AO4: =IF(OR(T4=""),"",ROUND(T4*2.4,0)) -> 720 | AP4: 3052 | AQ4: =IF(OR($AJ4=""),"",ROUND(AL4/$AJ4*1000,1)) -> 0 | AR4: =IF(OR($AJ4=""),"",ROUND(AM4/$AJ4*1000,2)) -> 0 | AS4: =IF(OR($AJ4=""),"",ROUND(AN4/$AJ4*1000,1)) -> 23.2 | AT4: =IF(OR($AJ4=""),"",ROUND(AO4/$AJ4*1000,2)) -> 7.34
A5: =A4+1 -> 43864 | B5: 潘汝鑫 | C5: 29983299 | D5: 16073458 | E5: 11754556 | F5: 11362178 | G5: 279414315 | H5: 106030862 | I5: 279412769 | J5: 106030862 | L5: 4299.8 | M5: 4275.78 | N5: 73819.17 | Q5: 15.2 | R5: 阴 | S5: 100 | T5: 100 | U5: 5054 | V5: 4212 | W5: 4.63 | X5: 3.1 | Y5: 1380 | AA5: =IF(OR(C6=""),"",C6-C5) -> 24770 | AB5: =IF(OR(D6=""),"",D6-D5) -> 27520 | AC5: =IF(OR(E6=""),"",E6-E5) -> 26142 | AD5: =IF(OR(F6=""),"",F6-F5) -> 24629 | AE5: =IF(OR(G6=""),"",G6-G5) -> 98457 | AF5: =IF(OR(H6=""),"",H6-H5) -> 5440 | AG5: =IF(OR(AA5="",AB5="",AC5=""),"",AA5+AB5+AC5+AD5-AE5) -> 4604 | AH5: =IF(OR(I6=""),"",I6-I5) -> 100003 | AI5: =IF(OR(J6=""),"",J6-J5) -> 5440 | AJ5: =IF(OR(AH5="",AI5=""),"",AH5-AI5) -> 94563 | AK5: 4500 | AL5: =IF(OR(L6="",M6=""),"",ROUND((L6-L5+M6-M5)*1200,0)) -> 0 | AM5: =IF(OR(N6=""),"",(ROUND((N6-N5)*2,0))) -> 0 | AN5: =IF(OR(S5=""),"",ROUND(S5*7.1,0)) -> 710 | AO5: =IF(OR(T5=""),"",ROUND(T5*2.4,0)) -> 240 | AP5: 5460 | AQ5: =IF(OR($AJ5=""),"",ROUND(AL5/$AJ5*1000,1)) -> 0 | AR5: =IF(OR($AJ5=""),"",ROUND(AM5/$AJ5*1000,2)) -> 0 | AS5: =IF(OR($AJ5=""),"",ROUND(AN5/$AJ5*1000,1)) -> 7.5 | AT5: =IF(OR($AJ5=""),"",ROUND(AO5/$AJ5*1000,2)) -> 2.54
A6: =A5+1 -> 43865 | B6: 张亚光 | C6: 30008069 | D6: 16100978 | E6: 11780698 | F6: 11386807 | G6: 279512772 | H6: 106036302 | I6: 279512772 | J6: 106036302 | L6: 4299.8 | M6: 4275.78 | N6: 73819.17 | Q6: 16 | R6: 晴 | S6: 100 | T6: 100 | U6: 5040 | V6: 3592 | W6: 4.85 | X6: 2.75 | Y6: 1080 | AA6: =IF(OR(C7=""),"",C7-C6) -> 24975 | AB6: =IF(OR(D7=""),"",D7-D6) -> 27280 | AC6: =IF(OR(E7=""),"",E7-E6) -> 26028 | AD6: =IF(OR(F7=""),"",F7-F6) -> 24237 | AE6: =IF(OR(G7=""),"",G7-G6) -> 96217 | AF6: =IF(OR(H7=""),"",H7-H6) -> 5413 | AG6: =IF(OR(AA6="",AB6="",AC6=""),"",AA6+AB6+AC6+AD6-AE6) -> 6303 | AH6: =IF(OR(I7=""),"",I7-I6) -> 96217 | AI6: =IF(OR(J7=""),"",J7-J6) -> 5413 | AJ6: =IF(OR(AH6="",AI6=""),"",AH6-AI6) -> 90804 | AK6: 4000 | AL6: =IF(OR(L7="",M7=""),"",ROUND((L7-L6+M7-M6)*1200,0)) -> 0 | AM6: =IF(OR(N7=""),"",(ROUND((N7-N6)*2,0))) -> 0 | AN6: =IF(OR(S6=""),"",ROUND(S6*7.1,0)) -> 710 | AO6: =IF(OR(T6=""),"",ROUND(T6*2.4,0)) -> 240 | AP6: 3181 | AQ6: =IF(OR($AJ6=""),"",ROUND(AL6/$AJ6*1000,1)) -> 0 | AR6: =IF(OR($AJ6=""),"",ROUND(AM6/$AJ6*1000,2)) -> 0 | AS6: =IF(OR($AJ6=""),"",ROUND(AN6/$AJ6*1000,1)) -> 7.8 | AT6: =IF(OR($AJ6=""),"",ROUND(AO6/$AJ6*1000,2)) -> 2.64
A7: =A6+1 -> 43866 | B7: 易萍 | C7: 30033044 | D7: 16128258 | E7: 11806726 | F7: 11411044 | G7: 279608989 | H7: 106041715 | I7: 279608989 | J7: 106041715 | L7: 4299.8 | M7: 4275.78 | N7: 73819.17 | Q7: 14.5 | R7: 晴 | S7: 260 | T7: 250 | U7: 4528 | V7: 3752 | W7: 4.95 | X7: 3.25 | Y7: 1260 | AA7: =IF(OR(C8=""),"",C8-C7) -> 24175 | AB7: =IF(OR(D8=""),"",D8-D7) -> 26567 | AC7: =IF(OR(E8=""),"",E8-E7) -> 24971 | AD7: =IF(OR(F8=""),"",F8-F7) -> 23454 | AE7: =IF(OR(G8=""),"",G8-G7) -> 98239 | AF7: =IF(OR(H8=""),"",H8-H7) -> 5485 | AG7: =IF(OR(AA7="",AB7="",AC7=""),"",AA7+AB7+AC7+AD7-AE7) -> 928 | AH7: =IF(OR(I8=""),"",I8-I7) -> 98239 | AI7: =IF(OR(J8=""),"",J8-J7) -> 5485 | AJ7: =IF(OR(AH7="",AI7=""),"",AH7-AI7) -> 92754 | AK7: 4000 | AL7: =IF(OR(L8="",M8=""),"",ROUND((L8-L7+M8-M7)*1200,0)) -> 0 | AM7: =IF(OR(N8=""),"",(ROUND((N8-N7)*2,0))) -> 0 | AN7: =IF(OR(S7=""),"",ROUND(S7*7.1,0)) -> 1846 | AO7: =IF(OR(T7=""),"",ROUND(T7*2.4,0)) -> 600 | AP7: 3096 | AQ7: =IF(OR($AJ7=""),"",ROUND(AL7/$AJ7*1000,1)) -> 0 | AR7: =IF(OR($AJ7=""),"",ROUND(AM7/$AJ7*1000,2)) -> 0 | AS7: =IF(OR($AJ7=""),"",ROUND(AN7/$AJ7*1000,1)) -> 19.9 | AT7: =IF(OR($AJ7=""),"",ROUND(AO7/$AJ7*1000,2)) -> 6.47
A8: =A7+1 -> 43867 | B8: 胡叶青 | C8: 30057219 | D8: 16154825 | E8: 11831697 | F8: 11434498 | G8: 279707228 | H8: 106047200 | I8: 279707228 | J8: 106047200 | L8: 4299.8 | M8: 4275.78 | N8: 73819.17 | Q8: 15 | R8: 晴 | S8: 430 | T8: 420 | U8: 6083 | V8: 4011 | W8: 4.35 | X8: 2.55 | Y8: 1230 | AA8: =IF(OR(C9=""),"",C9-C8) -> 31167 | AB8: =IF(OR(D9=""),"",D9-D8) -> 35531 | AC8: =IF(OR(E9=""),"",E9-E8) -> 33523 | AD8: =IF(OR(F9=""),"",F9-F8) -> 30613 | AE8: =IF(OR(G9=""),"",G9-G8) -> 124592 | AF8: =IF(OR(H9=""),"",H9-H8) -> 5461 | AG8: =IF(OR(AA8="",AB8="",AC8=""),"",AA8+AB8+AC8+AD8-AE8) -> 6242 | AH8: =IF(OR(I9=""),"",I9-I8) -> 124592 | AI8: =IF(OR(J9=""),"",J9-J8) -> 5461 | AJ8: =IF(OR(AH8="",AI8=""),"",AH8-AI8) -> 119131 | AK8: 4200 | AL8: =IF(OR(L9="",M9=""),"",ROUND((L9-L8+M9-M8)*1200,0)) -> 0 | AM8: =IF(OR(N9=""),"",(ROUND((N9-N8)*2,0))) -> 0 | AN8: =IF(OR(S8=""),"",ROUND(S8*7.1,0)) -> 3053 | AO8: =IF(OR(T8=""),"",ROUND(T8*2.4,0)) -> 1008 | AP8: 2998 | AQ8: =IF(OR($AJ8=""),"",ROUND(AL8/$AJ8*1000,1)) -> 0 | AR8: =IF(OR($AJ8=""),"",ROUND(AM8/$AJ8*1000,2)) -> 0 | AS8: =IF(OR($AJ8=""),"",ROUND(AN8/$AJ8*1000,1)) -> 25.6 | AT8: =IF(OR($AJ8=""),"",ROUND(AO8/$AJ8*1000,2)) -> 8.46
A9: =A8+1 -> 43868 | B9: 易萍 | C9: 30088386 | D9: 16190356 | E9: 11865220 | F9: 11465111 | G9: 279831820 | H9: 106052661 | I9: 279831820 | J9: 106052661 | L9: 4299.8 | M9: 4275.78 | N9: 73819.17 | Q9: 13.8 | R9: 雪 | S9: 700 | T9: 680 | U9: 10249 | V9: 3212 | W9: 6.92 | X9: 2.54 | Y9: 1260 | AA9: =IF(OR(C10=""),"",C10-C9) -> 43789 | AB9: =IF(OR(D10=""),"",D10-D9) -> 54265 | AC9: =IF(OR(E10=""),"",E10-E9) -> 48935 | AD9: =IF(OR(F10=""),"",F10-F9) -> 46100 | AE9: =IF(OR(G10=""),"",G10-G9) -> 170080 | AF9: =IF(OR(H10=""),"",H10-H9) -> 5489 | AG9: =IF(OR(AA9="",AB9="",AC9=""),"",AA9+AB9+AC9+AD9-AE9) -> 23009 | AH9: =IF(OR(I10=""),"",I10-I9) -> 170080 | AI9: =IF(OR(J10=""),"",J10-J9) -> 5489 | AJ9: =IF(OR(AH9="",AI9=""),"",AH9-AI9) -> 164591 | AK9: 4000 | AL9: =IF(OR(L10="",M10=""),"",ROUND((L10-L9+M10-M9)*1200,0)) -> 0 | AM9: =IF(OR(N10=""),"",(ROUND((N10-N9)*2,0))) -> 0 | AN9: =IF(OR(S9=""),"",ROUND(S9*7.1,0)) -> 4970 | AO9: =IF(OR(T9=""),"",ROUND(T9*2.4,0)) -> 1632 | AP9: 3049 | AQ9: =IF(OR($AJ9=""),"",ROUND(AL9/$AJ9*1000,1)) -> 0 | AR9: =IF(OR($AJ9=""),"",ROUND(AM9/$AJ9*1000,2)) -> 0 | AS9: =IF(OR($AJ9=""),"",ROUND(AN9/$AJ9*1000,1)) -> 30.2 | AT9: =IF(OR($AJ9=""),"",ROUND(AO9/$AJ9*1000,2)) -> 9.92
A10: =A9+1 -> 43869 | B10: 易萍 | C10: 30132175 | D10: 16244621 | E10: 11914155 | F10: 11511211 | G10: 280001900 | H10: 106058150 | I10: 280001900 | J10: 106058150 | L10: 4299.8 | M10: 4275.78 | N10: 73819.17 | Q10: 13 | R10: 阴 | S10: 670 | T10: 650 | U10: 9470 | V10: 8108 | W10: 6.87 | X10: 6.07 | Y10: 1440 | AA10: =IF(OR(C11=""),"",C11-C10) -> 48278 | AB10: =IF(OR(D11=""),"",D11-D10) -> 59275 | AC10: =IF(OR(E11=""),"",E11-E10) -> 54164 | AD10: =IF(OR(F11=""),"",F11-F10) -> 53529 | AE10: =IF(OR(G11=""),"",G11-G10) -> 212811 | AF10: =IF(OR(H11=""),"",H11-H10) -> 5527 | AG10: =IF(OR(AA10="",AB10="",AC10=""),"",AA10+AB10+AC10+AD10-AE10) -> 2435 | AH10: =IF(OR(I11=""),"",I11-I10) -> 212811 | AI10: =IF(OR(J11=""),"",J11-J10) -> 5527 | AJ10: =IF(OR(AH10="",AI10=""),"",AH10-AI10) -> 207284 | AK10: 4000 | AL10: =IF(OR(L11="",M11=""),"",ROUND((L11-L10+M11-M10)*1200,0)) -> 0 | AM10: =IF(OR(N11=""),"",(ROUND((N11-N10)*2,0))) -> 0 | AN10: =IF(OR(S10=""),"",ROUND(S10*7.1,0)) -> 4757 | AO10: =IF(OR(T10=""),"",ROUND(T10*2.4,0)) -> 1560 | AP10: 3045 | AQ10: =IF(OR($AJ10=""),"",ROUND(AL10/$AJ10*1000,1)) -> 0 | AR10: =IF(OR($AJ10=""),"",ROUND(AM10/$AJ10*1000,2)) -> 0 | AS10: =IF(OR($AJ10=""),"",ROUND(AN10/$AJ10*1000,1)) -> 22.9 | AT10: =IF(OR($AJ10=""),"",ROUND(AO10/$AJ10*1000,2)) -> 7.53
A11: =A10+1 -> 43870 | B11: 易萍 | C11: 30180453 | D11: 16303896 | E11: 11968319 | F11: 11564740 | G11: 280214711 | H11: 106063677 | I11: 280214711 | J11: 106063677 | L11: 4299.8 | M11: 4275.78 | N11: 73819.17 | Q11: 13.5 | R11: 阴 | S11: 680 | T11: 670 | U11: 9409 | V11: 7645 | W11: 6.17 | X11: 4.28 | Y11: 1440 | AA11: =IF(OR(C12=""),"",C12-C11) -> 48599 | AB11: =IF(OR(D12=""),"",D12-D11) -> 60786 | AC11: =IF(OR(E12=""),"",E12-E11) -> 54880 | AD11: =IF(OR(F12=""),"",F12-F11) -> 53224 | AE11: =IF(OR(G12=""),"",G12-G11) -> 211672 | AF11: =IF(OR(H12=""),"",H12-H11) -> 5489 | AG11: =IF(OR(AA11="",AB11="",AC11=""),"",AA11+AB11+AC11+AD11-AE11) -> 5817 | AH11: =IF(OR(I12=""),"",I12-I11) -> 211672 | AI11: =IF(OR(J12=""),"",J12-J11) -> 5489 | AJ11: =IF(OR(AH11="",AI11=""),"",AH11-AI11) -> 206183 | AK11: 3800 | AL11: =IF(OR(L12="",M12=""),"",ROUND((L12-L11+M12-M11)*1200,0)) -> 0 | AM11: =IF(OR(N12=""),"",(ROUND((N12-N11)*2,0))) -> 0 | AN11: =IF(OR(S11=""),"",ROUND(S11*7.1,0)) -> 4828 | AO11: =IF(OR(T11=""),"",ROUND(T11*2.4,0)) -> 1608 | AP11: 2985 | AQ11: =IF(OR($AJ11=""),"",ROUND(AL11/$AJ11*1000,1)) -> 0 | AR11: =IF(OR($AJ11=""),"",ROUND(AM11/$AJ11*1000,2)) -> 0 | AS11: =IF(OR($AJ11=""),"",ROUND(AN11/$AJ11*1000,1)) -> 23.4 | AT11: =IF(OR($AJ11=""),"",ROUND(AO11/$AJ11*1000,2)) -> 7.8
A12: =A11+1 -> 43871 | B12: 易萍 | C12: 30229052 | D12: 16364682 | E12: 12023199 | F12: 11617964 | G12: 280426383 | H12: 106069166 | I12: 280426383 | J12: 106069166 | L12: 4299.8 | M12: 4275.78 | N12: 73819.17 | Q12: 15.6 | R12: 阴 | S12: 470 | T12: 480 | U12: 9266 | V12: 7778 | W12: 5.64 | X12: 3.95 | Y12: 1440 | AA12: =IF(OR(C13=""),"",C13-C12) -> 47262 | AB12: =IF(OR(D13=""),"",D13-D12) -> 59006 | AC12: =IF(OR(E13=""),"",E13-E12) -> 55055 | AD12: =IF(OR(F13=""),"",F13-F12) -> 52271 | AE12: =IF(OR(G13=""),"",G13-G12) -> 210714 | AF12: =IF(OR(H13=""),"",H13-H12) -> 5471 | AG12: =IF(OR(AA12="",AB12="",AC12=""),"",AA12+AB12+AC12+AD12-AE12) -> 2880 | AH12: =IF(OR(I13=""),"",I13-I12) -> 210714 | AI12: =IF(OR(J13=""),"",J13-J12) -> 5471 | AJ12: =IF(OR(AH12="",AI12=""),"",AH12-AI12) -> 205243 | AK12: 4000 | AL12: =IF(OR(L13="",M13=""),"",ROUND((L13-L12+M13-M12)*1200,0)) -> 0 | AM12: =IF(OR(N13=""),"",(ROUND((N13-N12)*2,0))) -> 0 | AN12: =IF(OR(S12=""),"",ROUND(S12*7.1,0)) -> 3337 | AO12: =IF(OR(T12=""),"",ROUND(T12*2.4,0)) -> 1152 | AP12: 3251 | AQ12: =IF(OR($AJ12=""),"",ROUND(AL12/$AJ12*1000,1)) -> 0 | AR12: =IF(OR($AJ12=""),"",ROUND(AM12/$AJ12*1000,2)) -> 0 | AS12: =IF(OR($AJ12=""),"",ROUND(AN12/$AJ12*1000,1)) -> 16.3 | AT12: =IF(OR($AJ12=""),"",ROUND(AO12/$AJ12*1000,2)) -> 5.61
A13: =A12+1 -> 43872 | B13: 易萍 | C13: 30276314 | D13: 16423688 | E13: 12078254 | F13: 11670235 | G13: 280637097 | H13: 106074637 | I13: 280637097 | J13: 106074637 | L13: 4299.8 | M13: 4275.78 | N13: 73819.17 | Q13: 15.8 | R13: 雨 | S13: 350 | T13: 360 | U13: 9275 | V13: 9001 | W13: 6.34 | X13: 4.3 | Y13: 1440 | AA13: =IF(OR(C14=""),"",C14-C13) -> 49097 | AB13: =IF(OR(D14=""),"",D14-D13) -> 60977 | AC13: =IF(OR(E14=""),"",E14-E13) -> 56470 | AD13: =IF(OR(F14=""),"",F14-F13) -> 55048 | AE13: =IF(OR(G14=""),"",G14-G13) -> 209747 | AF13: =IF(OR(H14=""),"",H14-H13) -> 5463 | AG13: =IF(OR(AA13="",AB13="",AC13=""),"",AA13+AB13+AC13+AD13-AE13) -> 11845 | AH13: =IF(OR(I14=""),"",I14-I13) -> 209747 | AI13: =IF(OR(J14=""),"",J14-J13) -> 5463 | AJ13: =IF(OR(AH13="",AI13=""),"",AH13-AI13) -> 204284 | AK13: 4320 | AL13: =IF(OR(L14="",M14=""),"",ROUND((L14-L13+M14-M13)*1200,0)) -> 0 | AM13: =IF(OR(N14=""),"",(ROUND((N14-N13)*2,0))) -> 0 | AN13: =IF(OR(S13=""),"",ROUND(S13*7.1,0)) -> 2485 | AO13: =IF(OR(T13=""),"",ROUND(T13*2.4,0)) -> 864 | AP13: 3185 | AQ13: =IF(OR($AJ13=""),"",ROUND(AL13/$AJ13*1000,1)) -> 0 | AR13: =IF(OR($AJ13=""),"",ROUND(AM13/$AJ13*1000,2)) -> 0 | AS13: =IF(OR($AJ13=""),"",ROUND(AN13/$AJ13*1000,1)) -> 12.2 | AT13: =IF(OR($AJ13=""),"",ROUND(AO13/$AJ13*1000,2)) -> 4.23
A14: =A13+1 -> 43873 | B14: 陈智娇 | C14: 30325411 | D14: 16484665 | E14: 12134724 | F14: 11725283 | G14: 280846844 | H14: 106080100 | I14: 280846844 | J14: 106080100 | L14: 4299.8 | M14: 4275.78 | N14: 73819.17 | Q14: 14 | R14: 雨 | S14: 340 | T14: 360 | U14: 9308 | V14: 9006 | W14: 6.06 | X14: 5.14 | Y14: 1440 | AA14: =IF(OR(C15=""),"",C15-C14) -> 48354 | AB14: =IF(OR(D15=""),"",D15-D14) -> 60811 | AC14: =IF(OR(E15=""),"",E15-E14) -> 56434 | AD14: =IF(OR(F15=""),"",F15-F14) -> 54632 | AE14: =IF(OR(G15=""),"",G15-G14) -> 209277 | AF14: =IF(OR(H15=""),"",H15-H14) -> 5447 | AG14: =IF(OR(AA14="",AB14="",AC14=""),"",AA14+AB14+AC14+AD14-AE14) -> 10954 | AH14: =IF(OR(I15=""),"",I15-I14) -> 209277 | AI14: =IF(OR(J15=""),"",J15-J14) -> 5447 | AJ14: =IF(OR(AH14="",AI14=""),"",AH14-AI14) -> 203830 | AK14: 4200 | AL14: =IF(OR(L15="",M15=""),"",ROUND((L15-L14+M15-M14)*1200,0)) -> 0 | AM14: =IF(OR(N15=""),"",(ROUND((N15-N14)*2,0))) -> 0 | AN14: =IF(OR(S14=""),"",ROUND(S14*7.1,0)) -> 2414 | AO14: =IF(OR(T14=""),"",ROUND(T14*2.4,0)) -> 864 | AP14: 3089 | AQ14: =IF(OR($AJ14=""),"",ROUND(AL14/$AJ14*1000,1)) -> 0 | AR14: =IF(OR($AJ14=""),"",ROUND(AM14/$AJ14*1000,2)) -> 0 | AS14: =IF(OR($AJ14=""),"",ROUND(AN14/$AJ14*1000,1)) -> 11.8 | AT14: =IF(OR($AJ14=""),"",ROUND(AO14/$AJ14*1000,2)) -> 4.24
A15: =A14+1 -> 43874 | B15: 仇昊 | C15: 30373765 | D15: 16545476 | E15: 12191158 | F15: 11779915 | G15: 281056121 | H15: 106085547 | I15: 281056121 | J15: 106085547 | L15: 4299.8 | M15: 4275.78 | N15: 73819.17 | Q15: 14.1 | R15: 阴 | S15: 480 | T15: 470 | U15: 9348 | V15: 7878 | W15: 5.87 | X15: 4.72 | Y15: 1440 | AA15: =IF(OR(C16=""),"",C16-C15) -> 47740 | AB15: =IF(OR(D16=""),"",D16-D15) -> 59593 | AC15: =IF(OR(E16=""),"",E16-E15) -> 55989 | AD15: =IF(OR(F16=""),"",F16-F15) -> 53297 | AE15: =IF(OR(G16=""),"",G16-G15) -> 210630 | AF15: =IF(OR(H16=""),"",H16-H15) -> 5511 | AG15: =IF(OR(AA15="",AB15="",AC15=""),"",AA15+AB15+AC15+AD15-AE15) -> 5989 | AH15: =IF(OR(I16=""),"",I16-I15) -> 210630 | AI15: =IF(OR(J16=""),"",J16-J15) -> 5511 | AJ15: =IF(OR(AH15="",AI15=""),"",AH15-AI15) -> 205119 | AK15: 4000 | AL15: =IF(OR(L16="",M16=""),"",ROUND((L16-L15+M16-M15)*1200,0)) -> 0 | AM15: =IF(OR(N16=""),"",(ROUND((N16-N15)*2,0))) -> 0 | AN15: =IF(OR(S15=""),"",ROUND(S15*7.1,0)) -> 3408 | AO15: =IF(OR(T15=""),"",ROUND(T15*2.4,0)) -> 1128 | AP15: 2994 | AQ15: =IF(OR($AJ15=""),"",ROUND(AL15/$AJ15*1000,1)) -> 0 | AR15: =IF(OR($AJ15=""),"",ROUND(AM15/$AJ15*1000,2)) -> 0 | AS15: =IF(OR($AJ15=""),"",ROUND(AN15/$AJ15*1000,1)) -> 16.6 | AT15: =IF(OR($AJ15=""),"",ROUND(AO15/$AJ15*1000,2)) -> 5.5
... A30: =A29+1 -> 43889 | B30: 易萍 | C30: 31074730 | D30: 17416199 | E30: 13008615 | F30: 12560593 | G30: 284082000 | H30: 106163885 | I30: 284082000 | J30: 106163885 | L30: 4299.8 | M30: 4316.84 | N30: 73853.91 | Q30: 16.7 | R30: 晴 | S30: 730 | T30: 750 | U30: 9052 | V30: 7125 | W30: 5.73 | X30: 3.49 | Y30: 1440 | AA30: =IF(OR(C31=""),"",C31-C30) -> 43784 | AB30: =IF(OR(D31=""),"",D31-D30) -> 53821 | AC30: =IF(OR(E31=""),"",E31-E30) -> 51439 | AD30: =IF(OR(F31=""),"",F31-F30) -> 45519 | AE30: =IF(OR(G31=""),"",G31-G30) -> 186894 | AF30: =IF(OR(H31=""),"",H31-H30) -> 5508 | AG30: =IF(OR(AA30="",AB30="",AC30=""),"",AA30+AB30+AC30+AD30-AE30) -> 7669 | AH30: =IF(OR(I31=""),"",I31-I30) -> 186894 | AI30: =IF(OR(J31=""),"",J31-J30) -> 5508 | AJ30: =IF(OR(AH30="",AI30=""),"",AH30-AI30) -> 181386 | AK30: 3900 | AL30: =IF(OR(L31="",M31=""),"",ROUND((L31-L30+M31-M30)*1200,0)) -> 11160 | AM30: =IF(OR(N31=""),"",(ROUND((N31-N30)*2,0))) -> 34 | AN30: =IF(OR(S30=""),"",ROUND(S30*7.1,0)) -> 5183 | AO30: =IF(OR(T30=""),"",ROUND(T30*2.4,0)) -> 1800 | AP30: 2167 | AQ30: =IF(OR($AJ30=""),"",ROUND(AL30/$AJ30*1000,1)) -> 61.5 | AR30: =IF(OR($AJ30=""),"",ROUND(AM30/$AJ30*1000,2)) -> 0.19 | AS30: =IF(OR($AJ30=""),"",ROUND(AN30/$AJ30*1000,1)) -> 28.6 | AT30: =IF(OR($AJ30=""),"",ROUND(AO30/$AJ30*1000,2)) -> 9.92
A31: =A30+1 -> 43890 | B31: 易萍 | C31: 31118514 | D31: 17470020 | E31: 13060054 | F31: 12606112 | G31: 284268894 | H31: 106169393 | I31: 284268894 | J31: 106169393 | L31: 4299.8 | M31: 4326.14 | N31: 73871.03 | Q31: 17.8 | R31: 晴 | AA31: =IF(OR(C32=""),"",C32-C31) | AB31: =IF(OR(D32=""),"",D32-D31) | AC31: =IF(OR(E32=""),"",E32-E31) | AD31: =IF(OR(F32=""),"",F32-F31) | AE31: =IF(OR(G32=""),"",G32-G31) | AF31: =IF(OR(H32=""),"",H32-H31) | AG31: =IF(OR(AA31="",AB31="",AC31=""),"",AA31+AB31+AC31+AD31-AE31) | AH31: =IF(OR(I32=""),"",I32-I31) | AI31: =IF(OR(J32=""),"",J32-J31) | AJ31: =IF(OR(AH31="",AI31=""),"",AH31-AI31) | AK31: =IF(K31="","",K32-K31) | AL31: =IF(OR(L32="",M32=""),"",ROUND((L32-L31+M32-M31)*1200,0)) | AM31: =IF(OR(N32=""),"",(ROUND((N32-N31)*2,0))) | AN31: =IF(OR(S31=""),"",ROUND(S31*7.1,0)) | AO31: =IF(OR(T31=""),"",ROUND(T31*2.4,0)) | AQ31: =IF(OR($AJ31=""),"",ROUND(AL31/$AJ31*1000,1)) | AR31: =IF(OR($AJ31=""),"",ROUND(AM31/$AJ31*1000,2)) | AS31: =IF(OR($AJ31=""),"",ROUND(AN31/$AJ31*1000,1)) | AT31: =IF(OR($AJ31=""),"",ROUND(AO31/$AJ31*1000,2))
A32: =A31+1 -> 43891 | AA32: =IF(OR(C33=""),"",C33-C32) | AB32: =IF(OR(D33=""),"",D33-D32) | AC32: =IF(OR(E33=""),"",E33-E32) | AD32: =IF(OR(F33=""),"",F33-F32) | AE32: =IF(OR(G33=""),"",G33-G32) | AF32: =IF(OR(H33=""),"",H33-H32) | AG32: =IF(OR(AA32="",AB32="",AC32=""),"",AA32+AB32+AC32+AD32-AE32) | AH32: =IF(OR(I33=""),"",I33-I32) | AI32: =IF(OR(J33=""),"",J33-J32) | AJ32: =IF(OR(AH32="",AI32=""),"",AH32-AI32) | AK32: =IF(K32="","",K33-K32) | AL32: =IF(OR(L33="",M33=""),"",ROUND((L33-L32+M33-M32)*1200,0)) | AM32: =IF(OR(N33=""),"",(ROUND((N33-N32)*2,0))) | AN32: =IF(OR(S32=""),"",ROUND(S32*7.1,0)) | AO32: =IF(OR(T32=""),"",ROUND(T32*2.4,0)) | AQ32: =IF(OR($AJ32=""),"",ROUND(AL32/$AJ32*1000,1)) | AR32: =IF(OR($AJ32=""),"",ROUND(AM32/$AJ32*1000,2)) | AS32: =IF(OR($AJ32=""),"",ROUND(AN32/$AJ32*1000,1)) | AT32: =IF(OR($AJ32=""),"",ROUND(AO32/$AJ32*1000,2))
AA33: =IF(OR(C34=""),"",C34-C33) | AB33: =IF(OR(D34=""),"",D34-D33) | AC33: =IF(OR(E34=""),"",E34-E33) | AD33: =IF(OR(F34=""),"",F34-F33) | AE33: =IF(OR(G34=""),"",G34-G33) | AF33: =IF(OR(H34=""),"",H34-H33) | AG33: =IF(OR(AA33="",AB33="",AC33=""),"",AA33+AB33+AC33+AD33-AE33) | AH33: =IF(OR(I34=""),"",I34-I33) | AI33: =IF(OR(J34=""),"",J34-J33) | AJ33: =IF(OR(AH33="",AI33=""),"",AH33-AI33) | AK33: =IF(K33="","",K34-K33) | AL33: =IF(OR(L34="",M34=""),"",ROUND((L34-L33+M34-M33)*1200,0)) | AM33: =IF(OR(N34=""),"",(ROUND((N34-N33)*2,0))) | AN33: =IF(OR(S33=""),"",ROUND(S33*7.1,0)) | AO33: =IF(OR(T33=""),"",ROUND(T33*2.4,0)) | AQ33: =IF(OR($AJ33=""),"",ROUND(AL33/$AJ33*1000,1)) | AR33: =IF(OR($AJ33=""),"",ROUND(AM33/$AJ33*1000,2)) | AS33: =IF(OR($AJ33=""),"",ROUND(AN33/$AJ33*1000,1)) | AT33: =IF(OR($AJ33=""),"",ROUND(AO33/$AJ33*1000,2))
AA36: =IF(OR(C37=""),"",C37-C36) | AB36: =IF(OR(D37=""),"",D37-D36) | AC36: =IF(OR(E37=""),"",E37-E36) | AD36: =IF(OR(F37=""),"",F37-F36) | AE36: =IF(OR(G37=""),"",G37-G36) | AF36: =IF(OR(H37=""),"",H37-H36) | AG36: =IF(OR(AA36="",AB36="",AC36=""),"",AA36+AB36+AC36+AD36-AE36) | AH36: =SUM(AH3:AH34) -> 5058896 | AI36: =SUM(AI3:AI34) -> 149564 | AJ36: =SUM(AJ3:AJ34) -> 4909332 | AK36: =SUM(AK3:AK34) -> 108620 | AL36: =SUM(AL3:AL34) -> 60432 | AM36: =SUM(AM3:AM34) -> 103 | AN36: =SUM(AN3:AN34) -> 91377 | AO36: =SUM(AO3:AO34) -> 31128 | AQ36: =IF(OR($AJ36=0),"",ROUND(AL36/$AJ36*1000,1)) -> 12.3 | AR36: =IF(OR($AJ36=0),"",ROUND(AM36/$AJ36*1000,2)) -> 0.02 | AS36: =IF(OR($AJ36=0),"",ROUND(AN36/$AJ36*1000,1)) -> 18.6 | AT36: =IF(OR($AJ36=0),"",ROUND(AO36/$AJ36*1000,2)) -> 6.34

Sheet 3
B2: 记录人 | C2: 一期左进水 流量计读数 | D2: 一期右进水 流量计读数 | E2: 二期左进水 流量计读数 | F2: 二期右进水 流量计读数 | G2: 现场出水 流量计读数 | H2: 现场回用水 读数 | I2: 出水流量计 读数（网站） | J2: 回用水流量 （网站） | K2: 污泥流量 计读数 | L2: PAC2#流量计读数 | M2: PAC3#流量计读数 | N2: PAM流量 计读数 | O2: 盐酸流量 计读数 | P2: 氯酸钠流 量计读数 | Q2: 生反池 水温 | R2: 天气 (阴晴雨) | S2: 盐酸液位 差（CM） | T2: 氯酸钠液位差 差（CM） | U2: 最高流量 m3/h | V2: 最低流量 m3/h | W2: 最高液位 m | X2: 最低液位 m | Y2: 超液位时 间（分） | Z2: 备注 | AA2: 一期左 进水流量 | AB2: 一期右 进水流量 | AC2: 二期左 进水流量 | AD2: 二期右 进水流量 | AE2: 现场出水 流量 | AF2: 现场回用水 流量 | AG2: 进出水 流量差 | AH2: 出水流量（网站） | AI2: 回用水流量（网站） | AJ2: 实际处理量（网站） | AK2: 排泥量 m3 | AL2: PAC量 kg | AM2: PAM量 kg | AN2: 盐酸量 kg | AO2: 氯酸钠量 kg | AP2: 碳源用量kg | AQ2: PAC单耗 ppm | AR2: PAM单耗 ppm | AS2: 盐酸单耗 ppm | AT2: 氯酸钠单耗 ppm
A3: 43891 | B3: 易萍 | C3: 31118514 | D3: 17470020 | E3: 13060054 | F3: 12606112 | G3: 284268894 | H3: 106169393 | I3: 284268894 | J3: 106169393 | L3: 4299.8 | M3: 4326.14 | N3: 73871.03 | Q3: 17.8 | R3: 晴 | S3: 650 | T3: 680 | U3: 8954 | V3: 6456 | W3: 4.86 | X3: 3.46 | Y3: 1440 | AA3: =IF(OR(C4=""),"",C4-C3) -> 44491 | AB3: =IF(OR(D4=""),"",D4-D3) -> 54941 | AC3: =IF(OR(E4=""),"",E4-E3) -> 51181 | AD3: =IF(OR(F4=""),"",F4-F3) -> 47080 | AE3: =IF(OR(G4=""),"",G4-G3) -> 189159 | AF3: =IF(OR(H4=""),"",H4-H3) -> 5520 | AG3: =IF(OR(AA3="",AB3="",AC3=""),"",AA3+AB3+AC3+AD3-AE3) -> 8534 | AH3: =IF(OR(I4=""),"",I4-I3) -> 189159 | AI3: =IF(OR(J4=""),"",J4-J3) -> 5520 | AJ3: =IF(OR(AH3="",AI3=""),"",AH3-AI3) -> 183639 | AK3: 4300 | AL3: =IF(OR(L4="",M4=""),"",ROUND((L4-L3+M4-M3)*1200,0)) -> 3192 | AM3: =IF(OR(N4=""),"",(ROUND((N4-N3)*2,0))) -> 12 | AN3: =IF(OR(S3=""),"",ROUND(S3*7.1,0)) -> 4615 | AO3: =IF(OR(T3=""),"",ROUND(T3*2.4,0)) -> 1632 | AP3: 2182 | AQ3: =IF(OR($AJ3=""),"",ROUND(AL3/$AJ3*1000,1)) -> 17.4 | AR3: =IF(OR($AJ3=""),"",ROUND(AM3/$AJ3*1000,2)) -> 0.07 | AS3: =IF(OR($AJ3=""),"",ROUND(AN3/$AJ3*1000,1)) -> 25.1 | AT3: =IF(OR($AJ3=""),"",ROUND(AO3/$AJ3*1000,2)) -> 8.89
A4: 43526 | B4: 易萍 | C4: 31163005 | D4: 17524961 | E4: 13111235 | F4: 12653192 | G4: 284458053 | H4: 106174913 | I4: 284458053 | J4: 106174913 | L4: 4299.8 | M4: 4328.8 | N4: 73876.91 | Q4: 19 | R4: 晴 | S4: 700 | T4: 690 | U4: 8347 | V4: 6618 | W4: 4.76 | X4: 3.4 | Y4: 1440 | AA4: =IF(OR(C5=""),"",C5-C4) -> 46547 | AB4: =IF(OR(D5=""),"",D5-D4) -> 57747 | AC4: =IF(OR(E5=""),"",E5-E4) -> 47273 | AD4: =IF(OR(F5=""),"",F5-F4) -> 40922 | AE4: =IF(OR(G5=""),"",G5-G4) -> 181829 | AF4: =IF(OR(H5=""),"",H5-H4) -> 5493 | AG4: =IF(OR(AA4="",AB4="",AC4=""),"",AA4+AB4+AC4+AD4-AE4) -> 10660 | AH4: =IF(OR(I5=""),"",I5-I4) -> 181829 | AI4: =IF(OR(J5=""),"",J5-J4) -> 5493 | AJ4: =IF(OR(AH4="",AI4=""),"",AH4-AI4) -> 176336 | AK4: 4500 | AL4: =IF(OR(L5="",M5=""),"",ROUND((L5-L4+M5-M4)*1200,0)) -> 11388 | AM4: =IF(OR(N5=""),"",(ROUND((N5-N4)*2,0))) -> 57 | AN4: =IF(OR(S4=""),"",ROUND(S4*7.1,0)) -> 4970 | AO4: =IF(OR(T4=""),"",ROUND(T4*2.4,0)) -> 1656 | AP4: 2174 | AQ4: =IF(OR($AJ4=""),"",ROUND(AL4/$AJ4*1000,1)) -> 64.6 | AR4: =IF(OR($AJ4=""),"",ROUND(AM4/$AJ4*1000,2)) -> 0.32 | AS4: =IF(OR($AJ4=""),"",ROUND(AN4/$AJ4*1000,1)) -> 28.2 | AT4: =IF(OR($AJ4=""),"",ROUND(AO4/$AJ4*1000,2)) -> 9.39
A5: 43527 | B5: 易萍 | C5: 31209552 | D5: 17582708 | E5: 13158508 | F5: 12694114 | G5: 284639882 | H5: 106180406 | I5: 284639882 | J5: 106180406 | L5: 4299.8 | M5: 4338.29 | N5: 73905.52 | Q5: 18 | R5: 晴 | S5: 470 | T5: 490 | U5: 8546 | V5: 7536 | W5: 4.26 | X5: 3.35 | Y5: 1440 | AA5: =IF(OR(C6=""),"",C6-C5) -> 49069 | AB5: =IF(OR(D6=""),"",D6-D5) -> 60486 | AC5: =IF(OR(E6=""),"",E6-E5) -> 48740 | AD5: =IF(OR(F6=""),"",F6-F5) -> 42856 | AE5: =IF(OR(G6=""),"",G6-G5) -> 187066 | AF5: =IF(OR(H6=""),"",H6-H5) -> 5490 | AG5: =IF(OR(AA5="",AB5="",AC5=""),"",AA5+AB5+AC5+AD5-AE5) -> 14085 | AH5: =IF(OR(I6=""),"",I6-I5) -> 187066 | AI5: =IF(OR(J6=""),"",J6-J5) -> 5490 | AJ5: =IF(OR(AH5="",AI5=""),"",AH5-AI5) -> 181576 | AK5: 4300 | AL5: =IF(OR(L6="",M6=""),"",ROUND((L6-L5+M6-M5)*1200,0)) -> 11640 | AM5: =IF(OR(N6=""),"",(ROUND((N6-N5)*2,0))) -> 54 | AN5: =IF(OR(S5=""),"",ROUND(S5*7.1,0)) -> 3337 | AO5: =IF(OR(T5=""),"",ROUND(T5*2.4,0)) -> 1176 | AP5: 2139 | AQ5: =IF(OR($AJ5=""),"",ROUND(AL5/$AJ5*1000,1)) -> 64.1 | AR5: =IF(OR($AJ5=""),"",ROUND(AM5/$AJ5*1000,2)) -> 0.3 | AS5: =IF(OR($AJ5=""),"",ROUND(AN5/$AJ5*1000,1)) -> 18.4 | AT5: =IF(OR($AJ5=""),"",ROUND(AO5/$AJ5*1000,2)) -> 6.48
A6: 43528 | B6: 易萍 | C6: 31258621 | D6: 17643194 | E6: 13207248 | F6: 12736970 | G6: 284826948 | H6: 106185896 | I6: 284826948 | J6: 106185896 | L6: 4299.8 | M6: 4347.99 | N6: 73932.62 | Q6: 18.5 | R6: 晴 | S6: 330 | T6: 350 | U6: 8761 | V6: 8058 | W6: 6.1 | X6: 3.54 | Y6: 1440 | Z6: 1#风机检修,停了45分钟 | AA6: =IF(OR(C7=""),"",C7-C6) -> 43410 | AB6: =IF(OR(D7=""),"",D7-D6) -> 53397 | AC6: =IF(OR(E7=""),"",E7-E6) -> 48432 | AD6: =IF(OR(F7=""),"",F7-F6) -> 45110 | AE6: =IF(OR(G7=""),"",G7-G6) -> 187840 | AF6: =IF(OR(H7=""),"",H7-H6) -> 5485 | AG6: =IF(OR(AA6="",AB6="",AC6=""),"",AA6+AB6+AC6+AD6-AE6) -> 2509 | AH6: =IF(OR(I7=""),"",I7-I6) -> 187840 | AI6: =IF(OR(J7=""),"",J7-J6) -> 5485 | AJ6: =IF(OR(AH6="",AI6=""),"",AH6-AI6) -> 182355 | AK6: 4500 | AL6: =IF(OR(L7="",M7=""),"",ROUND((L7-L6+M7-M6)*1200,0)) -> 41 | AM6: =IF(OR(N7=""),"",(ROUND((N7-N6)*2,0))) -> 0 | AN6: =IF(OR(S6=""),"",ROUND(S6*7.1,0)) -> 2343 | AO6: =IF(OR(T6=""),"",ROUND(T6*2.4,0)) -> 840 | AP6: 1845 | AQ6: =IF(OR($AJ6=""),"",ROUND(AL6/$AJ6*1000,1)) -> 0.2 | AR6: =IF(OR($AJ6=""),"",ROUND(AM6/$AJ6*1000,2)) -> 0 | AS6: =IF(OR($AJ6=""),"",ROUND(AN6/$AJ6*1000,1)) -> 12.8 | AT6: =IF(OR($AJ6=""),"",ROUND(AO6/$AJ6*1000,2)) -> 4.61
A7: 43529 | B7: 仇昊 | C7: 31302031 | D7: 17696591 | E7: 13255680 | F7: 12782080 | G7: =285010788+4000 -> 285014788 | H7: =106191271+110 -> 106191381 | I7: 285014788 | J7: 106191381 | L7: 4299.8 | M7: 4348.024 | N7: 73932.806 | Q7: 19.8 | R7: 晴 | S7: 340 | T7: 360 | U7: 9125 | V7: 8235 | W7: 5.78 | X7: 4.05 | Y7: 1440 | AA7: =IF(OR(C8=""),"",C8-C7) -> 46802 | AB7: =IF(OR(D8=""),"",D8-D7) -> 58352 | AC7: =IF(OR(E8=""),"",E8-E7) -> 52062 | AD7: =IF(OR(F8=""),"",F8-F7) -> 52464 | AE7: =IF(OR(G8=""),"",G8-G7) -> 194077 | AF7: =IF(OR(H8=""),"",H8-H7) -> 5285 | AG7: =IF(OR(AA7="",AB7="",AC7=""),"",AA7+AB7+AC7+AD7-AE7) -> 15603 | AH7: =IF(OR(I8=""),"",I8-I7) -> 194077 | AI7: =IF(OR(J8=""),"",J8-J7) -> 5285 | AJ7: =IF(OR(AH7="",AI7=""),"",AH7-AI7) -> 188792 | AK7: 4500 | AL7: =IF(OR(L8="",M8=""),"",ROUND((L8-L7+M8-M7)*1200,0)) -> 0 | AM7: =IF(OR(N8=""),"",(ROUND((N8-N7)*2,0))) -> 0 | AN7: =IF(OR(S7=""),"",ROUND(S7*7.1,0)) -> 2414 | AO7: =IF(OR(T7=""),"",ROUND(T7*2.4,0)) -> 864 | AP7: 1780 | AQ7: =IF(OR($AJ7=""),"",ROUND(AL7/$AJ7*1000,1)) -> 0 | AR7: =IF(OR($AJ7=""),"",ROUND(AM7/$AJ7*1000,2)) -> 0 | AS7: =IF(OR($AJ7=""),"",ROUND(AN7/$AJ7*1000,1)) -> 12.8 | AT7: =IF(OR($AJ7=""),"",ROUND(AO7/$AJ7*1000,2)) -> 4.58
A8: 43530 | B8: 胡叶青 | C8: 31348833 | D8: 17754943 | E8: 13307742 | F8: 12834544 | G8: 285208865 | H8: 106196666 | I8: 285208865 | J8: 106196666 | L8: 4299.8 | M8: 4348.024 | N8: 73932.806 | Q8: 20.5 | R8: 晴 | S8: 490 | T8: 480 | U8: 8911 | V8: 5572 | W8: 5.72 | X8: 3.55 | Y8: 1440 | AA8: =IF(OR(C9=""),"",C9-C8) -> 45227 | AB8: =IF(OR(D9=""),"",D9-D8) -> 55577 | AC8: =IF(OR(E9=""),"",E9-E8) -> 51285 | AD8: =IF(OR(F9=""),"",F9-F8) -> 50182 | AE8: =IF(OR(G9=""),"",G9-G8) -> 200294 | AF8: =IF(OR(H9=""),"",H9-H8) -> 5635 | AG8: =IF(OR(AA8="",AB8="",AC8=""),"",AA8+AB8+AC8+AD8-AE8) -> 1977 | AH8: =IF(OR(I9=""),"",I9-I8) -> 200294 | AI8: =IF(OR(J9=""),"",J9-J8) -> 5635 | AJ8: =IF(OR(AH8="",AI8=""),"",AH8-AI8) -> 194659 | AK8: 4300 | AL8: =IF(OR(L9="",M9=""),"",ROUND((L9-L8+M9-M8)*1200,0)) -> 655 | AM8: =IF(OR(N9=""),"",(ROUND((N9-N8)*2,0))) -> 4 | AN8: =IF(OR(S8=""),"",ROUND(S8*7.1,0)) -> 3479 | AO8: =IF(OR(T8=""),"",ROUND(T8*2.4,0)) -> 1152 | AP8: 1805 | AQ8: =IF(OR($AJ8=""),"",ROUND(AL8/$AJ8*1000,1)) -> 3.4 | AR8: =IF(OR($AJ8=""),"",ROUND(AM8/$AJ8*1000,2)) -> 0.02 | AS8: =IF(OR($AJ8=""),"",ROUND(AN8/$AJ8*1000,1)) -> 17.9 | AT8: =IF(OR($AJ8=""),"",ROUND(AO8/$AJ8*1000,2)) -> 5.92
A9: 43531 | B9: 易萍 | C9: 31394060 | D9: 17810520 | E9: 13359027 | F9: 12884726 | G9: 285409159 | H9: 106202301 | I9: 285409159 | J9: 106202301 | L9: 4299.8 | M9: 4348.57 | N9: 73934.6 | Q9: 17.8 | R9: 晴 | S9: 640 | T9: 660 | U9: 8997 | V9: 6047 | W9: 5.38 | X9: 3.48 | Y9: 1440 | AA9: =IF(OR(C10=""),"",C10-C9) -> 46543 | AB9: =IF(OR(D10=""),"",D10-D9) -> 58016 | AC9: =IF(OR(E10=""),"",E10-E9) -> 46658 | AD9: =IF(OR(F10=""),"",F10-F9) -> 44705 | AE9: =IF(OR(G10=""),"",G10-G9) -> 179971 | AF9: =IF(OR(H10=""),"",H10-H9) -> 5470 | AG9: =IF(OR(AA9="",AB9="",AC9=""),"",AA9+AB9+AC9+AD9-AE9) -> 15951 | AH9: =IF(OR(I10=""),"",I10-I9) -> 179971 | AI9: =IF(OR(J10=""),"",J10-J9) -> 5470 | AJ9: =IF(OR(AH9="",AI9=""),"",AH9-AI9) -> 174501 | AK9: 4500 | AL9: =IF(OR(L10="",M10=""),"",ROUND((L10-L9+M10-M9)*1200,0)) -> 15396 | AM9: =IF(OR(N10=""),"",(ROUND((N10-N9)*2,0))) -> 68 | AN9: =IF(OR(S9=""),"",ROUND(S9*7.1,0)) -> 4544 | AO9: =IF(OR(T9=""),"",ROUND(T9*2.4,0)) -> 1584 | AP9: 2192 | AQ9: =IF(OR($AJ9=""),"",ROUND(AL9/$AJ9*1000,1)) -> 88.2 | AR9: =IF(OR($AJ9=""),"",ROUND(AM9/$AJ9*1000,2)) -> 0.39 | AS9: =IF(OR($AJ9=""),"",ROUND(AN9/$AJ9*1000,1)) -> 26 | AT9: =IF(OR($AJ9=""),"",ROUND(AO9/$AJ9*1000,2)) -> 9.08
A10: 43532 | B10: 易萍 | C10: 31440603 | D10: 17868536 | E10: 13405685 | F10: 12929431 | G10: 285589130 | H10: 106207771 | I10: 285589130 | J10: 106207771 | L10: 4299.8 | M10: 4361.4 | N10: 73968.62 | Q10: 18.6 | R10: 晴 | S10: 410 | T10: 430 | U10: 8426 | V10: 7197 | W10: 5.5 | X10: 3.3 | Y10: 1440 | AA10: =IF(OR(C11=""),"",C11-C10) -> 47433 | AB10: =IF(OR(D11=""),"",D11-D10) -> 58920 | AC10: =IF(OR(E11=""),"",E11-E10) -> 46517 | AD10: =IF(OR(F11=""),"",F11-F10) -> 43177 | AE10: =IF(OR(G11=""),"",G11-G10) -> 188320 | AF10: =IF(OR(H11=""),"",H11-H10) -> 5445 | AG10: =IF(OR(AA10="",AB10="",AC10=""),"",AA10+AB10+AC10+AD10-AE10) -> 7727 | AH10: =IF(OR(I11=""),"",I11-I10) -> 188320 | AI10: =IF(OR(J11=""),"",J11-J10) -> 5445 | AJ10: =IF(OR(AH10="",AI10=""),"",AH10-AI10) -> 182875 | AK10: 4500 | AL10: =IF(OR(L11="",M11=""),"",ROUND((L11-L10+M11-M10)*1200,0)) -> 0 | AM10: =IF(OR(N11=""),"",(ROUND((N11-N10)*2,0))) -> 0 | AN10: =IF(OR(S10=""),"",ROUND(S10*7.1,0)) -> 2911 | AO10: =IF(OR(T10=""),"",ROUND(T10*2.4,0)) -> 1032 | AP10: 2737 | AQ10: =IF(OR($AJ10=""),"",ROUND(AL10/$AJ10*1000,1)) -> 0 | AR10: =IF(OR($AJ10=""),"",ROUND(AM10/$AJ10*1000,2)) -> 0 | AS10: =IF(OR($AJ10=""),"",ROUND(AN10/$AJ10*1000,1)) -> 15.9 | AT10: =IF(OR($AJ10=""),"",ROUND(AO10/$AJ10*1000,2)) -> 5.64
A11: 43533 | B11: 易萍 | C11: 31488036 | D11: 17927456 | E11: 13452202 | F11: 12972608 | G11: 285777450 | H11: 106213216 | I11: 285777450 | J11: 106213216 | L11: 4299.8 | M11: 4361.4 | N11: 73968.62 | Q11: 18.8 | R11: 晴 | S11: 800 | T11: 820 | U11: 8799 | V11: 7037 | W11: 5.79 | X11: 3.54 | Y11: 1440 | AA11: =IF(OR(C12=""),"",C12-C11) -> 45981 | AB11: =IF(OR(D12=""),"",D12-D11) -> 56777 | AC11: =IF(OR(E12=""),"",E12-E11) -> 44804 | AD11: =IF(OR(F12=""),"",F12-F11) -> 41319 | AE11: =IF(OR(G12=""),"",G12-G11) -> 180566 | AF11: =IF(OR(H12=""),"",H12-H11) -> 5435 | AG11: =IF(OR(AA11="",AB11="",AC11=""),"",AA11+AB11+AC11+AD11-AE11) -> 8315 | AH11: =IF(OR(I12=""),"",I12-I11) -> 180566 | AI11: =IF(OR(J12=""),"",J12-J11) -> 5435 | AJ11: =IF(OR(AH11="",AI11=""),"",AH11-AI11) -> 175131 | AK11: 4700 | AL11: =IF(OR(L12="",M12=""),"",ROUND((L12-L11+M12-M11)*1200,0)) -> 21312 | AM11: =IF(OR(N12=""),"",(ROUND((N12-N11)*2,0))) -> 53 | AN11: =IF(OR(S11=""),"",ROUND(S11*7.1,0)) -> 5680 | AO11: =IF(OR(T11=""),"",ROUND(T11*2.4,0)) -> 1968 | AP11: 3101 | AQ11: =IF(OR($AJ11=""),"",ROUND(AL11/$AJ11*1000,1)) -> 121.7 | AR11: =IF(OR($AJ11=""),"",ROUND(AM11/$AJ11*1000,2)) -> 0.3 | AS11: =IF(OR($AJ11=""),"",ROUND(AN11/$AJ11*1000,1)) -> 32.4 | AT11: =IF(OR($AJ11=""),"",ROUND(AO11/$AJ11*1000,2)) -> 11.24
A12: 43534 | B12: 易萍 | C12: 31534017 | D12: 17984233 | E12: 13497006 | F12: 13013927 | G12: 285958016 | H12: 106218651 | I12: 285958016 | J12: 106218651 | L12: 4299.8 | M12: 4379.16 | N12: 73995.35 | Q12: 19 | R12: 晴 | S12: 760 | T12: 770 | U12: 8596 | V12: 7152 | W12: 5.61 | X12: 3.67 | Y12: 1440 | AA12: =IF(OR(C13=""),"",C13-C12) -> 45566 | AB12: =IF(OR(D13=""),"",D13-D12) -> 56420 | AC12: =IF(OR(E13=""),"",E13-E12) -> 46417 | AD12: =IF(OR(F13=""),"",F13-F12) -> 42685 | AE12: =IF(OR(G13=""),"",G13-G12) -> 182368 | AF12: =IF(OR(H13=""),"",H13-H12) -> 5488 | AG12: =IF(OR(AA12="",AB12="",AC12=""),"",AA12+AB12+AC12+AD12-AE12) -> 8720 | AH12: =IF(OR(I13=""),"",I13-I12) -> 182368 | AI12: =IF(OR(J13=""),"",J13-J12) -> 5488 | AJ12: =IF(OR(AH12="",AI12=""),"",AH12-AI12) -> 176880 | AK12: 5200 | AL12: =IF(OR(L13="",M13=""),"",ROUND((L13-L12+M13-M12)*1200,0)) -> 8976 | AM12: =IF(OR(N13=""),"",(ROUND((N13-N12)*2,0))) -> 68 | AN12: =IF(OR(S12=""),"",ROUND(S12*7.1,0)) -> 5396 | AO12: =IF(OR(T12=""),"",ROUND(T12*2.4,0)) -> 1848 | AP12: 2765 | AQ12: =IF(OR($AJ12=""),"",ROUND(AL12/$AJ12*1000,1)) -> 50.7 | AR12: =IF(OR($AJ12=""),"",ROUND(AM12/$AJ12*1000,2)) -> 0.38 | AS12: =IF(OR($AJ12=""),"",ROUND(AN12/$AJ12*1000,1)) -> 30.5 | AT12: =IF(OR($AJ12=""),"",ROUND(AO12/$AJ12*1000,2)) -> 10.45
A13: 43535 | B13: 易萍 | C13: 31579583 | D13: 18040653 | E13: 13543423 | F13: 13056612 | G13: 286140384 | H13: 106224139 | I13: 286140384 | J13: 106224139 | L13: 4299.8 | M13: 4386.64 | N13: 74029.29 | Q13: 19.1 | R13: 晴 | S13: 650 | T13: 640 | U13: 8751 | V13: 7582 | W13: 4.96 | X13: 3.52 | Y13: 1440 | AA13: =IF(OR(C14=""),"",C14-C13) -> 47783 | AB13: =IF(OR(D14=""),"",D14-D13) -> 59623 | AC13: =IF(OR(E14=""),"",E14-E13) -> 48775 | AD13: =IF(OR(F14=""),"",F14-F13) -> 46827 | AE13: =IF(OR(G14=""),"",G14-G13) -> 192836 | AF13: =IF(OR(H14=""),"",H14-H13) -> 5444 | AG13: =IF(OR(AA13="",AB13="",AC13=""),"",AA13+AB13+AC13+AD13-AE13) -> 10172 | AH13: =IF(OR(I14=""),"",I14-I13) -> 192836 | AI13: =IF(OR(J14=""),"",J14-J13) -> 5444 | AJ13: =IF(OR(AH13="",AI13=""),"",AH13-AI13) -> 187392 | AK13: 5000 | AL13: =IF(OR(L14="",M14=""),"",ROUND((L14-L13+M14-M13)*1200,0)) -> 0 | AM13: =IF(OR(N14=""),"",(ROUND((N14-N13)*2,0))) -> 0 | AN13: =IF(OR(S13=""),"",ROUND(S13*7.1,0)) -> 4615 | AO13: =IF(OR(T13=""),"",ROUND(T13*2.4,0)) -> 1536 | AP13: 2804 | AQ13: =IF(OR($AJ13=""),"",ROUND(AL13/$AJ13*1000,1)) -> 0 | AR13: =IF(OR($AJ13=""),"",ROUND(AM13/$AJ13*1000,2)) -> 0 | AS13: =IF(OR($AJ13=""),"",ROUND(AN13/$AJ13*1000,1)) -> 24.6 | AT13: =IF(OR($AJ13=""),"",ROUND(AO13/$AJ13*1000,2)) -> 8.2
A14: 43536 | B14: 易萍 | C14: 31627366 | D14: 18100276 | E14: 13592198 | F14: 13103439 | G14: 286333220 | H14: 106229583 | I14: 286333220 | J14: 106229583 | L14: 4299.8 | M14: 4386.64 | N14: 74029.39 | Q14: 19.5 | R14: 晴 | S14: 340 | T14: 360 | U14: 8558 | V14: 6057 | W14: 5.24 | X14: 2.76 | Y14: =Y13-60 -> 1380 | AA14: =IF(OR(C15=""),"",C15-C14) -> 45691 | AB14: =IF(OR(D15=""),"",D15-D14) -> 56423 | AC14: =IF(OR(E15=""),"",E15-E14) -> 47297 | AD14: =IF(OR(F15=""),"",F15-F14) -> 44019 | AE14: =IF(OR(G15=""),"",G15-G14) -> 185575 | AF14: =IF(OR(H15=""),"",H15-H14) -> 5382 | AG14: =IF(OR(AA14="",AB14="",AC14=""),"",AA14+AB14+AC14+AD14-AE14) -> 7855 | AH14: =IF(OR(I15=""),"",I15-I14) -> 185575 | AI14: =IF(OR(J15=""),"",J15-J14) -> 5382 | AJ14: =IF(OR(AH14="",AI14=""),"",AH14-AI14) -> 180193 | AK14: 5100 | AL14: =IF(OR(L15="",M15=""),"",ROUND((L15-L14+M15-M14)*1200,0)) -> 1368 | AM14: =IF(OR(N15=""),"",(ROUND((N15-N14)*2,0))) -> 9 | AN14: =IF(OR(S14=""),"",ROUND(S14*7.1,0)) -> 2414 | AO14: =IF(OR(T14=""),"",ROUND(T14*2.4,0)) -> 864 | AP14: 2775 | AQ14: =IF(OR($AJ14=""),"",ROUND(AL14/$AJ14*1000,1)) -> 7.6 | AR14: =IF(OR($AJ14=""),"",ROUND(AM14/$AJ14*1000,2)) -> 0.05 | AS14: =IF(OR($AJ14=""),"",ROUND(AN14/$AJ14*1000,1)) -> 13.4 | AT14: =IF(OR($AJ14=""),"",ROUND(AO14/$AJ14*1000,2)) -> 4.79
A15: 43537 | B15: 仇昊 | C15: 31673057 | D15: 18156699 | E15: 13639495 | F15: 13147458 | G15: 286518795 | H15: 106234965 | I15: 286518795 | J15: 106234965 | L15: 4299.8 | M15: 4387.78 | N15: 74033.827 | Q15: 20.1 | R15: 晴 | S15: 470 | T15: 480 | U15: 8611 | V15: 6661 | W15: 5.12 | X15: 2.54 | Y15: 1200 | AA15: =IF(OR(C16=""),"",C16-C15) -> 45494 | AB15: =IF(OR(D16=""),"",D16-D15) -> 56194 | AC15: =IF(OR(E16=""),"",E16-E15) -> 46571 | AD15: =IF(OR(F16=""),"",F16-F15) -> 44011 | AE15: =IF(OR(G16=""),"",G16-G15) -> 186898 | AF15: =IF(OR(H16=""),"",H16-H15) -> 5422 | AG15: =IF(OR(AA15="",AB15="",AC15=""),"",AA15+AB15+AC15+AD15-AE15) -> 5372 | AH15: =IF(OR(I16=""),"",I16-I15) -> 186898 | AI15: =IF(OR(J16=""),"",J16-J15) -> 5422 | AJ15: =IF(OR(AH15="",AI15=""),"",AH15-AI15) -> 181476 | AK15: 5200 | AL15: =IF(OR(L16="",M16=""),"",ROUND((L16-L15+M16-M15)*1200,0)) -> 10464 | AM15: =IF(OR(N16=""),"",(ROUND((N16-N15)*2,0))) -> 26 | AN15: =IF(OR(S15=""),"",ROUND(S15*7.1,0)) -> 3337 | AO15: =IF(OR(T15=""),"",ROUND(T15*2.4,0)) -> 1152 | AP15: 2139 | AQ15: =IF(OR($AJ15=""),"",ROUND(AL15/$AJ15*1000,1)) -> 57.7 | AR15: =IF(OR($AJ15=""),"",ROUND(AM15/$AJ15*1000,2)) -> 0.14 | AS15: =IF(OR($AJ15=""),"",ROUND(AN15/$AJ15*1000,1)) -> 18.4 | AT15: =IF(OR($AJ15=""),"",ROUND(AO15/$AJ15*1000,2)) -> 6.35
A16: 43538 | B16: 易萍 | C16: 31718551 | D16: 18212893 | E16: 13686066 | F16: 13191469 | G16: 286705693 | H16: 106240387 | I16: 286705693 | J16: 106240387 | L16: 4299.8 | M16: 4396.5 | N16: 74046.85 | Q16: 20 | R16: 晴 | S16: 820 | T16: 800 | U16: 8263 | V16: 6751 | W16: 4.58 | X16: 2.62 | Y16: 1110 | AA16: =IF(OR(C17=""),"",C17-C16) -> 44971 | AB16: =IF(OR(D17=""),"",D17-D16) -> 56352 | AC16: =IF(OR(E17=""),"",E17-E16) -> 45914 | AD16: =IF(OR(F17=""),"",F17-F16) -> 43042 | AE16: =IF(OR(G17=""),"",G17-G16) -> 185215 | AF16: =IF(OR(H17=""),"",H17-H16) -> 5430 | AG16: =IF(OR(AA16="",AB16="",AC16=""),"",AA16+AB16+AC16+AD16-AE16) -> 5064 | AH16: =IF(OR(I17=""),"",I17-I16) -> 185215 | AI16: =IF(OR(J17=""),"",J17-J16) -> 5430 | AJ16: =IF(OR(AH16="",AI16=""),"",AH16-AI16) -> 179785 | AK16: 5000 | AL16: =IF(OR(L17="",M17=""),"",ROUND((L17-L16+M17-M16)*1200,0)) -> 0 | AM16: =IF(OR(N17=""),"",(ROUND((N17-N16)*2,0))) -> 0 | AN16: =IF(OR(S16=""),"",ROUND(S16*7.1,0)) -> 5822 | AO16: =IF(OR(T16=""),"",ROUND(T16*2.4,0)) -> 1920 | AP16: 2764 | AQ16: =IF(OR($AJ16=""),"",ROUND(AL16/$AJ16*1000,1)) -> 0 | AR16: =IF(OR($AJ16=""),"",ROUND(AM16/$AJ16*1000,2)) -> 0 | AS16: =IF(OR($AJ16=""),"",ROUND(AN16/$AJ16*1000,1)) -> 32.4 | AT16: =IF(OR($AJ16=""),"",ROUND(AO16/$AJ16*1000,2)) -> 10.68
A17: 43539 | B17: 易萍 | C17: 31763522 | D17: 18269245 | E17: 13731980 | F17: 13234511 | G17: 286890908 | H17: 106245817 | I17: 286890908 | J17: 106245817 | L17: 4299.8 | M17: 4396.5 | N17: 74046.85 | Q17: 20 | R17: 晴 | S17: 750 | T17: 760 | U17: 8092 | V17: 6312 | W17: 5.56 | X17: 2.35 | Y17: 1260 | AA17: =IF(OR(C18=""),"",C18-C17) -> 44164 | AB17: =IF(OR(D18=""),"",D18-D17) -> 55057 | AC17: =IF(OR(E18=""),"",E18-E17) -> 45359 | AD17: =IF(OR(F18=""),"",F18-F17) -> 41242 | AE17: =IF(OR(G18=""),"",G18-G17) -> 174005 | AF17: =IF(OR(H18=""),"",H18-H17) -> 5448 | AG17: =IF(OR(AA17="",AB17="",AC17=""),"",AA17+AB17+AC17+AD17-AE17) -> 11817 | AH17: =IF(OR(I18=""),"",I18-I17) -> 174005 | AI17: =IF(OR(J18=""),"",J18-J17) -> 5448 | AJ17: =IF(OR(AH17="",AI17=""),"",AH17-AI17) -> 168557 | AK17: 5000 | AL17: =IF(OR(L18="",M18=""),"",ROUND((L18-L17+M18-M17)*1200,0)) -> 2652 | AM17: =IF(OR(N18=""),"",(ROUND((N18-N17)*2,0))) -> 17 | AN17: =IF(OR(S17=""),"",ROUND(S17*7.1,0)) -> 5325 | AO17: =IF(OR(T17=""),"",ROUND(T17*2.4,0)) -> 1824 | AP17: 2429 | AQ17: =IF(OR($AJ17=""),"",ROUND(AL17/$AJ17*1000,1)) -> 15.7 | AR17: =IF(OR($AJ17=""),"",ROUND(AM17/$AJ17*1000,2)) -> 0.1 | AS17: =IF(OR($AJ17=""),"",ROUND(AN17/$AJ17*1000,1)) -> 31.6 | AT17: =IF(OR($AJ17=""),"",ROUND(AO17/$AJ17*1000,2)) -> 10.82
A18: 43540 | B18: 易萍 | C18: 31807686 | D18: 18324302 | E18: 13777339 | F18: 13275753 | G18: 287064913 | H18: 106251265 | I18: 287064913 | J18: 106251265 | L18: 4299.8 | M18: 4398.71 | N18: 74055.1 | Q18: 19.5 | R18: 晴 | S18: 720 | T18: 730 | U18: 8536 | V18: 6859 | W18: 5.13 | X18: 3.99 | Y18: 1440 | AA18: =IF(OR(C19=""),"",C19-C18) -> 45739 | AB18: =IF(OR(D19=""),"",D19-D18) -> 57550 | AC18: =IF(OR(E19=""),"",E19-E18) -> 46657 | AD18: =IF(OR(F19=""),"",F19-F18) -> 44234 | AE18: =IF(OR(G19=""),"",G19-G18) -> 186185 | AF18: =IF(OR(H19=""),"",H19-H18) -> 5329 | AG18: =IF(OR(AA18="",AB18="",AC18=""),"",AA18+AB18+AC18+AD18-AE18) -> 7995 | AH18: =IF(OR(I19=""),"",I19-I18) -> 186185 | AI18: =IF(OR(J19=""),"",J19-J18) -> 5329 | AJ18: =IF(OR(AH18="",AI18=""),"",AH18-AI18) -> 180856 | AK18: 5100 | AL18: =IF(OR(L19="",M19=""),"",ROUND((L19-L18+M19-M18)*1200,0)) -> 2136 | AM18: =IF(OR(N19=""),"",(ROUND((N19-N18)*2,0))) -> 14 | AN18: =IF(OR(S18=""),"",ROUND(S18*7.1,0)) -> 5112 | AO18: =IF(OR(T18=""),"",ROUND(T18*2.4,0)) -> 1752 | AP18: 2611 | AQ18: =IF(OR($AJ18=""),"",ROUND(AL18/$AJ18*1000,1)) -> 11.8 | AR18: =IF(OR($AJ18=""),"",ROUND(AM18/$AJ18*1000,2)) -> 0.08 | AS18: =IF(OR($AJ18=""),"",ROUND(AN18/$AJ18*1000,1)) -> 28.3 | AT18: =IF(OR($AJ18=""),"",ROUND(AO18/$AJ18*1000,2)) -> 9.69
A19: 43541 | B19: 易萍 | C19: 31853425 | D19: 18381852 | E19: 13823996 | F19: 13319987 | G19: 287251098 | H19: 106256594 | I19: 287251098 | J19: 106256594 | L19: 4299.8 | M19: 4400.49 | N19: 74062.28 | Q19: 19.2 | R19: 阴 | S19: 700 | T19: 720 | U19: 10269 | V19: 8299 | W19: 7.29 | X19: 4.19 | Y19: 1440 | AA19: =IF(OR(C20=""),"",C20-C19) -> 58625 | AB19: =IF(OR(D20=""),"",D20-D19) -> 71330 | AC19: =IF(OR(E20=""),"",E20-E19) -> 55327 | AD19: =IF(OR(F20=""),"",F20-F19) -> 55542 | AE19: =IF(OR(G20=""),"",G20-G19) -> 199019 | AF19: =IF(OR(H20=""),"",H20-H19) -> 5486 | AG19: =IF(OR(AA19="",AB19="",AC19=""),"",AA19+AB19+AC19+AD19-AE19) -> 41805 | AH19: =IF(OR(I20=""),"",I20-I19) -> 199019 | AI19: =IF(OR(J20=""),"",J20-J19) -> 5486 | AJ19: =IF(OR(AH19="",AI19=""),"",AH19-AI19) -> 193533 | AK19: 5000 | AL19: =IF(OR(L20="",M20=""),"",ROUND((L20-L19+M20-M19)*1200,0)) -> 0 | AM19: =IF(OR(N20=""),"",(ROUND((N20-N19)*2,0))) -> 0 | AN19: =IF(OR(S19=""),"",ROUND(S19*7.1,0)) -> 4970 | AO19: =IF(OR(T19=""),"",ROUND(T19*2.4,0)) -> 1728 | AP19: 3190 | AQ19: =IF(OR($AJ19=""),"",ROUND(AL19/$AJ19*1000,1)) -> 0 | AR19: =IF(OR($AJ19=""),"",ROUND(AM19/$AJ19*1000,2)) -> 0 | AS19: =IF(OR($AJ19=""),"",ROUND(AN19/$AJ19*1000,1)) -> 25.7 | AT19: =IF(OR($AJ19=""),"",ROUND(AO19/$AJ19*1000,2)) -> 8.93
A20: 43542 | B20: 易萍 | C20: 31912050 | D20: 18453182 | E20: 13879323 | F20: 13375529 | G20: 287450117 | H20: 106262080 | I20: 287450117 | J20: 106262080 | L20: 4299.8 | M20: 4400.49 | N20: 74062.33 | Q20: 17.5 | R20: 雨 | S20: 550 | T20: 560 | U20: 9123 | V20: 8890 | W20: 6.91 | X20: 6.06 | Y20: 1440 | AA20: =IF(OR(C21=""),"",C21-C20) -> 41459 | AB20: =IF(OR(D21=""),"",D21-D20) -> 48044 | AC20: =IF(OR(E21=""),"",E21-E20) -> 60428 | AD20: =IF(OR(F21=""),"",F21-F20) -> 61829 | AE20: =IF(OR(G21=""),"",G21-G20) -> 206476 | AF20: =IF(OR(H21=""),"",H21-H20) -> 5375 | AG20: =IF(OR(AA20="",AB20="",AC20=""),"",AA20+AB20+AC20+AD20-AE20) -> 5284 | AH20: =IF(OR(I21=""),"",I21-I20) -> 206476 | AI20: =IF(OR(J21=""),"",J21-J20) -> 5375 | AJ20: =IF(OR(AH20="",AI20=""),"",AH20-AI20) -> 201101 | AK20: 5000 | AL20: =IF(OR(L21="",M21=""),"",ROUND((L21-L20+M21-M20)*1200,0)) -> 0 | AM20: =IF(OR(N21=""),"",(ROUND((N21-N20)*2,0))) -> 0 | AN20: =IF(OR(S20=""),"",ROUND(S20*7.1,0)) -> 3905 | AO20: =IF(OR(T20=""),"",ROUND(T20*2.4,0)) -> 1344 | AP20: 2798 | AQ20: =IF(OR($AJ20=""),"",ROUND(AL20/$AJ20*1000,1)) -> 0 | AR20: =IF(OR($AJ20=""),"",ROUND(AM20/$AJ20*1000,2)) -> 0 | AS20: =IF(OR($AJ20=""),"",ROUND(AN20/$AJ20*1000,1)) -> 19.4 | AT20: =IF(OR($AJ20=""),"",ROUND(AO20/$AJ20*1000,2)) -> 6.68
A21: 43543 | B21: 易萍 | C21: 31953509 | D21: 18501226 | E21: 13939751 | F21: 13437358 | G21: 287656593 | H21: 106267455 | I21: 287656593 | J21: 106267455 | L21: 4299.8 | M21: 4400.49 | N21: 74062.33 | Q21: 18.1 | R21: 阴 | S21: 360 | T21: 350 | U21: 9136 | V21: 8625 | W21: 6.37 | X21: 4.05 | Y21: 1440 | AA21: =IF(OR(C22=""),"",C22-C21) -> 38530 | AB21: =IF(OR(D22=""),"",D22-D21) -> 43879 | AC21: =IF(OR(E22=""),"",E22-E21) -> 68416 | AD21: =IF(OR(F22=""),"",F22-F21) -> 69743 | AE21: =IF(OR(G22=""),"",G22-G21) -> 206407 | AF21: =IF(OR(H22=""),"",H22-H21) -> 5471 | AG21: =IF(OR(AA21="",AB21="",AC21=""),"",AA21+AB21+AC21+AD21-AE21) -> 14161 | AH21: =IF(OR(I22=""),"",I22-I21) -> 206407 | AI21: =IF(OR(J22=""),"",J22-J21) -> 5471 | AJ21: =IF(OR(AH21="",AI21=""),"",AH21-AI21) -> 200936 | AK21: 5500 | AL21: =IF(OR(L22="",M22=""),"",ROUND((L22-L21+M22-M21)*1200,0)) -> 0 | AM21: =IF(OR(N22=""),"",(ROUND((N22-N21)*2,0))) -> 0 | AN21: =IF(OR(S21=""),"",ROUND(S21*7.1,0)) -> 2556 | AO21: =IF(OR(T21=""),"",ROUND(T21*2.4,0)) -> 840 | AP21: 2031 | AQ21: =IF(OR($AJ21=""),"",ROUND(AL21/$AJ21*1000,1)) -> 0 | AR21: =IF(OR($AJ21=""),"",ROUND(AM21/$AJ21*1000,2)) -> 0 | AS21: =IF(OR($AJ21=""),"",ROUND(AN21/$AJ21*1000,1)) -> 12.7 | AT21: =IF(OR($AJ21=""),"",ROUND(AO21/$AJ21*1000,2)) -> 4.18
A22: 43544 | B22: 易萍 | C22: 31992039 | D22: 18545105 | E22: 14008167 | F22: 13507101 | G22: 287863000 | H22: 106272926 | I22: 287863000 | J22: 106272926 | L22: 4299.8 | M22: 4400.49 | N22: 74062.33 | Q22: 17.3 | R22: 阴 | S22: 300 | T22: 280 | U22: 9258 | V22: 8736 | W22: 6.67 | X22: 6.05 | Y22: 1440 | AA22: =IF(OR(C23=""),"",C23-C22) -> 34812 | AB22: =IF(OR(D23=""),"",D23-D22) -> 39950 | AC22: =IF(OR(E23=""),"",E23-E22) -> 67085 | AD22: =IF(OR(F23=""),"",F23-F22) -> 68146 | AE22: =IF(OR(G23=""),"",G23-G22) -> 202097 | AF22: =IF(OR(H23=""),"",H23-H22) -> 5390 | AG22: =IF(OR(AA22="",AB22="",AC22=""),"",AA22+AB22+AC22+AD22-AE22) -> 7896 | AH22: =IF(OR(I23=""),"",I23-I22) -> 202097 | AI22: =IF(OR(J23=""),"",J23-J22) -> 5390 | AJ22: =IF(OR(AH22="",AI22=""),"",AH22-AI22) -> 196707 | AK22: 5300 | AL22: =IF(OR(L23="",M23=""),"",ROUND((L23-L22+M23-M22)*1200,0)) -> 0 | AM22: =IF(OR(N23=""),"",(ROUND((N23-N22)*2,0))) -> 0 | AN22: =IF(OR(S22=""),"",ROUND(S22*7.1,0)) -> 2130 | AO22: =IF(OR(T22=""),"",ROUND(T22*2.4,0)) -> 672 | AP22: 2170 | AQ22: =IF(OR($AJ22=""),"",ROUND(AL22/$AJ22*1000,1)) -> 0 | AR22: =IF(OR($AJ22=""),"",ROUND(AM22/$AJ22*1000,2)) -> 0 | AS22: =IF(OR($AJ22=""),"",ROUND(AN22/$AJ22*1000,1)) -> 10.8 | AT22: =IF(OR($AJ22=""),"",ROUND(AO22/$AJ22*1000,2)) -> 3.42
A23: 43545 | B23: 易萍 | C23: 32026851 | D23: 18585055 | E23: 14075252 | F23: 13575247 | G23: 288065097 | H23: 106278316 | I23: 288065097 | J23: 106278316 | L23: 4299.8 | M23: 4400.49 | N23: 74062.33 | Q23: 17.2 | R23: 雨 | S23: 300 | T23: 310 | U23: 9325 | V23: 9116 | W23: 7.74 | X23: 6.96 | Y23: 1440 | AA23: =IF(OR(C24=""),"",C24-C23) -> 36011 | AB23: =IF(OR(D24=""),"",D24-D23) -> 41494 | AC23: =IF(OR(E24=""),"",E24-E23) -> 70625 | AD23: =IF(OR(F24=""),"",F24-F23) -> 71678 | AE23: =IF(OR(G24=""),"",G24-G23) -> 210858 | AF23: =IF(OR(H24=""),"",H24-H23) -> 5466 | AG23: =IF(OR(AA23="",AB23="",AC23=""),"",AA23+AB23+AC23+AD23-AE23) -> 8950 | AH23: =IF(OR(I24=""),"",I24-I23) -> 210858 | AI23: =IF(OR(J24=""),"",J24-J23) -> 5466 | AJ23: =IF(OR(AH23="",AI23=""),"",AH23-AI23) -> 205392 | AK23: 5200 | AL23: =IF(OR(L24="",M24=""),"",ROUND((L24-L23+M24-M23)*1200,0)) -> 0 | AM23: =IF(OR(N24=""),"",(ROUND((N24-N23)*2,0))) -> 0 | AN23: =IF(OR(S23=""),"",ROUND(S23*7.1,0)) -> 2130 | AO23: =IF(OR(T23=""),"",ROUND(T23*2.4,0)) -> 744 | AP23: 2183 | AQ23: =IF(OR($AJ23=""),"",ROUND(AL23/$AJ23*1000,1)) -> 0 | AR23: =IF(OR($AJ23=""),"",ROUND(AM23/$AJ23*1000,2)) -> 0 | AS23: =IF(OR($AJ23=""),"",ROUND(AN23/$AJ23*1000,1)) -> 10.4 | AT23: =IF(OR($AJ23=""),"",ROUND(AO23/$AJ23*1000,2)) -> 3.62
A24: 43546 | B24: 易萍 | C24: 32062862 | D24: 18626549 | E24: 14145877 | F24: 13646925 | G24: 288275955 | H24: 106283782 | I24: 288275955 | J24: 106283782 | L24: 4299.8 | M24: 4400.49 | N24: 74062.33 | Q24: 17.5 | R24: 雨 | S24: 350 | T24: 330 | U24: 9012 | V24: 8836 | W24: 6.35 | X24: 6 | Y24: 1440 | AA24: =IF(OR(C25=""),"",C25-C24) -> 32871 | AB24: =IF(OR(D25=""),"",D25-D24) -> 38219 | AC24: =IF(OR(E25=""),"",E25-E24) -> 65154 | AD24: =IF(OR(F25=""),"",F25-F24) -> 67773 | AE24: =IF(OR(G25=""),"",G25-G24) -> 195532 | AF24: =IF(OR(H25=""),"",H25-H24) -> 5347 | AG24: =IF(OR(AA24="",AB24="",AC24=""),"",AA24+AB24+AC24+AD24-AE24) -> 8485 | AH24: =IF(OR(I25=""),"",I25-I24) -> 195532 | AI24: =IF(OR(J25=""),"",J25-J24) -> 5347 | AJ24: =IF(OR(AH24="",AI24=""),"",AH24-AI24) -> 190185 | AK24: 5200 | AL24: =IF(OR(L25="",M25=""),"",ROUND((L25-L24+M25-M24)*1200,0)) -> 0 | AM24: =IF(OR(N25=""),"",(ROUND((N25-N24)*2,0))) -> 0 | AN24: =IF(OR(S24=""),"",ROUND(S24*7.1,0)) -> 2485 | AO24: =IF(OR(T24=""),"",ROUND(T24*2.4,0)) -> 792 | AP24: 2478 | AQ24: =IF(OR($AJ24=""),"",ROUND(AL24/$AJ24*1000,1)) -> 0 | AR24: =IF(OR($AJ24=""),"",ROUND(AM24/$AJ24*1000,2)) -> 0 | AS24: =IF(OR($AJ24=""),"",ROUND(AN24/$AJ24*1000,1)) -> 13.1 | AT24: =IF(OR($AJ24=""),"",ROUND(AO24/$AJ24*1000,2)) -> 4.16
A25: 43547 | B25: 易萍 | C25: 32095733 | D25: 18664768 | E25: 14211031 | F25: 13714698 | G25: 288471487 | H25: 106289129 | I25: 288471487 | J25: 106289129 | L25: 4299.8 | M25: 4400.49 | N25: 74062.33 | Q25: 18.5 | R25: 阴 | S25: 410 | T25: 390 | U25: 9078 | V25: 8496 | W25: 6.13 | X25: 5.98 | Y25: 1440 | AA25: =IF(OR(C26=""),"",C26-C25) -> 35238 | AB25: =IF(OR(D26=""),"",D26-D25) -> 40656 | AC25: =IF(OR(E26=""),"",E26-E25) -> 69046 | AD25: =IF(OR(F26=""),"",F26-F25) -> 70489 | AE25: =IF(OR(G26=""),"",G26-G25) -> 206530 | AF25: =IF(OR(H26=""),"",H26-H25) -> 5423 | AG25: =IF(OR(AA25="",AB25="",AC25=""),"",AA25+AB25+AC25+AD25-AE25) -> 8899 | AH25: =IF(OR(I26=""),"",I26-I25) -> 206530 | AI25: =IF(OR(J26=""),"",J26-J25) -> 5423 | AJ25: =IF(OR(AH25="",AI25=""),"",AH25-AI25) -> 201107 | AK25: 5200 | AL25: =IF(OR(L26="",M26=""),"",ROUND((L26-L25+M26-M25)*1200,0)) -> 0 | AM25: =IF(OR(N26=""),"",(ROUND((N26-N25)*2,0))) -> 0 | AN25: =IF(OR(S25=""),"",ROUND(S25*7.1,0)) -> 2911 | AO25: =IF(OR(T25=""),"",ROUND(T25*2.4,0)) -> 936 | AP25: 3255 | AQ25: =IF(OR($AJ25=""),"",ROUND(AL25/$AJ25*1000,1)) -> 0 | AR25: =IF(OR($AJ25=""),"",ROUND(AM25/$AJ25*1000,2)) -> 0 | AS25: =IF(OR($AJ25=""),"",ROUND(AN25/$AJ25*1000,1)) -> 14.5 | AT25: =IF(OR($AJ25=""),"",ROUND(AO25/$AJ25*1000,2)) -> 4.65
A26: 43548 | B26: 易萍 | C26: 32130971 | D26: 18705424 | E26: 14280077 | F26: 13785187 | G26: 288678017 | H26: 106294552 | I26: 288678017 | J26: 106294552 | L26: 4299.8 | M26: 4400.49 | N26: 74062.33 | Q26: 15.8 | R26: 晴 | S26: 390 | T26: 380 | U26: 9185 | V26: 8952 | W26: 6.32 | X26: 5.96 | Y26: 1440 | AA26: =IF(OR(C27=""),"",C27-C26) -> 35822 | AB26: =IF(OR(D27=""),"",D27-D26) -> 40815 | AC26: =IF(OR(E27=""),"",E27-E26) -> 69600 | AD26: =IF(OR(F27=""),"",F27-F26) -> 70409 | AE26: =IF(OR(G27=""),"",G27-G26) -> 207717 | AF26: =IF(OR(H27=""),"",H27-H26) -> 5334 | AG26: =IF(OR(AA26="",AB26="",AC26=""),"",AA26+AB26+AC26+AD26-AE26) -> 8929 | AH26: =IF(OR(I27=""),"",I27-I26) -> 207717 | AI26: =IF(OR(J27=""),"",J27-J26) -> 5334 | AJ26: =IF(OR(AH26="",AI26=""),"",AH26-AI26) -> 202383 | AK26: 5200 | AL26: =IF(OR(L27="",M27=""),"",ROUND((L27-L26+M27-M26)*1200,0)) -> 0 | AM26: =IF(OR(N27=""),"",(ROUND((N27-N26)*2,0))) -> 0 | AN26: =IF(OR(S26=""),"",ROUND(S26*7.1,0)) -> 2769 | AO26: =IF(OR(T26=""),"",ROUND(T26*2.4,0)) -> 912 | AP26: 3082 | AQ26: =IF(OR($AJ26=""),"",ROUND(AL26/$AJ26*1000,1)) -> 0 | AR26: =IF(OR($AJ26=""),"",ROUND(AM26/$AJ26*1000,2)) -> 0 | AS26: =IF(OR($AJ26=""),"",ROUND(AN26/$AJ26*1000,1)) -> 13.7 | AT26: =IF(OR($AJ26=""),"",ROUND(AO26/$AJ26*1000,2)) -> 4.51
... A33: 43555 | B33: 易萍 | C33: 32406070 | D33: 19031673 | E33: 14734650 | F33: 14241218 | G33: 290139485 | H33: 106332396 | I33: 290139485 | J33: 106332396 | L33: 4299.8 | M33: 4404.17 | N33: 74063.44 | Q33: 19 | R33: 晴 | S33: 580 | T33: 600 | U33: 9198 | V33: 8259 | W33: 6.07 | X33: 5.45 | Y33: 1440 | AA33: =IF(OR(C34=""),"",C34-C33) -> 53207 | AB33: =IF(OR(D34=""),"",D34-D33) -> 66095 | AC33: =IF(OR(E34=""),"",E34-E33) -> 52458 | AD33: =IF(OR(F34=""),"",F34-F33) -> 50110 | AE33: =IF(OR(G34=""),"",G34-G33) -> 208098 | AF33: =IF(OR(H34=""),"",H34-H33) -> 5415 | AG33: =IF(OR(AA33="",AB33="",AC33=""),"",AA33+AB33+AC33+AD33-AE33) -> 13772 | AH33: =IF(OR(I34=""),"",I34-I33) -> 208098 | AI33: =IF(OR(J34=""),"",J34-J33) -> 5415 | AJ33: =IF(OR(AH33="",AI33=""),"",AH33-AI33) -> 202683 | AK33: 5000 | AL33: =IF(OR(L34="",M34=""),"",ROUND((L34-L33+M34-M33)*1200,0)) -> 0 | AM33: =IF(OR(N34=""),"",(ROUND((N34-N33)*2,0))) -> 0 | AN33: =IF(OR(S33=""),"",ROUND(S33*7.1,0)) -> 4118 | AO33: =IF(OR(T33=""),"",ROUND(T33*2.4,0)) -> 1440 | AP33: 2290 | AQ33: =IF(OR($AJ33=""),"",ROUND(AL33/$AJ33*1000,1)) -> 0 | AR33: =IF(OR($AJ33=""),"",ROUND(AM33/$AJ33*1000,2)) -> 0 | AS33: =IF(OR($AJ33=""),"",ROUND(AN33/$AJ33*1000,1)) -> 20.3 | AT33: =IF(OR($AJ33=""),"",ROUND(AO33/$AJ33*1000,2)) -> 7.1
A34: 43556 | B34: 易萍 | C34: 32459277 | D34: 19097768 | E34: 14787108 | F34: 14291328 | G34: 290347583 | H34: 106337811 | I34: 290347583 | J34: 106337811 | L34: 4299.8 | M34: 4404.17 | N34: 74063.44 | Q34: 19.8 | R34: 阴
AA36: =IF(OR(C37=""),"",C37-C36) | AB36: =IF(OR(D37=""),"",D37-D36) | AC36: =IF(OR(E37=""),"",E37-E36) | AD36: =IF(OR(F37=""),"",F37-F36) | AE36: =IF(OR(G37=""),"",G37-G36) | AF36: =IF(OR(H37=""),"",H37-H36) | AG36: =IF(OR(AA36="",AB36="",AC36=""),"",AA36+AB36+AC36+AD36-AE36) | AH36: =SUM(AH3:AH34) -> 6078689 | AI36: =SUM(AI3:AI34) -> 168418 | AJ36: =SUM(AJ3:AJ34) -> 5910271 | AK36: =SUM(AK3:AK34) -> 152800 | AL36: =SUM(AL3:AL34) -> 93636 | AM36: =SUM(AM3:AM34) -> 384 | AN36: =SUM(AN3:AN34) -> 119138 | AO36: =SUM(AO3:AO34) -> 40440 | AQ36: =IF(OR($AJ36=0),"",ROUND(AL36/$AJ36*1000,1)) -> 15.8 | AR36: =IF(OR($AJ36=0),"",ROUND(AM36/$AJ36*1000,2)) -> 0.06 | AS36: =IF(OR($AJ36=0),"",ROUND(AN36/$AJ36*1000,1)) -> 20.2 | AT36: =IF(OR($AJ36=0),"",ROUND(AO36/$AJ36*1000,2)) -> 6.84

Sheet 4
B2: 记录人 | C2: 一期左进水 流量计读数 | D2: 一期右进水 流量计读数 | E2: 二期左进水 流量计读数 | F2: 二期右进水 流量计读数 | G2: 现场出水 流量计读数 | H2: 现场回用水 读数 | I2: 出水流量计 读数（网站） | J2: 回用水流量 （网站） | K2: 污泥流量 计读数 | L2: PAC2#流量计读数 | M2: PAC3#流量计读数 | N2: PAM流量 计读数 | O2: 盐酸流量 计读数 | P2: 氯酸钠流 量计读数 | Q2: 生反池 水温 | R2: 天气 (阴晴雨) | S2: 盐酸液位 差（CM） | T2: 氯酸钠液位差 差（CM） | U2: 最高流量 m3/h | V2: 最低流量 m3/h | W2: 最高液位 m | X2: 最低液位 m | Y2: 超液位时 间（分） | Z2: 备注 | AA2: 一期左 进水流量 | AB2: 一期右 进水流量 | AC2: 二期左 进水流量 | AD2: 二期右 进水流量 | AE2: 现场出水 流量 | AF2: 现场回用水 流量 | AG2: 进出水 流量差 | AH2: 出水流量（网站） | AI2: 回用水流量（网站） | AJ2: 实际处理量（网站） | AK2: 排泥量 m3 | AL2: PAC量 kg | AM2: PAM量 kg | AN2: 盐酸量 kg | AO2: 氯酸钠量 kg | AP2: 碳源用量kg | AQ2: PAC单耗 ppm | AR2: PAM单耗 ppm | AS2: 盐酸单耗 ppm | AT2: 氯酸钠单耗 ppm
A3: 43556 | B3: ='3'!B34 -> 易萍 | C3: ='3'!C34 -> 32459277 | D3: ='3'!D34 -> 19097768 | E3: ='3'!E34 -> 14787108 | F3: ='3'!F34 -> 14291328 | G3: ='3'!G34 -> 290347583 | H3: ='3'!H34 -> 106337811 | I3: ='3'!I34 -> 290347583 | ... N3: ='3'!N34 -> 74063.44 | Q3: 19.2 | R3: ='3'!R34 -> 阴 | S3: 550 | T3: 540 | U3: 9161 | V3: 8711 | W3: 5.48 | X3: 4.54 | Y3: 1378 | AA3: =IF(OR(C4=""),"",C4-C3) -> 62842 | AB3: =IF(OR(D4=""),"",D4-D3) -> 71826 | AC3: =IF(OR(E4=""),"",E4-E3) -> 40558 | AD3: =IF(OR(F4=""),"",F4-F3) -> 38842 | AE3: =IF(OR(G4=""),"",G4-G3) -> 209115 | AF3: =IF(OR(H4=""),"",H4-H3) -> 5415 | AG3: =IF(OR(AA3="",AB3="",AC3=""),"",AA3+AB3+AC3+AD3-AE3) -> 4953 | AH3: =IF(OR(I4=""),"",I4-I3) -> 209115 | AI3: =IF(OR(J4=""),"",J4-J3) -> 5415 | AJ3: =IF(OR(AH3="",AI3=""),"",AH3-AI3) -> 203700 | AK3: 4900 | AL3: =IF(OR(L4="",M4=""),"",ROUND((L4-L3+M4-M3)*1200,0)) -> 0 | AM3: =IF(OR(N4=""),"",(ROUND((N4-N3)*2,0))) -> 0 | AN3: =IF(OR(S3=""),"",ROUND(S3*7.1,0)) -> 3905 | AO3: =IF(OR(T3=""),"",ROUND(T3*2.4,0)) -> 1296 | AP3: 2639 | AQ3: =IF(OR($AJ3=""),"",ROUND(AL3/$AJ3*1000,1)) -> 0 | AR3: =IF(OR($AJ3=""),"",ROUND(AM3/$AJ3*1000,2)) -> 0 | AS3: =IF(OR($AJ3=""),"",ROUND(AN3/$AJ3*1000,1)) -> 19.2 | AT3: =IF(OR($AJ3=""),"",ROUND(AO3/$AJ3*1000,2)) -> 6.36
A4: 43557 | B4: 易萍 | C4: 32522119 | D4: 19169594 | E4: 14827666 | F4: 14330170 | G4: 290556698 | H4: 106343226 | I4: 290556698 | J4: 106343226 | L4: 4299.8 | M4: 4404.17 | N4: 74063.44 | Q4: 19.8 | R4: 阴 | S4: 500 | T4: 490 | U4: 9248 | V4: 8982 | W4: 5.54 | X4: 3.92 | Y4: 1377 | AA4: =IF(OR(C5=""),"",C5-C4) -> 67778 | AB4: =IF(OR(D5=""),"",D5-D4) -> 78432 | AC4: =IF(OR(E5=""),"",E5-E4) -> 36826 | AD4: =IF(OR(F5=""),"",F5-F4) -> 35621 | AE4: =IF(OR(G5=""),"",G5-G4) -> 207889 | AF4: =IF(OR(H5=""),"",H5-H4) -> 5402 | AG4: =IF(OR(AA4="",AB4="",AC4=""),"",AA4+AB4+AC4+AD4-AE4) -> 10768 | AH4: =IF(OR(I5=""),"",I5-I4) -> 207889 | AI4: =IF(OR(J5=""),"",J5-J4) -> 5402 | AJ4: =IF(OR(AH4="",AI4=""),"",AH4-AI4) -> 202487 | AK4: 4900 | AL4: =IF(OR(L5="",M5=""),"",ROUND((L5-L4+M5-M4)*1200,0)) -> 0 | AM4: =IF(OR(N5=""),"",(ROUND((N5-N4)*2,0))) -> 0 | AN4: =IF(OR(S4=""),"",ROUND(S4*7.1,0)) -> 3550 | AO4: =IF(OR(T4=""),"",ROUND(T4*2.4,0)) -> 1176 | AP4: 2749 | AQ4: =IF(OR($AJ4=""),"",ROUND(AL4/$AJ4*1000,1)) -> 0 | AR4: =IF(OR($AJ4=""),"",ROUND(AM4/$AJ4*1000,2)) -> 0 | AS4: =IF(OR($AJ4=""),"",ROUND(AN4/$AJ4*1000,1)) -> 17.5 | AT4: =IF(OR($AJ4=""),"",ROUND(AO4/$AJ4*1000,2)) -> 5.81
A5: 43558 | B5: 易萍 | C5: 32589897 | D5: 19248026 | E5: 14864492 | F5: 14365791 | G5: 290764587 | H5: 106348628 | I5: 290764587 | J5: 106348628 | L5: 4299.8 | M5: 4404.17 | N5: 74063.44 | Q5: 19.8 | R5: 晴 | S5: 480 | T5: 460 | U5: 9198 | V5: 8935 | W5: 7.21 | X5: 5.05 | Y5: 1312 | AA5: =IF(OR(C6=""),"",C6-C5) -> 67568 | AB5: =IF(OR(D6=""),"",D6-D5) -> 78755 | AC5: =IF(OR(E6=""),"",E6-E5) -> 37463 | AD5: =IF(OR(F6=""),"",F6-F5) -> 36294 | AE5: =IF(OR(G6=""),"",G6-G5) -> 214413 | AF5: =IF(OR(H6=""),"",H6-H5) -> 5422 | AG5: =IF(OR(AA5="",AB5="",AC5=""),"",AA5+AB5+AC5+AD5-AE5) -> 5667 | AH5: =IF(OR(I6=""),"",I6-I5) -> 213939 | AI5: =IF(OR(J6=""),"",J6-J5) -> 5428 | AJ5: =IF(OR(AH5="",AI5=""),"",AH5-AI5) -> 208511 | AK5: 5000 | AL5: =IF(OR(L6="",M6=""),"",ROUND((L6-L5+M6-M5)*1200,0)) -> 0 | AM5: =IF(OR(N6=""),"",(ROUND((N6-N5)*2,0))) -> 0 | AN5: =IF(OR(S5=""),"",ROUND(S5*7.1,0)) -> 3408 | AO5: =IF(OR(T5=""),"",ROUND(T5*2.4,0)) -> 1104 | AP5: 2533 | AQ5: =IF(OR($AJ5=""),"",ROUND(AL5/$AJ5*1000,1)) -> 0 | AR5: =IF(OR($AJ5=""),"",ROUND(AM5/$AJ5*1000,2)) -> 0 | AS5: =IF(OR($AJ5=""),"",ROUND(AN5/$AJ5*1000,1)) -> 16.3 | AT5: =IF(OR($AJ5=""),"",ROUND(AO5/$AJ5*1000,2)) -> 5.29
A6: 43559 | B6: 易萍 | C6: 32657465 | D6: 19326781 | E6: 14901955 | F6: 14402085 | G6: 290979000 | H6: 106354050 | I6: 290978526 | J6: 106354056 | L6: 4299.8 | M6: 4404.17 | N6: 74063.44 | Q6: 25 | R6: 晴 | S6: 380 | T6: 360 | U6: 9245 | V6: 8874 | W6: 7.13 | X6: 5.68 | Y6: 1374 | AA6: =IF(OR(C7=""),"",C7-C6) -> 66676 | AB6: =IF(OR(D7=""),"",D7-D6) -> 78116 | AC6: =IF(OR(E7=""),"",E7-E6) -> 35250 | AD6: =IF(OR(F7=""),"",F7-F6) -> 34189 | AE6: =IF(OR(G7=""),"",G7-G6) -> 208367 | AF6: =IF(OR(H7=""),"",H7-H6) -> 5454 | AG6: =IF(OR(AA6="",AB6="",AC6=""),"",AA6+AB6+AC6+AD6-AE6) -> 5864 | AH6: =IF(OR(I7=""),"",I7-I6) -> 209037 | AI6: =IF(OR(J7=""),"",J7-J6) -> 5448 | AJ6: =IF(OR(AH6="",AI6=""),"",AH6-AI6) -> 203589 | AK6: 5000 | AL6: =IF(OR(L7="",M7=""),"",ROUND((L7-L6+M7-M6)*1200,0)) -> 0 | AM6: =IF(OR(N7=""),"",(ROUND((N7-N6)*2,0))) -> 0 | AN6: =IF(OR(S6=""),"",ROUND(S6*7.1,0)) -> 2698 | AO6: =IF(OR(T6=""),"",ROUND(T6*2.4,0)) -> 864 | AP6: 2805 | AQ6: =IF(OR($AJ6=""),"",ROUND(AL6/$AJ6*1000,1)) -> 0 | AR6: =IF(OR($AJ6=""),"",ROUND(AM6/$AJ6*1000,2)) -> 0 | AS6: =IF(OR($AJ6=""),"",ROUND(AN6/$AJ6*1000,1)) -> 13.3 | AT6: =IF(OR($AJ6=""),"",ROUND(AO6/$AJ6*1000,2)) -> 4.24
A7: 43560 | B7: 陈智娇 | C7: 32724141 | D7: 19404897 | E7: 14937205 | F7: 14436274 | G7: 291187367 | H7: 106359504 | I7: 291187563 | J7: 106359504 | L7: 4299.8 | M7: 4404.17 | N7: 74063.44 | Q7: 19.8 | R7: 阴 | S7: 450 | T7: 440 | U7: 9197 | V7: 7411 | W7: 5.65 | X7: 3.02 | Y7: 1260 | AA7: =IF(OR(C8=""),"",C8-C7) -> 65742 | AB7: =IF(OR(D8=""),"",D8-D7) -> 77479 | AC7: =IF(OR(E8=""),"",E8-E7) -> 34903 | AD7: =IF(OR(F8=""),"",F8-F7) -> 34021 | AE7: =IF(OR(G8=""),"",G8-G7) -> 210557 | AF7: =IF(OR(H8=""),"",H8-H7) -> 5369 | AG7: =IF(OR(AA7="",AB7="",AC7=""),"",AA7+AB7+AC7+AD7-AE7) -> 1588 | AH7: =IF(OR(I8=""),"",I8-I7) -> 210169 | AI7: =IF(OR(J8=""),"",J8-J7) -> 5369 | AJ7: =IF(OR(AH7="",AI7=""),"",AH7-AI7) -> 204800 | AK7: 5000 | AL7: =IF(OR(L8="",M8=""),"",ROUND((L8-L7+M8-M7)*1200,0)) -> 0 | AM7: =IF(OR(N8=""),"",(ROUND((N8-N7)*2,0))) -> 0 | AN7: =IF(OR(S7=""),"",ROUND(S7*7.1,0)) -> 3195 | AO7: =IF(OR(T7=""),"",ROUND(T7*2.4,0)) -> 1056 | AP7: 2900 | AQ7: =IF(OR($AJ7=""),"",ROUND(AL7/$AJ7*1000,1)) -> 0 | AR7: =IF(OR($AJ7=""),"",ROUND(AM7/$AJ7*1000,2)) -> 0 | AS7: =IF(OR($AJ7=""),"",ROUND(AN7/$AJ7*1000,1)) -> 15.6 | AT7: =IF(OR($AJ7=""),"",ROUND(AO7/$AJ7*1000,2)) -> 5.16
A8: 43561 | B8: 易萍 | C8: 32789883 | D8: 19482376 | E8: 14972108 | F8: 14470295 | G8: 291397924 | H8: 106364873 | I8: 291397732 | J8: 106364873 | L8: 4299.8 | M8: 4404.17 | N8: 74063.44 | Q8: 19.7 | R8: 晴 | S8: 650 | T8: 640 | U8: 8717 | V8: 7318 | W8: 5.17 | X8: 2.96 | Y8: 1170 | AA8: =IF(OR(C9=""),"",C9-C8) -> 50377 | AB8: =IF(OR(D9=""),"",D9-D8) -> 60411 | AC8: =IF(OR(E9=""),"",E9-E8) -> 42540 | AD8: =IF(OR(F9=""),"",F9-F8) -> 40846 | AE8: =IF(OR(G9=""),"",G9-G8) -> 183362 | AF8: =IF(OR(H9=""),"",H9-H8) -> 5396 | AG8: =IF(OR(AA8="",AB8="",AC8=""),"",AA8+AB8+AC8+AD8-AE8) -> 10812 | AH8: =IF(OR(I9=""),"",I9-I8) -> 183474 | AI8: =IF(OR(J9=""),"",J9-J8) -> 5396 | AJ8: =IF(OR(AH8="",AI8=""),"",AH8-AI8) -> 178078 | AK8: 5000 | AL8: =IF(OR(L9="",M9=""),"",ROUND((L9-L8+M9-M8)*1200,0)) -> 0 | AM8: =IF(OR(N9=""),"",(ROUND((N9-N8)*2,0))) -> 0 | AN8: =IF(OR(S8=""),"",ROUND(S8*7.1,0)) -> 4615 | AO8: =IF(OR(T8=""),"",ROUND(T8*2.4,0)) -> 1536 | AP8: 2592 | AQ8: =IF(OR($AJ8=""),"",ROUND(AL8/$AJ8*1000,1)) -> 0 | AR8: =IF(OR($AJ8=""),"",ROUND(AM8/$AJ8*1000,2)) -> 0 | AS8: =IF(OR($AJ8=""),"",ROUND(AN8/$AJ8*1000,1)) -> 25.9 | AT8: =IF(OR($AJ8=""),"",ROUND(AO8/$AJ8*1000,2)) -> 8.63
A9: 43562 | B9: 易萍 | C9: 32840260 | D9: 19542787 | E9: 15014648 | F9: 14511141 | G9: 291581286 | H9: 106370269 | I9: 291581206 | J9: 106370269 | L9: 4299.8 | M9: 4404.17 | N9: 74063.44 | Q9: 20 | R9: 晴 | S9: 680 | T9: 670 | U9: 9265 | V9: 8061 | W9: 4.68 | X9: 4.02 | Y9: 1440 | AA9: =IF(OR(C10=""),"",C10-C9) -> 47337 | AB9: =IF(OR(D10=""),"",D10-D9) -> 57488 | AC9: =IF(OR(E10=""),"",E10-E9) -> 52684 | AD9: =IF(OR(F10=""),"",F10-F9) -> 51864 | AE9: =IF(OR(G10=""),"",G10-G9) -> 202674 | AF9: =IF(OR(H10=""),"",H10-H9) -> 5405 | AG9: =IF(OR(AA9="",AB9="",AC9=""),"",AA9+AB9+AC9+AD9-AE9) -> 6699 | AH9: =IF(OR(I10=""),"",I10-I9) -> 202754 | AI9: =IF(OR(J10=""),"",J10-J9) -> 5411 | AJ9: =IF(OR(AH9="",AI9=""),"",AH9-AI9) -> 197343 | AK9: 5100 | AL9: =IF(OR(L10="",M10=""),"",ROUND((L10-L9+M10-M9)*1200,0)) -> 168 | AM9: =IF(OR(N10=""),"",(ROUND((N10-N9)*2,0))) -> 3 | AN9: =IF(OR(S9=""),"",ROUND(S9*7.1,0)) -> 4828 | AO9: =IF(OR(T9=""),"",ROUND(T9*2.4,0)) -> 1608 | AP9: 2595 | AQ9: =IF(OR($AJ9=""),"",ROUND(AL9/$AJ9*1000,1)) -> 0.9 | AR9: =IF(OR($AJ9=""),"",ROUND(AM9/$AJ9*1000,2)) -> 0.02 | AS9: =IF(OR($AJ9=""),"",ROUND(AN9/$AJ9*1000,1)) -> 24.5 | AT9: =IF(OR($AJ9=""),"",ROUND(AO9/$AJ9*1000,2)) -> 8.15
A10: 43563 | B10: 易萍 | C10: 32887597 | D10: 19600275 | E10: 15067332 | F10: 14563005 | G10: 291783960 | H10: 106375674 | I10: 291783960 | J10: 106375680 | L10: 4299.8 | M10: 4404.31 | N10: 74064.76 | Q10: 20.5 | R10: 晴 | S10: 450 | T10: 440 | U10: 9315 | V10: 8214 | W10: 5.8 | X10: 4.9 | Y10: 1434 | AA10: =IF(OR(C11=""),"",C11-C10) -> 47883 | AB10: =IF(OR(D11=""),"",D11-D10) -> 59881 | AC10: =IF(OR(E11=""),"",E11-E10) -> 52935 | AD10: =IF(OR(F11=""),"",F11-F10) -> 54379 | AE10: =IF(OR(G11=""),"",G11-G10) -> 208336 | AF10: =IF(OR(H11=""),"",H11-H10) -> 5405 | AG10: =IF(OR(AA10="",AB10="",AC10=""),"",AA10+AB10+AC10+AD10-AE10) -> 6742 | AH10: =IF(OR(I11=""),"",I11-I10) -> 208856 | AI10: =IF(OR(J11=""),"",J11-J10) -> 5410 | AJ10: =IF(OR(AH10="",AI10=""),"",AH10-AI10) -> 203446 | AK10: 5000 | AL10: =IF(OR(L11="",M11=""),"",ROUND((L11-L10+M11-M10)*1200,0)) -> 0 | AM10: =IF(OR(N11=""),"",(ROUND((N11-N10)*2,0))) -> 0 | AN10: =IF(OR(S10=""),"",ROUND(S10*7.1,0)) -> 3195 | AO10: =IF(OR(T10=""),"",ROUND(T10*2.4,0)) -> 1056 | AP10: 2885 | AQ10: =IF(OR($AJ10=""),"",ROUND(AL10/$AJ10*1000,1)) -> 0 | AR10: =IF(OR($AJ10=""),"",ROUND(AM10/$AJ10*1000,2)) -> 0 | AS10: =IF(OR($AJ10=""),"",ROUND(AN10/$AJ10*1000,1)) -> 15.7 | AT10: =IF(OR($AJ10=""),"",ROUND(AO10/$AJ10*1000,2)) -> 5.19
A11: 43564 | B11: 陈智娇 | C11: 32935480 | D11: 19660156 | E11: 15120267 | F11: 14617384 | G11: 291992296 | H11: 106381079 | I11: 291992816 | J11: =106381128-38 -> 106381090 | L11: 4299.8 | M11: 4404.31 | N11: 74064.76 | Q11: 20.3 | R11: 晴 | S11: 440 | T11: 460 | U11: 9284 | V11: 8078 | W11: 5.62 | X11: 4.05 | Y11: 1444 | AA11: =IF(OR(C12=""),"",C12-C11) -> 48825 | AB11: =IF(OR(D12=""),"",D12-D11) -> 61195 | AC11: =IF(OR(E12=""),"",E12-E11) -> 53631 | AD11: =IF(OR(F12=""),"",F12-F11) -> 55629 | AE11: =IF(OR(G12=""),"",G12-G11) -> 209300 | AF11: =IF(OR(H12=""),"",H12-H11) -> 5388 | AG11: =IF(OR(AA11="",AB11="",AC11=""),"",AA11+AB11+AC11+AD11-AE11) -> 9980 | AH11: =IF(OR(I12=""),"",I12-I11) -> 208780 | AI11: =IF(OR(J12=""),"",J12-J11) -> 5377 | AJ11: =IF(OR(AH11="",AI11=""),"",AH11-AI11) -> 203403 | AK11: 5000 | AL11: =IF(OR(L12="",M12=""),"",ROUND((L12-L11+M12-M11)*1200,0)) -> 0 | AM11: =IF(OR(N12=""),"",(ROUND((N12-N11)*2,0))) -> 0 | AN11: =IF(OR(S11=""),"",ROUND(S11*7.1,0)) -> 3124 | AO11: =IF(OR(T11=""),"",ROUND(T11*2.4,0)) -> 1104 | AP11: 2655 | AQ11: =IF(OR($AJ11=""),"",ROUND(AL11/$AJ11*1000,1)) -> 0 | AR11: =IF(OR($AJ11=""),"",ROUND(AM11/$AJ11*1000,2)) -> 0 | AS11: =IF(OR($AJ11=""),"",ROUND(AN11/$AJ11*1000,1)) -> 15.4 | AT11: =IF(OR($AJ11=""),"",ROUND(AO11/$AJ11*1000,2)) -> 5.43
A12: 43565 | B12: 仇昊 | C12: 32984305 | D12: 19721351 | E12: 15173898 | F12: 14673013 | G12: 292201596 | H12: 106386467 | I12: 292201596 | J12: 106386467 | L12: 4299.8 | M12: 4404.31 | N12: 74064.76 | Q12: 20.9 | R12: 晴 | S12: 800 | T12: 820 | U12: 9354 | V12: 7365 | W12: 5.65 | X12: 4.6 | Y12: 1440 | AA12: =IF(OR(C13=""),"",C13-C12) -> 45414 | AB12: =IF(OR(D13=""),"",D13-D12) -> 54013 | AC12: =IF(OR(E13=""),"",E13-E12) -> 50579 | AD12: =IF(OR(F13=""),"",F13-F12) -> 49445 | AE12: =IF(OR(G13=""),"",G13-G12) -> 195177 | AF12: =IF(OR(H13=""),"",H13-H12) -> 5423 | AG12: =IF(OR(AA12="",AB12="",AC12=""),"",AA12+AB12+AC12+AD12-AE12) -> 4274 | AH12: =IF(OR(I13=""),"",I13-I12) -> 195342 | AI12: =IF(OR(J13=""),"",J13-J12) -> 5429 | AJ12: =IF(OR(AH12="",AI12=""),"",AH12-AI12) -> 189913 | AK12: 5000 | AL12: =IF(OR(L13="",M13=""),"",ROUND((L13-L12+M13-M12)*1200,0)) -> 0 | AM12: =IF(OR(N13=""),"",(ROUND((N13-N12)*2,0))) -> 0 | AN12: =IF(OR(S12=""),"",ROUND(S12*7.1,0)) -> 5680 | AO12: =IF(OR(T12=""),"",ROUND(T12*2.4,0)) -> 1968 | AP12: 2917 | AQ12: =IF(OR($AJ12=""),"",ROUND(AL12/$AJ12*1000,1)) -> 0 | AR12: =IF(OR($AJ12=""),"",ROUND(AM12/$AJ12*1000,2)) -> 0 | AS12: =IF(OR($AJ12=""),"",ROUND(AN12/$AJ12*1000,1)) -> 29.9 | AT12: =IF(OR($AJ12=""),"",ROUND(AO12/$AJ12*1000,2)) -> 10.36
A13: 43566 | B13: 易萍 | C13: 33029719 | D13: 19775364 | E13: 15224477 | F13: 14722458 | G13: 292396773 | H13: 106391890 | I13: 292396938 | J13: 106391896 | L13: 4299.8 | M13: 4404.31 | N13: 74064.76 | Q13: 23 | R13: 晴 | S13: 700 | T13: 720 | U13: 9236 | V13: 6925 | W13: 6.36 | X13: 4.05 | Y13: 1440 | AA13: =IF(OR(C14=""),"",C14-C13) -> 45989 | AB13: =IF(OR(D14=""),"",D14-D13) -> 56620 | AC13: =IF(OR(E14=""),"",E14-E13) -> 51498 | AD13: =IF(OR(F14=""),"",F14-F13) -> 51163 | AE13: =IF(OR(G14=""),"",G14-G13) -> 198530 | AF13: =IF(OR(H14=""),"",H14-H13) -> 5425 | AG13: =IF(OR(AA13="",AB13="",AC13=""),"",AA13+AB13+AC13+AD13-AE13) -> 6740 | AH13: =IF(OR(I14=""),"",I14-I13) -> 198332 | AI13: =IF(OR(J14=""),"",J14-J13) -> 5416 | AJ13: =IF(OR(AH13="",AI13=""),"",AH13-AI13) -> 192916 | AK13: 5000 | AL13: =IF(OR(L14="",M14=""),"",ROUND((L14-L13+M14-M13)*1200,0)) -> 24000 | AM13: =IF(OR(N14=""),"",(ROUND((N14-N13)*2,0))) -> 10 | AN13: =IF(OR(S13=""),"",ROUND(S13*7.1,0)) -> 4970 | AO13: =IF(OR(T13=""),"",ROUND(T13*2.4,0)) -> 1728 | AP13: 3463 | AQ13: =IF(OR($AJ13=""),"",ROUND(AL13/$AJ13*1000,1)) -> 124.4 | AR13: =IF(OR($AJ13=""),"",ROUND(AM13/$AJ13*1000,2)) -> 0.05 | AS13: =IF(OR($AJ13=""),"",ROUND(AN13/$AJ13*1000,1)) -> 25.8 | AT13: =IF(OR($AJ13=""),"",ROUND(AO13/$AJ13*1000,2)) -> 8.96
A14: 43567 | B14: 易萍 | C14: 33075708 | D14: 19831984 | E14: 15275975 | F14: 14773621 | G14: 292595303 | H14: 106397315 | I14: 292595270 | J14: 106397312 | L14: 4299.8 | M14: 4424.31 | N14: 74069.72 | Q14: 25 | R14: 晴 | S14: 550 | T14: 570 | U14: 9182 | V14: 2874 | W14: 4.45 | X14: 2.5 | Y14: 1200 | AA14: =IF(OR(C15=""),"",C15-C14) -> 44464 | AB14: =IF(OR(D15=""),"",D15-D14) -> 53533 | AC14: =IF(OR(E15=""),"",E15-E14) -> 49201 | AD14: =IF(OR(F15=""),"",F15-F14) -> 48582 | AE14: =IF(OR(G15=""),"",G15-G14) -> 188738 | AF14: =IF(OR(H15=""),"",H15-H14) -> 5443 | AG14: =IF(OR(AA14="",AB14="",AC14=""),"",AA14+AB14+AC14+AD14-AE14) -> 7042 | AH14: =IF(OR(I15=""),"",I15-I14) -> 189421 | AI14: =IF(OR(J15=""),"",J15-J14) -> 5416 | AJ14: =IF(OR(AH14="",AI14=""),"",AH14-AI14) -> 184005 | AK14: 5000 | AL14: =IF(OR(L15="",M15=""),"",ROUND((L15-L14+M15-M14)*1200,0)) -> 0 | AM14: =IF(OR(N15=""),"",(ROUND((N15-N14)*2,0))) -> 0 | AN14: =IF(OR(S14=""),"",ROUND(S14*7.1,0)) -> 3905 | AO14: =IF(OR(T14=""),"",ROUND(T14*2.4,0)) -> 1368 | AP14: 4200 | AQ14: =IF(OR($AJ14=""),"",ROUND(AL14/$AJ14*1000,1)) -> 0 | AR14: =IF(OR($AJ14=""),"",ROUND(AM14/$AJ14*1000,2)) -> 0 | AS14: =IF(OR($AJ14=""),"",ROUND(AN14/$AJ14*1000,1)) -> 21.2 | AT14: =IF(OR($AJ14=""),"",ROUND(AO14/$AJ14*1000,2)) -> 7.43
A15: 43568 | B15: 易萍 | C15: 33120172 | D15: 19885517 | E15: 15325176 | F15: 14822203 | G15: 292784041 | H15: 106402758 | I15: 292784691 | J15: 106402728 | L15: 4299.8 | M15: 4424.31 | N15: 74069.72 | Q15: 22 | R15: 雨 | S15: 480 | T15: 500 | U15: 10536 | V15: 4754 | W15: 7.45 | X15: 2.63 | Y15: 1290 | AA15: =IF(OR(C16=""),"",C16-C15) -> 53150 | AB15: =IF(OR(D16=""),"",D16-D15) -> 65943 | AC15: =IF(OR(E16=""),"",E16-E15) -> 57151 | AD15: =IF(OR(F16=""),"",F16-F15) -> 58335 | AE15: =IF(OR(G16=""),"",G16-G15) -> 205663 | AF15: =IF(OR(H16=""),"",H16-H15) -> 5394 | AG15: =IF(OR(AA15="",AB15="",AC15=""),"",AA15+AB15+AC15+AD15-AE15) -> 28916 | AH15: =IF(OR(I16=""),"",I16-I15) -> 204966 | AI15: =IF(OR(J16=""),"",J16-J15) -> 5424 | AJ15: =IF(OR(AH15="",AI15=""),"",AH15-AI15) -> 199542 | AK15: 5000 | AL15: =IF(OR(L16="",M16=""),"",ROUND((L16-L15+M16-M15)*1200,0)) -> 0 | AM15: =IF(OR(N16=""),"",(ROUND((N16-N15)*2,0))) -> 0 | AN15: =IF(OR(S15=""),"",ROUND(S15*7.1,0)) -> 3408 | AO15: =IF(OR(T15=""),"",ROUND(T15*2.4,0)) -> 1200 | AP15: 3015 | AQ15: =IF(OR($AJ15=""),"",ROUND(AL15/$AJ15*1000,1)) -> 0 | AR15: =IF(OR($AJ15=""),"",ROUND(AM15/$AJ15*1000,2)) -> 0 | AS15: =IF(OR($AJ15=""),"",ROUND(AN15/$AJ15*1000,1)) -> 17.1 | AT15: =IF(OR($AJ15=""),"",ROUND(AO15/$AJ15*1000,2)) -> 6.01
A16: 43569 | B16: 易萍 | C16: 33173322 | D16: 19951460 | E16: 15382327 | F16: 14880538 | G16: 292989704 | H16: 106408152 | I16: 292989657 | J16: 106408152 | L16: 4299.8 | M16: 4424.31 | N16: 74069.72 | Q16: 21 | R16: 阴 | S16: 730 | T16: 720 | U16: 10412 | V16: 8214 | W16: 6.74 | X16: 5.76 | Y16: 1440 | AA16: =IF(OR(C17=""),"",C17-C16) -> 53298 | AB16: =IF(OR(D17=""),"",D17-D16) -> 66305 | AC16: =IF(OR(E17=""),"",E17-E16) -> 57489 | AD16: =IF(OR(F17=""),"",F17-F16) -> 59098 | AE16: =IF(OR(G17=""),"",G17-G16) -> 214160 | AF16: =IF(OR(H17=""),"",H17-H16) -> 5427 | AG16: =IF(OR(AA16="",AB16="",AC16=""),"",AA16+AB16+AC16+AD16-AE16) -> 22030 | AH16: =IF(OR(I17=""),"",I17-I16) -> 214017 | AI16: =IF(OR(J17=""),"",J17-J16) -> 5456 | AJ16: =IF(OR(AH16="",AI16=""),"",AH16-AI16) -> 208561 | AK16: 5000 | AL16: =IF(OR(L17="",M17=""),"",ROUND((L17-L16+M17-M16)*1200,0)) -> 0 | AM16: =IF(OR(N17=""),"",(ROUND((N17-N16)*2,0))) -> 0 | AN16: =IF(OR(S16=""),"",ROUND(S16*7.1,0)) -> 5183 | AO16: =IF(OR(T16=""),"",ROUND(T16*2.4,0)) -> 1728 | AP16: 2713 | AQ16: =IF(OR($AJ16=""),"",ROUND(AL16/$AJ16*1000,1)) -> 0 | AR16: =IF(OR($AJ16=""),"",ROUND(AM16/$AJ16*1000,2)) -> 0 | AS16: =IF(OR($AJ16=""),"",ROUND(AN16/$AJ16*1000,1)) -> 24.9 | AT16: =IF(OR($AJ16=""),"",ROUND(AO16/$AJ16*1000,2)) -> 8.29
A17: 43570 | B17: 易萍 | C17: 33226620 | D17: 20017765 | E17: 15439816 | F17: 14939636 | G17: 293203864 | H17: 106413579 | I17: 293203674 | J17: 106413608 | L17: 4299.8 | M17: 4424.31 | N17: 74069.72 | Q17: 22 | R17: 阴 | S17: 420 | T17: 440 | U17: 9284 | V17: 8685 | W17: 6.45 | X17: 6.01 | Y17: 1440 | AA17: =IF(OR(C18=""),"",C18-C17) -> 48738 | AB17: =IF(OR(D18=""),"",D18-D17) -> 59893 | AC17: =IF(OR(E18=""),"",E18-E17) -> 53935 | AD17: =IF(OR(F18=""),"",F18-F17) -> 54601 | AE17: =IF(OR(G18=""),"",G18-G17) -> 213221 | AF17: =IF(OR(H18=""),"",H18-H17) -> 5427 | AG17: =IF(OR(AA17="",AB17="",AC17=""),"",AA17+AB17+AC17+AD17-AE17) -> 3946 | AH17: =IF(OR(I18=""),"",I18-I17) -> 213267 | AI17: =IF(OR(J18=""),"",J18-J17) -> 5416 | AJ17: =IF(OR(AH17="",AI17=""),"",AH17-AI17) -> 207851 | AK17: 5000 | AL17: =IF(OR(L18="",M18=""),"",ROUND((L18-L17+M18-M17)*1200,0)) -> 0 | AM17: =IF(OR(N18=""),"",(ROUND((N18-N17)*2,0))) -> 0 | AN17: =IF(OR(S17=""),"",ROUND(S17*7.1,0)) -> 2982 | AO17: =IF(OR(T17=""),"",ROUND(T17*2.4,0)) -> 1056 | AP17: 2684 | AQ17: =IF(OR($AJ17=""),"",ROUND(AL17/$AJ17*1000,1)) -> 0 | AR17: =IF(OR($AJ17=""),"",ROUND(AM17/$AJ17*1000,2)) -> 0 | AS17: =IF(OR($AJ17=""),"",ROUND(AN17/$AJ17*1000,1)) -> 14.3 | AT17: =IF(OR($AJ17=""),"",ROUND(AO17/$AJ17*1000,2)) -> 5.08
A18: 43571 | B18: 易萍 | C18: 33275358 | D18: 20077658 | E18: 15493751 | F18: 14994237 | G18: 293417085 | H18: 106419006 | I18: 293416941 | J18: 106419024 | L18: 4299.8 | M18: 4424.31 | N18: 74069.72 | Q18: 24 | R18: 晴 | S18: 370 | T18: 380 | U18: 9214 | V18: 8975 | W18: 6.59 | X18: 5.86 | Y18: 1440 | AA18: =IF(OR(C19=""),"",C19-C18) -> 49869 | AB18: =IF(OR(D19=""),"",D19-D18) -> 61215 | AC18: =IF(OR(E19=""),"",E19-E18) -> 55515 | AD18: =IF(OR(F19=""),"",F19-F18) -> 55687 | AE18: =IF(OR(G19=""),"",G19-G18) -> 212877 | AF18: =IF(OR(H19=""),"",H19-H18) -> 5429 | AG18: =IF(OR(AA18="",AB18="",AC18=""),"",AA18+AB18+AC18+AD18-AE18) -> 9409 | AH18: =IF(OR(I19=""),"",I19-I18) -> 212823 | AI18: =IF(OR(J19=""),"",J19-J18) -> 5411 | AJ18: =IF(OR(AH18="",AI18=""),"",AH18-AI18) -> 207412 | AK18: 5000 | AL18: =IF(OR(L19="",M19=""),"",ROUND((L19-L18+M19-M18)*1200,0)) -> 3864 | AM18: =IF(OR(N19=""),"",(ROUND((N19-N18)*2,0))) -> 1 | AN18: =IF(OR(S18=""),"",ROUND(S18*7.1,0)) -> 2627 | AO18: =IF(OR(T18=""),"",ROUND(T18*2.4,0)) -> 912 | AP18: 2840 | AQ18: =IF(OR($AJ18=""),"",ROUND(AL18/$AJ18*1000,1)) -> 18.6 | AR18: =IF(OR($AJ18=""),"",ROUND(AM18/$AJ18*1000,2)) -> 0 | AS18: =IF(OR($AJ18=""),"",ROUND(AN18/$AJ18*1000,1)) -> 12.7 | AT18: =IF(OR($AJ18=""),"",ROUND(AO18/$AJ18*1000,2)) -> 4.4
A19: 43572 | B19: 陈智娇 | C19: 33325227 | D19: 20138873 | E19: 15549266 | F19: 15049924 | G19: 293629962 | H19: 106424435 | I19: 293629764 | J19: 106424435 | L19: 4299.8 | M19: 4427.53 | N19: 74070.14 | Q19: 21.3 | R19: 晴 | S19: 660 | T19: 650 | U19: 9350 | V19: 8005 | W19: 6.16 | X19: 4.8 | Y19: 1440 | AA19: =IF(OR(C20=""),"",C20-C19) -> 47535 | AB19: =IF(OR(D20=""),"",D20-D19) -> 59524 | AC19: =IF(OR(E20=""),"",E20-E19) -> 53230 | AD19: =IF(OR(F20=""),"",F20-F19) -> 54271 | AE19: =IF(OR(G20=""),"",G20-G19) -> 212889 | AF19: =IF(OR(H20=""),"",H20-H19) -> 5434 | AG19: =IF(OR(AA19="",AB19="",AC19=""),"",AA19+AB19+AC19+AD19-AE19) -> 1671 | AH19: =IF(OR(I20=""),"",I20-I19) -> 212520 | AI19: =IF(OR(J20=""),"",J20-J19) -> 5434 | AJ19: =IF(OR(AH19="",AI19=""),"",AH19-AI19) -> 207086 | AK19: 5000 | AL19: =IF(OR(L20="",M20=""),"",ROUND((L20-L19+M20-M19)*1200,0)) -> 0 | AM19: =IF(OR(N20=""),"",(ROUND((N20-N19)*2,0))) -> 0 | AN19: =IF(OR(S19=""),"",ROUND(S19*7.1,0)) -> 4686 | AO19: =IF(OR(T19=""),"",ROUND(T19*2.4,0)) -> 1560 | AP19: 3300 | AQ19: =IF(OR($AJ19=""),"",ROUND(AL19/$AJ19*1000,1)) -> 0 | AR19: =IF(OR($AJ19=""),"",ROUND(AM19/$AJ19*1000,2)) -> 0 | AS19: =IF(OR($AJ19=""),"",ROUND(AN19/$AJ19*1000,1)) -> 22.6 | AT19: =IF(OR($AJ19=""),"",ROUND(AO19/$AJ19*1000,2)) -> 7.53
A20: 43573 | B20: 易萍 | C20: 33372762 | D20: 20198397 | E20: 15602496 | F20: 15104195 | G20: 293842851 | H20: 106429869 | I20: 293842284 | J20: 106429869 | L20: 4299.8 | M20: 4427.53 | N20: 74070.14 | Q20: 21.5 | R20: 阴 | S20: 690 | T20: 700 | U20: 9285 | V20: 8228 | W20: 6.3 | X20: 5.56 | Y20: 1440 | AA20: =IF(OR(C21=""),"",C21-C20) -> 48670 | AB20: =IF(OR(D21=""),"",D21-D20) -> 60891 | AC20: =IF(OR(E21=""),"",E21-E20) -> 54555 | AD20: =IF(OR(F21=""),"",F21-F20) -> 55469 | AE20: =IF(OR(G21=""),"",G21-G20) -> 211394 | AF20: =IF(OR(H21=""),"",H21-H20) -> 5418 | AG20: =IF(OR(AA20="",AB20="",AC20=""),"",AA20+AB20+AC20+AD20-AE20) -> 8191 | AH20: =IF(OR(I21=""),"",I21-I20) -> 211778 | AI20: =IF(OR(J21=""),"",J21-J20) -> 5418 | AJ20: =IF(OR(AH20="",AI20=""),"",AH20-AI20) -> 206360 | AK20: 3500 | AL20: =IF(OR(L21="",M21=""),"",ROUND((L21-L20+M21-M20)*1200,0)) -> 0 | AM20: =IF(OR(N21=""),"",(ROUND((N21-N20)*2,0))) -> 0 | AN20: =IF(OR(S20=""),"",ROUND(S20*7.1,0)) -> 4899 | AO20: =IF(OR(T20=""),"",ROUND(T20*2.4,0)) -> 1680 | AP20: 3569 | AQ20: =IF(OR($AJ20=""),"",ROUND(AL20/$AJ20*1000,1)) -> 0 | AR20: =IF(OR($AJ20=""),"",ROUND(AM20/$AJ20*1000,2)) -> 0 | AS20: =IF(OR($AJ20=""),"",ROUND(AN20/$AJ20*1000,1)) -> 23.7 | AT20: =IF(OR($AJ20=""),"",ROUND(AO20/$AJ20*1000,2)) -> 8.14
A21: 43574 | B21: 易萍 | C21: 33421432 | D21: 20259288 | E21: 15657051 | F21: 15159664 | G21: 294054245 | H21: 106435287 | I21: 294054062 | J21: 106435287 | L21: 4299.8 | M21: 4427.53 | N21: 74070.14 | Q21: 22 | R21: 晴 | S21: 660 | T21: 680 | U21: 9185 | V21: 7562 | W21: 6.31 | X21: 5.64 | Y21: 1440 | AA21: =IF(OR(C22=""),"",C22-C21) -> 47144 | AB21: =IF(OR(D22=""),"",D22-D21) -> 57981 | AC21: =IF(OR(E22=""),"",E22-E21) -> 53304 | AD21: =IF(OR(F22=""),"",F22-F21) -> 52945 | AE21: =IF(OR(G22=""),"",G22-G21) -> 208683 | AF21: =IF(OR(H22=""),"",H22-H21) -> 5413 | AG21: =IF(OR(AA21="",AB21="",AC21=""),"",AA21+AB21+AC21+AD21-AE21) -> 2691 | AH21: =IF(OR(I22=""),"",I22-I21) -> 209054 | AI21: =IF(OR(J22=""),"",J22-J21) -> 5413 | AJ21: =IF(OR(AH21="",AI21=""),"",AH21-AI21) -> 203641 | AK21: 3000 | AL21: =IF(OR(L22="",M22=""),"",ROUND((L22-L21+M22-M21)*1200,0)) -> 0 | AM21: =IF(OR(N22=""),"",(ROUND((N22-N21)*2,0))) -> 0 | AN21: =IF(OR(S21=""),"",ROUND(S21*7.1,0)) -> 4686 | AO21: =IF(OR(T21=""),"",ROUND(T21*2.4,0)) -> 1632 | AP21: 3500 | AQ21: =IF(OR($AJ21=""),"",ROUND(AL21/$AJ21*1000,1)) -> 0 | AR21: =IF(OR($AJ21=""),"",ROUND(AM21/$AJ21*1000,2)) -> 0 | AS21: =IF(OR($AJ21=""),"",ROUND(AN21/$AJ21*1000,1)) -> 23 | AT21: =IF(OR($AJ21=""),"",ROUND(AO21/$AJ21*1000,2)) -> 8.01
A22: 43575 | B22: 易萍 | C22: 33468576 | D22: 20317269 | E22: 15710355 | F22: 15212609 | G22: 294262928 | H22: 106440700 | I22: 294263116 | J22: 106440700 | L22: 4299.8 | M22: 4427.53 | N22: 74070.14 | Q22: 20.9 | R22: 晴 | S22: 750 | T22: 760 | U22: 9265 | V22: 8012 | W22: 6.5 | X22: 4.75 | Y22: 1440 | AA22: =IF(OR(C23=""),"",C23-C22) -> 48398 | AB22: =IF(OR(D23=""),"",D23-D22) -> 60520 | AC22: =IF(OR(E23=""),"",E23-E22) -> 54367 | AD22: =IF(OR(F23=""),"",F23-F22) -> 54843 | AE22: =IF(OR(G23=""),"",G23-G22) -> 211679 | AF22: =IF(OR(H23=""),"",H23-H22) -> 5426 | AG22: =IF(OR(AA22="",AB22="",AC22=""),"",AA22+AB22+AC22+AD22-AE22) -> 6449 | AH22: =IF(OR(I23=""),"",I23-I22) -> 211716 | AI22: =IF(OR(J23=""),"",J23-J22) -> 5426 | AJ22: =IF(OR(AH22="",AI22=""),"",AH22-AI22) -> 206290 | AK22: 4100 | AL22: =IF(OR(L23="",M23=""),"",ROUND((L23-L22+M23-M22)*1200,0)) -> 0 | AM22: =IF(OR(N23=""),"",(ROUND((N23-N22)*2,0))) -> 0 | AN22: =IF(OR(S22=""),"",ROUND(S22*7.1,0)) -> 5325 | AO22: =IF(OR(T22=""),"",ROUND(T22*2.4,0)) -> 1824 | AP22: 2799 | AQ22: =IF(OR($AJ22=""),"",ROUND(AL22/$AJ22*1000,1)) -> 0 | AR22: =IF(OR($AJ22=""),"",ROUND(AM22/$AJ22*1000,2)) -> 0 | AS22: =IF(OR($AJ22=""),"",ROUND(AN22/$AJ22*1000,1)) -> 25.8 | AT22: =IF(OR($AJ22=""),"",ROUND(AO22/$AJ22*1000,2)) -> 8.84
A23: 43576 | B23: 易萍 | C23: 33516974 | D23: 20377789 | E23: 15764722 | F23: 15267452 | G23: 294474607 | H23: 106446126 | I23: 294474832 | J23: 106446126 | L23: 4299.8 | M23: 4427.53 | N23: 74070.14 | Q23: 19.5 | R23: 晴 | S23: 590 | T23: 600 | U23: 9145 | V23: 7945 | W23: 6.21 | X23: 3.67 | Y23: 1373 | AA23: =IF(OR(C24=""),"",C24-C23) -> 48381 | AB23: =IF(OR(D24=""),"",D24-D23) -> 60284 | AC23: =IF(OR(E24=""),"",E24-E23) -> 54500 | AD23: =IF(OR(F24=""),"",F24-F23) -> 54954 | AE23: =IF(OR(G24=""),"",G24-G23) -> 212940 | AF23: =IF(OR(H24=""),"",H24-H23) -> 5434 | AG23: =IF(OR(AA23="",AB23="",AC23=""),"",AA23+AB23+AC23+AD23-AE23) -> 5179 | AH23: =IF(OR(I24=""),"",I24-I23) -> 212476 | AI23: =IF(OR(J24=""),"",J24-J23) -> 5426 | AJ23: =IF(OR(AH23="",AI23=""),"",AH23-AI23) -> 207050 | AK23: 4100 | AL23: =IF(OR(L24="",M24=""),"",ROUND((L24-L23+M24-M23)*1200,0)) -> 0 | AM23: =IF(OR(N24=""),"",(ROUND((N24-N23)*2,0))) -> 0 | AN23: =IF(OR(S23=""),"",ROUND(S23*7.1,0)) -> 4189 | AO23: =IF(OR(T23=""),"",ROUND(T23*2.4,0)) -> 1440 | AP23: 4560 | AQ23: =IF(OR($AJ23=""),"",ROUND(AL23/$AJ23*1000,1)) -> 0 | AR23: =IF(OR($AJ23=""),"",ROUND(AM23/$AJ23*1000,2)) -> 0 | AS23: =IF(OR($AJ23=""),"",ROUND(AN23/$AJ23*1000,1)) -> 20.2 | AT23: =IF(OR($AJ23=""),"",ROUND(AO23/$AJ23*1000,2)) -> 6.95
... A32: 43585 | B32: 仇昊 | C32: 33949856 | D32: 20911648 | E32: 16251603 | F32: 15759638 | G32: 296335267 | H32: 106494973 | I32: 296335732 | J32: 106495032 | L32: 4299.8 | M32: 4430.33 | N32: 74078.68 | Q32: 23.5 | R32: 晴 | S32: 300 | T32: 320 | U32: 9451 | V32: 8967 | W32: 7.45 | X32: 6.08 | Y32: 1440 | AA32: =IF(OR(C33=""),"",C33-C32) -> 47670 | AB32: =IF(OR(D33=""),"",D33-D32) -> 59302 | AC32: =IF(OR(E33=""),"",E33-E32) -> 53677 | AD32: =IF(OR(F33=""),"",F33-F32) -> 54610 | AE32: =IF(OR(G33=""),"",G33-G32) -> 213744 | AF32: =IF(OR(H33=""),"",H33-H32) -> 5459 | AG32: =IF(OR(AA32="",AB32="",AC32=""),"",AA32+AB32+AC32+AD32-AE32) -> 1515 | AH32: =IF(OR(I33=""),"",I33-I32) -> 213285 | AI32: =IF(OR(J33=""),"",J33-J32) -> 5400 | AJ32: =IF(OR(AH32="",AI32=""),"",AH32-AI32) -> 207885 | AK32: 4000 | AL32: =IF(OR(L33="",M33=""),"",ROUND((L33-L32+M33-M32)*1200,0)) -> 0 | AM32: =IF(OR(N33=""),"",(ROUND((N33-N32)*2,0))) -> 0 | AN32: =IF(OR(S32=""),"",ROUND(S32*7.1,0)) -> 2130 | AO32: =IF(OR(T32=""),"",ROUND(T32*2.4,0)) -> 768 | AP32: 2610 | AQ32: =IF(OR($AJ32=""),"",ROUND(AL32/$AJ32*1000,1)) -> 0 | AR32: =IF(OR($AJ32=""),"",ROUND(AM32/$AJ32*1000,2)) -> 0 | AS32: =IF(OR($AJ32=""),"",ROUND(AN32/$AJ32*1000,1)) -> 10.2 | AT32: =IF(OR($AJ32=""),"",ROUND(AO32/$AJ32*1000,2)) -> 3.69
A33: 43586 | B33: 胡叶青 | C33: 33997526 | D33: 20970950 | E33: 16305280 | F33: 15814248 | G33: 296549011 | H33: 106500432 | I33: 296549017 | J33: 106500432 | L33: 4299.8 | M33: 4430.33 | N33: 74078.68 | AA33: =IF(OR(C34=""),"",C34-C33) | AB33: =IF(OR(D34=""),"",D34-D33) | AC33: =IF(OR(E34=""),"",E34-E33) | AD33: =IF(OR(F34=""),"",F34-F33) | AE33: =IF(OR(G34=""),"",G34-G33) | AF33: =IF(OR(H34=""),"",H34-H33) | AG33: =IF(OR(AA33="",AB33="",AC33=""),"",AA33+AB33+AC33+AD33-AE33) | AH33: =IF(OR(I34=""),"",I34-I33) | AI33: =IF(OR(J34=""),"",J34-J33) | AJ33: =IF(OR(AH33="",AI33=""),"",AH33-AI33) | AK33: =IF(K33="","",K34-K33) | AL33: =IF(OR(L34="",M34=""),"",ROUND((L34-L33+M34-M33)*1200,0)) | AM33: =IF(OR(N34=""),"",(ROUND((N34-N33)*2,0))) | AN33: =IF(OR(S33=""),"",ROUND(S33*7.1,0)) | AO33: =IF(OR(T33=""),"",ROUND(T33*2.4,0)) | AQ33: =IF(OR($AJ33=""),"",ROUND(AL33/$AJ33*1000,1)) | AR33: =IF(OR($AJ33=""),"",ROUND(AM33/$AJ33*1000,2)) | AS33: =IF(OR($AJ33=""),"",ROUND(AN33/$AJ33*1000,1)) | AT33: =IF(OR($AJ33=""),"",ROUND(AO33/$AJ33*1000,2))
AA36: =IF(OR(C37=""),"",C37-C36) | AB36: =IF(OR(D37=""),"",D37-D36) | AC36: =IF(OR(E37=""),"",E37-E36) | AD36: =IF(OR(F37=""),"",F37-F36) | AE36: =IF(OR(G37=""),"",G37-G36) | AF36: =IF(OR(H37=""),"",H37-H36) | AG36: =IF(OR(AA36="",AB36="",AC36=""),"",AA36+AB36+AC36+AD36-AE36) | AH36: =SUM(AH3:AH34) -> 6201434 | AI36: =SUM(AI3:AI34) -> 162621 | AJ36: =SUM(AJ3:AJ34) -> 6038813 | AK36: =SUM(AK3:AK34) -> 135400 | AL36: =SUM(AL3:AL34) -> 31392 | AM36: =SUM(AM3:AM34) -> 31 | AN36: =SUM(AN3:AN34) -> 118144 | AO36: =SUM(AO3:AO34) -> 40392 | AQ36: =IF(OR($AJ36=0),"",ROUND(AL36/$AJ36*1000,1)) -> 5.2 | AR36: =IF(OR($AJ36=0),"",ROUND(AM36/$AJ36*1000,2)) -> 0.01 | AS36: =IF(OR($AJ36=0),"",ROUND(AN36/$AJ36*1000,1)) -> 19.6 | AT36: =IF(OR($AJ36=0),"",ROUND(AO36/$AJ36*1000,2)) -> 6.69

Sheet 5
B2: 记录人 | C2: 一期左进水 流量计读数 | D2: 一期右进水 流量计读数 | E2: 二期左进水 流量计读数 | F2: 二期右进水 流量计读数 | G2: 现场出水 流量计读数 | H2: 现场回用水 读数 | I2: 出水流量计 读数（网站） | J2: 回用水流量 （网站） | K2: 污泥流量 计读数 | L2: PAC2#流量计读数 | M2: PAC3#流量计读数 | N2: PAM流量 计读数 | O2: 盐酸流量 计读数 | P2: 氯酸钠流 量计读数 | Q2: 生反池 水温 | R2: 天气 (阴晴雨) | S2: 盐酸液位 差（CM） | T2: 氯酸钠液位差 差（CM） | U2: 最高流量 m3/h | V2: 最低流量 m3/h | W2: 最高液位 m | X2: 最低液位 m | Y2: 超液位时 间（分） | Z2: 备注 | AA2: 一期左 进水流量 | AB2: 一期右 进水流量 | AC2: 二期左 进水流量 | AD2: 二期右 进水流量 | AE2: 现场出水 流量 | AF2: 现场回用水 流量 | AG2: 进出水 流量差 | AH2: 出水流量（网站） | AI2: 回用水流量（网站） | AJ2: 实际处理量（网站） | AK2: 排泥量 m3 | AL2: PAC量 kg | AM2: PAM量 kg | AN2: 盐酸量 kg | AO2: 氯酸钠量 kg | AP2: 碳源用量kg | AQ2: PAC单耗 ppm | AR2: PAM单耗 ppm | AS2: 盐酸单耗 ppm | AT2: 氯酸钠单耗 ppm
A3: 43586 | B3: ='4'!B33 -> 胡叶青 | C3: ='4'!C33 -> 33997526 | D3: ='4'!D33 -> 20970950 | E3: ='4'!E33 -> 16305280 | F3: ='4'!F33 -> 15814248 | G3: ='4'!G33 -> 296549011 | H3: ='4'!H33 -> 106500432 | I3: ='4'!I33 -> 296549017 | ... R3: ='4'!R33 -> 0 | S3: 250 | T3: 260 | U3: 9245 | V3: 7845 | W3: 6.58 | X3: 4.78 | Y3: 1440 | AA3: =IF(OR(C4=""),"",C4-C3) -> 49181 | AB3: =IF(OR(D4=""),"",D4-D3) -> 60656 | AC3: =IF(OR(E4=""),"",E4-E3) -> 55728 | AD3: =IF(OR(F4=""),"",F4-F3) -> 57075 | AE3: =IF(OR(G4=""),"",G4-G3) -> 212786 | AF3: =IF(OR(H4=""),"",H4-H3) -> 5432 | AG3: =IF(OR(AA3="",AB3="",AC3=""),"",AA3+AB3+AC3+AD3-AE3) -> 9854 | AH3: =IF(OR(I4=""),"",I4-I3) -> 212780 | AI3: =IF(OR(J4=""),"",J4-J3) -> 5432 | AJ3: =IF(OR(AH3="",AI3=""),"",AH3-AI3) -> 207348 | AK3: 3100 | AL3: =IF(OR(L4="",M4=""),"",ROUND((L4-L3+M4-M3)*1200,0)) -> 0 | AM3: =IF(OR(N4=""),"",(ROUND((N4-N3)*2,0))) -> 0 | AN3: =IF(OR(S3=""),"",ROUND(S3*7.1,0)) -> 1775 | AO3: =IF(OR(T3=""),"",ROUND(T3*2.4,0)) -> 624 | AP3: 2560 | AQ3: =IF(OR($AJ3=""),"",ROUND(AL3/$AJ3*1000,1)) -> 0 | AR3: =IF(OR($AJ3=""),"",ROUND(AM3/$AJ3*1000,2)) -> 0 | AS3: =IF(OR($AJ3=""),"",ROUND(AN3/$AJ3*1000,1)) -> 8.6 | AT3: =IF(OR($AJ3=""),"",ROUND(AO3/$AJ3*1000,2)) -> 3.01
A4: 43587 | B4: 陈智娇 | C4: 34046707 | D4: 21031606 | E4: 16361008 | F4: 15871323 | G4: 296761797 | H4: 106505864 | I4: 296761797 | J4: 106505864 | L4: 4299.8 | M4: 4430.33 | N4: 74078.68 | Q4: 21.4 | R4: 晴 | S4: 330 | T4: 320 | U4: 9378 | V4: 8745 | W4: 4.95 | X4: 3.52 | Y4: 1440 | AA4: =IF(OR(C5=""),"",C5-C4) -> 48632 | AB4: =IF(OR(D5=""),"",D5-D4) -> 59864 | AC4: =IF(OR(E5=""),"",E5-E4) -> 55495 | AD4: =IF(OR(F5=""),"",F5-F4) -> 56526 | AE4: =IF(OR(G5=""),"",G5-G4) -> 210498 | AF4: =IF(OR(H5=""),"",H5-H4) -> 5426 | AG4: =IF(OR(AA4="",AB4="",AC4=""),"",AA4+AB4+AC4+AD4-AE4) -> 10019 | AH4: =IF(OR(I5=""),"",I5-I4) -> 210172 | AI4: =IF(OR(J5=""),"",J5-J4) -> 5416 | AJ4: =IF(OR(AH4="",AI4=""),"",AH4-AI4) -> 204756 | AK4: 4000 | AL4: =IF(OR(L5="",M5=""),"",ROUND((L5-L4+M5-M4)*1200,0)) -> 84 | AM4: =IF(OR(N5=""),"",(ROUND((N5-N4)*2,0))) -> 0 | AN4: =IF(OR(S4=""),"",ROUND(S4*7.1,0)) -> 2343 | AO4: =IF(OR(T4=""),"",ROUND(T4*2.4,0)) -> 768 | AP4: 3930 | AQ4: =IF(OR($AJ4=""),"",ROUND(AL4/$AJ4*1000,1)) -> 0.4 | AR4: =IF(OR($AJ4=""),"",ROUND(AM4/$AJ4*1000,2)) -> 0 | AS4: =IF(OR($AJ4=""),"",ROUND(AN4/$AJ4*1000,1)) -> 11.4 | AT4: =IF(OR($AJ4=""),"",ROUND(AO4/$AJ4*1000,2)) -> 3.75
A5: 43588 | B5: 陈智娇 | C5: 34095339 | D5: 21091470 | E5: 16416503 | F5: 15927849 | G5: 296972295 | H5: 106511290 | I5: 296971969 | J5: 106511280 | L5: 4299.8 | M5: 4430.4 | N5: 74078.85 | Q5: 22 | R5: 晴 | S5: 300 | T5: 320 | U5: 9475 | V5: 8088 | W5: 4.56 | X5: 2.71 | Y5: 1377 | AA5: =IF(OR(C6=""),"",C6-C5) -> 46139 | AB5: =IF(OR(D6=""),"",D6-D5) -> 56999 | AC5: =IF(OR(E6=""),"",E6-E5) -> 52880 | AD5: =IF(OR(F6=""),"",F6-F5) -> 53771 | AE5: =IF(OR(G6=""),"",G6-G5) -> 211120 | AF5: =IF(OR(H6=""),"",H6-H5) -> 5413 | AG5: =IF(OR(AA5="",AB5="",AC5=""),"",AA5+AB5+AC5+AD5-AE5) -> -1331 | AH5: =IF(OR(I6=""),"",I6-I5) -> 211662 | AI5: =IF(OR(J6=""),"",J6-J5) -> 5425 | AJ5: =IF(OR(AH5="",AI5=""),"",AH5-AI5) -> 206237 | AK5: 4100 | AL5: =IF(OR(L6="",M6=""),"",ROUND((L6-L5+M6-M5)*1200,0)) -> 0 | AM5: =IF(OR(N6=""),"",(ROUND((N6-N5)*2,0))) -> 0 | AN5: =IF(OR(S5=""),"",ROUND(S5*7.1,0)) -> 2130 | AO5: =IF(OR(T5=""),"",ROUND(T5*2.4,0)) -> 768 | AP5: 4250 | AQ5: =IF(OR($AJ5=""),"",ROUND(AL5/$AJ5*1000,1)) -> 0 | AR5: =IF(OR($AJ5=""),"",ROUND(AM5/$AJ5*1000,2)) -> 0 | AS5: =IF(OR($AJ5=""),"",ROUND(AN5/$AJ5*1000,1)) -> 10.3 | AT5: =IF(OR($AJ5=""),"",ROUND(AO5/$AJ5*1000,2)) -> 3.72
A6: 43589 | B6: 仇昊 | C6: 34141478 | D6: 21148469 | E6: 16469383 | F6: 15981620 | G6: 297183415 | H6: 106516703 | I6: 297183631 | J6: 106516705 | L6: 4299.8 | M6: 4430.4 | N6: 74078.85 | Q6: 22.5 | R6: 晴 | S6: 600 | T6: 620 | U6: 9200 | V6: 7811 | W6: 5.9 | X6: 3 | Y6: 1260 | AA6: =IF(OR(C7=""),"",C7-C6) -> 46905 | AB6: =IF(OR(D7=""),"",D7-D6) -> 58146 | AC6: =IF(OR(E7=""),"",E7-E6) -> 53811 | AD6: =IF(OR(F7=""),"",F7-F6) -> 53987 | AE6: =IF(OR(G7=""),"",G7-G6) -> 206871 | AF6: =IF(OR(H7=""),"",H7-H6) -> 5420 | AG6: =IF(OR(AA6="",AB6="",AC6=""),"",AA6+AB6+AC6+AD6-AE6) -> 5978 | AH6: =IF(OR(I7=""),"",I7-I6) -> 206719 | AI6: =IF(OR(J7=""),"",J7-J6) -> 5415 | AJ6: =IF(OR(AH6="",AI6=""),"",AH6-AI6) -> 201304 | AK6: 3800 | AL6: =IF(OR(L7="",M7=""),"",ROUND((L7-L6+M7-M6)*1200,0)) -> 0 | AM6: =IF(OR(N7=""),"",(ROUND((N7-N6)*2,0))) -> 0 | AN6: =IF(OR(S6=""),"",ROUND(S6*7.1,0)) -> 4260 | AO6: =IF(OR(T6=""),"",ROUND(T6*2.4,0)) -> 1488 | AP6: 3844 | AQ6: =IF(OR($AJ6=""),"",ROUND(AL6/$AJ6*1000,1)) -> 0 | AR6: =IF(OR($AJ6=""),"",ROUND(AM6/$AJ6*1000,2)) -> 0 | AS6: =IF(OR($AJ6=""),"",ROUND(AN6/$AJ6*1000,1)) -> 21.2 | AT6: =IF(OR($AJ6=""),"",ROUND(AO6/$AJ6*1000,2)) -> 7.39
A7: 43590 | B7: 易萍 | C7: 34188383 | D7: 21206615 | E7: 16523194 | F7: 16035607 | G7: 297390286 | H7: 106522123 | I7: 297390350 | J7: 106522120 | L7: 4299.8 | M7: 4430.4 | N7: 74078.85 | Q7: 25 | R7: 晴 | S7: 570 | T7: 590 | U7: 9370 | V7: 7795 | W7: 5.55 | X7: 4.21 | Y7: 1440 | AA7: =IF(OR(C8=""),"",C8-C7) -> 47004 | AB7: =IF(OR(D8=""),"",D8-D7) -> 58425 | AC7: =IF(OR(E8=""),"",E8-E7) -> 54101 | AD7: =IF(OR(F8=""),"",F8-F7) -> 54647 | AE7: =IF(OR(G8=""),"",G8-G7) -> 207972 | AF7: =IF(OR(H8=""),"",H8-H7) -> 5289 | AG7: =IF(OR(AA7="",AB7="",AC7=""),"",AA7+AB7+AC7+AD7-AE7) -> 6205 | AH7: =IF(OR(I8=""),"",I8-I7) -> 207786 | AI7: =IF(OR(J8=""),"",J8-J7) -> 5288 | AJ7: =IF(OR(AH7="",AI7=""),"",AH7-AI7) -> 202498 | AK7: 3600 | AL7: =IF(OR(L8="",M8=""),"",ROUND((L8-L7+M8-M7)*1200,0)) -> 0 | AM7: =IF(OR(N8=""),"",(ROUND((N8-N7)*2,0))) -> 0 | AN7: =IF(OR(S7=""),"",ROUND(S7*7.1,0)) -> 4047 | AO7: =IF(OR(T7=""),"",ROUND(T7*2.4,0)) -> 1416 | AP7: 3224 | AQ7: =IF(OR($AJ7=""),"",ROUND(AL7/$AJ7*1000,1)) -> 0 | AR7: =IF(OR($AJ7=""),"",ROUND(AM7/$AJ7*1000,2)) -> 0 | AS7: =IF(OR($AJ7=""),"",ROUND(AN7/$AJ7*1000,1)) -> 20 | AT7: =IF(OR($AJ7=""),"",ROUND(AO7/$AJ7*1000,2)) -> 6.99
A8: 43591 | B8: 易萍 | C8: 34235387 | D8: 21265040 | E8: 16577295 | F8: 16090254 | G8: 297598258 | H8: 106527412 | I8: 297598136 | J8: 106527408 | L8: 4299.8 | M8: 4430.4 | N8: 74078.85 | Q8: 26 | R8: 晴 | S8: 700 | T8: 710 | U8: 9286 | V8: 8152 | W8: 5.49 | X8: 4.07 | Y8: 1440 | AA8: =IF(OR(C9=""),"",C9-C8) -> 47795 | AB8: =IF(OR(D9=""),"",D9-D8) -> 59527 | AC8: =IF(OR(E9=""),"",E9-E8) -> 53468 | AD8: =IF(OR(F9=""),"",F9-F8) -> 54846 | AE8: =IF(OR(G9=""),"",G9-G8) -> 211975 | AF8: =IF(OR(H9=""),"",H9-H8) -> 5421 | AG8: =IF(OR(AA8="",AB8="",AC8=""),"",AA8+AB8+AC8+AD8-AE8) -> 3661 | AH8: =IF(OR(I9=""),"",I9-I8) -> 212054 | AI8: =IF(OR(J9=""),"",J9-J8) -> 5416 | AJ8: =IF(OR(AH8="",AI8=""),"",AH8-AI8) -> 206638 | AK8: 4000 | AL8: =IF(OR(L9="",M9=""),"",ROUND((L9-L8+M9-M8)*1200,0)) -> 0 | AM8: =IF(OR(N9=""),"",(ROUND((N9-N8)*2,0))) -> 0 | AN8: =IF(OR(S8=""),"",ROUND(S8*7.1,0)) -> 4970 | AO8: =IF(OR(T8=""),"",ROUND(T8*2.4,0)) -> 1704 | AP8: 3568 | AQ8: =IF(OR($AJ8=""),"",ROUND(AL8/$AJ8*1000,1)) -> 0 | AR8: =IF(OR($AJ8=""),"",ROUND(AM8/$AJ8*1000,2)) -> 0 | AS8: =IF(OR($AJ8=""),"",ROUND(AN8/$AJ8*1000,1)) -> 24.1 | AT8: =IF(OR($AJ8=""),"",ROUND(AO8/$AJ8*1000,2)) -> 8.25
A9: 43592 | B9: 易萍 | C9: 34283182 | D9: 21324567 | E9: 16630763 | F9: 16145100 | G9: 297810233 | H9: 106532833 | I9: 297810190 | J9: 106532824 | L9: 4299.8 | M9: 4430.4 | N9: 74078.85 | Q9: 23.8 | R9: 晴 | S9: 360 | T9: 370 | U9: 9240 | V9: 8860 | W9: 5.6 | X9: 3.8 | Y9: 1440 | AA9: =IF(OR(C10=""),"",C10-C9) -> 48286 | AB9: =IF(OR(D10=""),"",D10-D9) -> 60328 | AC9: =IF(OR(E10=""),"",E10-E9) -> 54971 | AD9: =IF(OR(F10=""),"",F10-F9) -> 56795 | AE9: =IF(OR(G10=""),"",G10-G9) -> 210764 | AF9: =IF(OR(H10=""),"",H10-H9) -> 5396 | AG9: =IF(OR(AA9="",AB9="",AC9=""),"",AA9+AB9+AC9+AD9-AE9) -> 9616 | AH9: =IF(OR(I10=""),"",I10-I9) -> 212171 | AI9: =IF(OR(J10=""),"",J10-J9) -> 5432 | AJ9: =IF(OR(AH9="",AI9=""),"",AH9-AI9) -> 206739 | AK9: 3900 | AL9: =IF(OR(L10="",M10=""),"",ROUND((L10-L9+M10-M9)*1200,0)) -> 0 | AM9: =IF(OR(N10=""),"",(ROUND((N10-N9)*2,0))) -> 0 | AN9: =IF(OR(S9=""),"",ROUND(S9*7.1,0)) -> 2556 | AO9: =IF(OR(T9=""),"",ROUND(T9*2.4,0)) -> 888 | AP9: 3450 | AQ9: =IF(OR($AJ9=""),"",ROUND(AL9/$AJ9*1000,1)) -> 0 | AR9: =IF(OR($AJ9=""),"",ROUND(AM9/$AJ9*1000,2)) -> 0 | AS9: =IF(OR($AJ9=""),"",ROUND(AN9/$AJ9*1000,1)) -> 12.4 | AT9: =IF(OR($AJ9=""),"",ROUND(AO9/$AJ9*1000,2)) -> 4.3
A10: 43593 | B10: 张亚光 | C10: 34331468 | D10: 21384895 | E10: 16685734 | F10: 16201895 | G10: 298020997 | H10: 106538229 | I10: 298022361 | J10: 106538256 | L10: 4299.8 | M10: 4430.4 | N10: 74078.85 | Q10: 23.5 | R10: 晴 | S10: 520 | T10: 540 | U10: 9317 | V10: 7063 | W10: 4.53 | X10: 2.52 | Y10: 1320 | AA10: =IF(OR(C11=""),"",C11-C10) -> 47312 | AB10: =IF(OR(D11=""),"",D11-D10) -> 58408 | AC10: =IF(OR(E11=""),"",E11-E10) -> 53470 | AD10: =IF(OR(F11=""),"",F11-F10) -> 54864 | AE10: =IF(OR(G11=""),"",G11-G10) -> 212087 | AF10: =IF(OR(H11=""),"",H11-H10) -> 5460 | AG10: =IF(OR(AA10="",AB10="",AC10=""),"",AA10+AB10+AC10+AD10-AE10) -> 1967 | AH10: =IF(OR(I11=""),"",I11-I10) -> 210565 | AI10: =IF(OR(J11=""),"",J11-J10) -> 5424 | AJ10: =IF(OR(AH10="",AI10=""),"",AH10-AI10) -> 205141 | AK10: 4000 | AL10: =IF(OR(L11="",M11=""),"",ROUND((L11-L10+M11-M10)*1200,0)) -> 0 | AM10: =IF(OR(N11=""),"",(ROUND((N11-N10)*2,0))) -> 0 | AN10: =IF(OR(S10=""),"",ROUND(S10*7.1,0)) -> 3692 | AO10: =IF(OR(T10=""),"",ROUND(T10*2.4,0)) -> 1296 | AP10: 3420 | AQ10: =IF(OR($AJ10=""),"",ROUND(AL10/$AJ10*1000,1)) -> 0 | AR10: =IF(OR($AJ10=""),"",ROUND(AM10/$AJ10*1000,2)) -> 0 | AS10: =IF(OR($AJ10=""),"",ROUND(AN10/$AJ10*1000,1)) -> 18 | AT10: =IF(OR($AJ10=""),"",ROUND(AO10/$AJ10*1000,2)) -> 6.32
A11: 43594 | B11: 易萍 | C11: 34378780 | D11: 21443303 | E11: 16739204 | F11: 16256759 | G11: 298233084 | H11: 106543689 | I11: 298232926 | J11: 106543680 | L11: 4299.8 | M11: 4430.4 | N11: 74078.85 | Q11: 22.5 | R11: 晴 | S11: 580 | T11: 600 | U11: 8611 | V11: 3320 | W11: 4.07 | X11: 2.49 | Y11: 990 | AA11: =IF(OR(C12=""),"",C12-C11) -> 41446 | AB11: =IF(OR(D12=""),"",D12-D11) -> 50378 | AC11: =IF(OR(E12=""),"",E12-E11) -> 46664 | AD11: =IF(OR(F12=""),"",F12-F11) -> 46273 | AE11: =IF(OR(G12=""),"",G12-G11) -> 182513 | AF11: =IF(OR(H12=""),"",H12-H11) -> 5415 | AG11: =IF(OR(AA11="",AB11="",AC11=""),"",AA11+AB11+AC11+AD11-AE11) -> 2248 | AH11: =IF(OR(I12=""),"",I12-I11) -> 182729 | AI11: =IF(OR(J12=""),"",J12-J11) -> 5424 | AJ11: =IF(OR(AH11="",AI11=""),"",AH11-AI11) -> 177305 | AK11: 3800 | AL11: =IF(OR(L12="",M12=""),"",ROUND((L12-L11+M12-M11)*1200,0)) -> 0 | AM11: =IF(OR(N12=""),"",(ROUND((N12-N11)*2,0))) -> 0 | AN11: =IF(OR(S11=""),"",ROUND(S11*7.1,0)) -> 4118 | AO11: =IF(OR(T11=""),"",ROUND(T11*2.4,0)) -> 1440 | AP11: 4706 | AQ11: =IF(OR($AJ11=""),"",ROUND(AL11/$AJ11*1000,1)) -> 0 | AR11: =IF(OR($AJ11=""),"",ROUND(AM11/$AJ11*1000,2)) -> 0 | AS11: =IF(OR($AJ11=""),"",ROUND(AN11/$AJ11*1000,1)) -> 23.2 | AT11: =IF(OR($AJ11=""),"",ROUND(AO11/$AJ11*1000,2)) -> 8.12
A12: 43595 | B12: 易萍 | C12: 34420226 | D12: 21493681 | E12: 16785868 | F12: 16303032 | G12: 298415597 | H12: 106549104 | I12: 298415655 | J12: 106549104 | L12: 4299.8 | M12: 4430.4 | N12: 74078.85 | Q12: 24 | R12: 阴 | S12: 700 | T12: 720 | U12: 8496 | V12: 3216 | W12: 5.07 | X12: 2.52 | Y12: 1200 | AA12: =IF(OR(C13=""),"",C13-C12) -> 39432 | AB12: =IF(OR(D13=""),"",D13-D12) -> 45187 | AC12: =IF(OR(E13=""),"",E13-E12) -> 42859 | AD12: =IF(OR(F13=""),"",F13-F12) -> 41887 | AE12: =IF(OR(G13=""),"",G13-G12) -> 162202 | AF12: =IF(OR(H13=""),"",H13-H12) -> 5452 | AG12: =IF(OR(AA12="",AB12="",AC12=""),"",AA12+AB12+AC12+AD12-AE12) -> 7163 | AH12: =IF(OR(I13=""),"",I13-I12) -> 161780 | AI12: =IF(OR(J13=""),"",J13-J12) -> 5456 | AJ12: =IF(OR(AH12="",AI12=""),"",AH12-AI12) -> 156324 | AK12: 4000 | AL12: =IF(OR(L13="",M13=""),"",ROUND((L13-L12+M13-M12)*1200,0)) -> 0 | AM12: =IF(OR(N13=""),"",(ROUND((N13-N12)*2,0))) -> 0 | AN12: =IF(OR(S12=""),"",ROUND(S12*7.1,0)) -> 4970 | AO12: =IF(OR(T12=""),"",ROUND(T12*2.4,0)) -> 1728 | AP12: 3739 | AQ12: =IF(OR($AJ12=""),"",ROUND(AL12/$AJ12*1000,1)) -> 0 | AR12: =IF(OR($AJ12=""),"",ROUND(AM12/$AJ12*1000,2)) -> 0 | AS12: =IF(OR($AJ12=""),"",ROUND(AN12/$AJ12*1000,1)) -> 31.8 | AT12: =IF(OR($AJ12=""),"",ROUND(AO12/$AJ12*1000,2)) -> 11.05
A13: 43596 | B13: 易萍 | C13: 34459658 | D13: 21538868 | E13: 16828727 | F13: 16344919 | G13: 298577799 | H13: 106554556 | I13: 298577435 | J13: 106554560 | L13: 4299.8 | M13: 4430.4 | N13: 74078.85 | Q13: 22 | R13: 阴 | S13: 570 | T13: 580 | U13: 7892 | V13: 3286 | W13: 5.55 | X13: 2.69 | Y13: 1230 | AA13: =IF(OR(C14=""),"",C14-C13) -> 37490 | AB13: =IF(OR(D14=""),"",D14-D13) -> 45031 | AC13: =IF(OR(E14=""),"",E14-E13) -> 42905 | AD13: =IF(OR(F14=""),"",F14-F13) -> 42519 | AE13: =IF(OR(G14=""),"",G14-G13) -> 159636 | AF13: =IF(OR(H14=""),"",H14-H13) -> 5395 | AG13: =IF(OR(AA13="",AB13="",AC13=""),"",AA13+AB13+AC13+AD13-AE13) -> 8309 | AH13: =IF(OR(I14=""),"",I14-I13) -> 160080 | AI13: =IF(OR(J14=""),"",J14-J13) -> 5392 | AJ13: =IF(OR(AH13="",AI13=""),"",AH13-AI13) -> 154688 | AK13: 4000 | AL13: =IF(OR(L14="",M14=""),"",ROUND((L14-L13+M14-M13)*1200,0)) -> 0 | AM13: =IF(OR(N14=""),"",(ROUND((N14-N13)*2,0))) -> 0 | AN13: =IF(OR(S13=""),"",ROUND(S13*7.1,0)) -> 4047 | AO13: =IF(OR(T13=""),"",ROUND(T13*2.4,0)) -> 1392 | AP13: 3075 | AQ13: =IF(OR($AJ13=""),"",ROUND(AL13/$AJ13*1000,1)) -> 0 | AR13: =IF(OR($AJ13=""),"",ROUND(AM13/$AJ13*1000,2)) -> 0 | AS13: =IF(OR($AJ13=""),"",ROUND(AN13/$AJ13*1000,1)) -> 26.2 | AT13: =IF(OR($AJ13=""),"",ROUND(AO13/$AJ13*1000,2)) -> 9
A14: 43597 | B14: 易萍 | C14: 34497148 | D14: 21583899 | E14: 16871632 | F14: 16387438 | G14: 298737435 | H14: 106559951 | I14: 298737515 | J14: 106559952 | L14: 4299.8 | M14: 4430.4 | N14: 74078.85 | Q14: 23 | R14: 阴 | S14: 600 | T14: 620 | U14: 9011 | V14: 6139 | W14: 4.51 | X14: 2.51 | Y14: 1320 | AA14: =IF(OR(C15=""),"",C15-C14) -> 41553 | AB14: =IF(OR(D15=""),"",D15-D14) -> 49504 | AC14: =IF(OR(E15=""),"",E15-E14) -> 46707 | AD14: =IF(OR(F15=""),"",F15-F14) -> 45939 | AE14: =IF(OR(G15=""),"",G15-G14) -> 179115 | AF14: =IF(OR(H15=""),"",H15-H14) -> 5435 | AG14: =IF(OR(AA14="",AB14="",AC14=""),"",AA14+AB14+AC14+AD14-AE14) -> 4588 | AH14: =IF(OR(I15=""),"",I15-I14) -> 179006 | AI14: =IF(OR(J15=""),"",J15-J14) -> 5432 | AJ14: =IF(OR(AH14="",AI14=""),"",AH14-AI14) -> 173574 | AK14: 4000 | AL14: =IF(OR(L15="",M15=""),"",ROUND((L15-L14+M15-M14)*1200,0)) -> 0 | AM14: =IF(OR(N15=""),"",(ROUND((N15-N14)*2,0))) -> 0 | AN14: =IF(OR(S14=""),"",ROUND(S14*7.1,0)) -> 4260 | AO14: =IF(OR(T14=""),"",ROUND(T14*2.4,0)) -> 1488 | AP14: 3244 | AQ14: =IF(OR($AJ14=""),"",ROUND(AL14/$AJ14*1000,1)) -> 0 | AR14: =IF(OR($AJ14=""),"",ROUND(AM14/$AJ14*1000,2)) -> 0 | AS14: =IF(OR($AJ14=""),"",ROUND(AN14/$AJ14*1000,1)) -> 24.5 | AT14: =IF(OR($AJ14=""),"",ROUND(AO14/$AJ14*1000,2)) -> 8.57
A15: 43598 | B15: 易萍 | C15: 34538701 | D15: 21633403 | E15: 16918339 | F15: 16433377 | G15: 298916550 | H15: 106565386 | I15: 298916521 | J15: 106565384 | L15: 4299.8 | M15: 4430.4 | N15: 74078.85 | Q15: 22 | R15: 雨 | S15: 300 | T15: 320 | U15: 7685 | V15: 5260 | W15: 5.94 | X15: 3.28 | Y15: 1440 | AA15: =IF(OR(C16=""),"",C16-C15) -> 38719 | AB15: =IF(OR(D16=""),"",D16-D15) -> 44959 | AC15: =IF(OR(E16=""),"",E16-E15) -> 42632 | AD15: =IF(OR(F16=""),"",F16-F15) -> 42042 | AE15: =IF(OR(G16=""),"",G16-G15) -> 164155 | AF15: =IF(OR(H16=""),"",H16-H15) -> 5433 | AG15: =IF(OR(AA15="",AB15="",AC15=""),"",AA15+AB15+AC15+AD15-AE15) -> 4197 | AH15: =IF(OR(I16=""),"",I16-I15) -> 163950 | AI15: =IF(OR(J16=""),"",J16-J15) -> 5440 | AJ15: =IF(OR(AH15="",AI15=""),"",AH15-AI15) -> 158510 | AK15: 3800 | AL15: =IF(OR(L16="",M16=""),"",ROUND((L16-L15+M16-M15)*1200,0)) -> 0 | AM15: =IF(OR(N16=""),"",(ROUND((N16-N15)*2,0))) -> 0 | AN15: =IF(OR(S15=""),"",ROUND(S15*7.1,0)) -> 2130 | AO15: =IF(OR(T15=""),"",ROUND(T15*2.4,0)) -> 768 | AP15: 3577 | AQ15: =IF(OR($AJ15=""),"",ROUND(AL15/$AJ15*1000,1)) -> 0 | AR15: =IF(OR($AJ15=""),"",ROUND(AM15/$AJ15*1000,2)) -> 0 | AS15: =IF(OR($AJ15=""),"",ROUND(AN15/$AJ15*1000,1)) -> 13.4 | AT15: =IF(OR($AJ15=""),"",ROUND(AO15/$AJ15*1000,2)) -> 4.85
... A33: 43616 | B33: 易萍 | C33: 35246900 | D33: 22480824 | E33: 17733362 | F33: 17234635 | G33: 301986839 | H33: 106663055 | I33: 301986839 | J33: 106663055 | L33: 4299.8 | M33: 4439.56 | N33: 74119.32 | Q33: 25 | R33: 晴 | S33: 580 | T33: 600 | U33: 8297 | V33: 7211 | W33: 5.95 | X33: 2.95 | Y33: 1350 | AA33: =IF(OR(C34=""),"",C34-C33) -> 40772 | AB33: =IF(OR(D34=""),"",D34-D33) -> 49328 | AC33: =IF(OR(E34=""),"",E34-E33) -> 48378 | AD33: =IF(OR(F34=""),"",F34-F33) -> 46170 | AE33: =IF(OR(G34=""),"",G34-G33) -> 182735 | AF33: =IF(OR(H34=""),"",H34-H33) -> 5433 | AG33: =IF(OR(AA33="",AB33="",AC33=""),"",AA33+AB33+AC33+AD33-AE33) -> 1913 | AH33: =IF(OR(I34=""),"",I34-I33) -> 182677 | AI33: =IF(OR(J34=""),"",J34-J33) -> 5425 | AJ33: =IF(OR(AH33="",AI33=""),"",AH33-AI33) -> 177252 | AK33: 2500 | AL33: =IF(OR(L34="",M34=""),"",ROUND((L34-L33+M34-M33)*1200,0)) -> 4680 | AM33: =IF(OR(N34=""),"",(ROUND((N34-N33)*2,0))) -> 11 | AN33: =IF(OR(S33=""),"",ROUND(S33*7.1,0)) -> 4118 | AO33: =IF(OR(T33=""),"",ROUND(T33*2.4,0)) -> 1440 | AP33: 4323 | AQ33: =IF(OR($AJ33=""),"",ROUND(AL33/$AJ33*1000,1)) -> 26.4 | AR33: =IF(OR($AJ33=""),"",ROUND(AM33/$AJ33*1000,2)) -> 0.06 | AS33: =IF(OR($AJ33=""),"",ROUND(AN33/$AJ33*1000,1)) -> 23.2 | AT33: =IF(OR($AJ33=""),"",ROUND(AO33/$AJ33*1000,2)) -> 8.12
A34: 43617 | B34: 易萍 | C34: 35287672 | D34: 22530152 | E34: 17781740 | F34: 17280805 | G34: 302169574 | H34: 106668488 | I34: 302169516 | J34: 106668480 | L34: 4299.8 | M34: 4443.46 | N34: 74124.91 | Q34: 25.4 | R34: 阴
AA36: =IF(OR(C37=""),"",C37-C36) | AB36: =IF(OR(D37=""),"",D37-D36) | AC36: =IF(OR(E37=""),"",E37-E36) | AD36: =IF(OR(F37=""),"",F37-F36) | AE36: =IF(OR(G37=""),"",G37-G36) | AF36: =IF(OR(H37=""),"",H37-H36) | AG36: =IF(OR(AA36="",AB36="",AC36=""),"",AA36+AB36+AC36+AD36-AE36) | AH36: =SUM(AH3:AH34) -> 5620499 | AI36: =SUM(AI3:AI34) -> 168048 | AJ36: =SUM(AJ3:AJ34) -> 5452451 | AK36: =SUM(AK3:AK34) -> 117300 | AL36: =SUM(AL3:AL34) -> 15756 | AM36: =SUM(AM3:AM34) -> 92 | AN36: =SUM(AN3:AN34) -> 112251 | AO36: =SUM(AO3:AO34) -> 39096 | AQ36: =IF(OR($AJ36=0),"",ROUND(AL36/$AJ36*1000,1)) -> 2.9 | AR36: =IF(OR($AJ36=0),"",ROUND(AM36/$AJ36*1000,2)) -> 0.02 | AS36: =IF(OR($AJ36=0),"",ROUND(AN36/$AJ36*1000,1)) -> 20.6 | AT36: =IF(OR($AJ36=0),"",ROUND(AO36/$AJ36*1000,2)) -> 7.17

Sheet 6
B2: 记录人 | C2: 一期左进水 流量计读数 | D2: 一期右进水 流量计读数 | E2: 二期左进水 流量计读数 | F2: 二期右进水 流量计读数 | G2: 现场出水 流量计读数 | H2: 现场回用水 读数 | I2: 出水流量计 读数（网站） | J2: 回用水流量 （网站） | K2: 污泥流量 计读数 | L2: PAC2#流量计读数 | M2: PAC3#流量计读数 | N2: PAM流量 计读数 | O2: 盐酸流量 计读数 | P2: 氯酸钠流 量计读数 | Q2: 生反池 水温 | R2: 天气 (阴晴雨) | S2: 盐酸液位 差（CM） | T2: 氯酸钠液位差 差（CM） | U2: 最高流量 m3/h | V2: 最低流量 m3/h | W2: 最高液位 m | X2: 最低液位 m | Y2: 超液位时 间（分） | Z2: 备注 | AA2: 一期左 进水流量 | AB2: 一期右 进水流量 | AC2: 二期左 进水流量 | AD2: 二期右 进水流量 | AE2: 现场出水 流量 | AF2: 现场回用水 流量 | AG2: 进出水 流量差 | AH2: 出水流量（网站） | AI2: 回用水流量（网站） | AJ2: 实际处理量（网站） | AK2: 排泥量 m3 | AL2: PAC量 kg | AM2: PAM量 kg | AN2: 盐酸量 kg | AO2: 氯酸钠量 kg | AP2: 碳源用量kg | AQ2: PAC单耗 ppm | AR2: PAM单耗 ppm | AS2: 盐酸单耗 ppm | AT2: 氯酸钠单耗 ppm
A3: 43617 | B3: ='5'!B34 -> 易萍 | C3: ='5'!C34 -> 35287672 | D3: ='5'!D34 -> 22530152 | E3: ='5'!E34 -> 17781740 | F3: ='5'!F34 -> 17280805 | G3: ='5'!G34 -> 302169574 | H3: ='5'!H34 -> 106668488 | I3: ='5'!I34 -> 302169516 | ... N3: ='5'!N34 -> 74124.91 | Q3: 25.8 | R3: 晴 | S3: 400 | T3: 420 | U3: 8742 | V3: 8047 | W3: 5.56 | X3: 3.68 | Y3: 1440 | AA3: =IF(OR(C4=""),"",C4-C3) -> 44428 | AB3: =IF(OR(D4=""),"",D4-D3) -> 55052 | AC3: =IF(OR(E4=""),"",E4-E3) -> 52546 | AD3: =IF(OR(F4=""),"",F4-F3) -> 51793 | AE3: =IF(OR(G4=""),"",G4-G3) -> 198771 | AF3: =IF(OR(H4=""),"",H4-H3) -> 5428 | AG3: =IF(OR(AA3="",AB3="",AC3=""),"",AA3+AB3+AC3+AD3-AE3) -> 5048 | AH3: =IF(OR(I4=""),"",I4-I3) -> 198881 | AI3: =IF(OR(J4=""),"",J4-J3) -> 5432 | AJ3: =IF(OR(AH3="",AI3=""),"",AH3-AI3) -> 193449 | AK3: 2500 | AL3: =IF(OR(L4="",M4=""),"",ROUND((L4-L3+M4-M3)*1200,0)) -> 0 | AM3: =IF(OR(N4=""),"",(ROUND((N4-N3)*2,0))) -> 0 | AN3: =IF(OR(S3=""),"",ROUND(S3*7.1,0)) -> 2840 | AO3: =IF(OR(T3=""),"",ROUND(T3*2.4,0)) -> 1008 | AP3: 4203 | AQ3: =IF(OR($AJ3=""),"",ROUND(AL3/$AJ3*1000,1)) -> 0 | AR3: =IF(OR($AJ3=""),"",ROUND(AM3/$AJ3*1000,2)) -> 0 | AS3: =IF(OR($AJ3=""),"",ROUND(AN3/$AJ3*1000,1)) -> 14.7 | AT3: =IF(OR($AJ3=""),"",ROUND(AO3/$AJ3*1000,2)) -> 5.21
A4: 43618 | B4: 易萍 | C4: 35332100 | D4: 22585204 | E4: 17834286 | F4: 17332598 | G4: 302368345 | H4: 106673916 | I4: 302368397 | J4: 106673912 | L4: 4299.8 | M4: 4443.46 | N4: 74124.91 | Q4: 25.90 | R4: 晴 | S4: 500 | T4: 480 | U4: 8347 | V4: 7855 | W4: 4.59 | X4: 3.65 | Y4: 1440 | AA4: =IF(OR(C5=""),"",C5-C4) -> 43068 | AB4: =IF(OR(D5=""),"",D5-D4) -> 52303 | AC4: =IF(OR(E5=""),"",E5-E4) -> 51093 | AD4: =IF(OR(F5=""),"",F5-F4) -> 49014 | AE4: =IF(OR(G5=""),"",G5-G4) -> 191693.33 | AF4: =IF(OR(H5=""),"",H5-H4) -> 5440.3333 | AG4: =IF(OR(AA4="",AB4="",AC4=""),"",AA4+AB4+AC4+AD4-AE4) -> 3784.6667 | AH4: =IF(OR(I5=""),"",I5-I4) -> 192211 | AI4: =IF(OR(J5=""),"",J5-J4) -> 5444 | AJ4: =IF(OR(AH4="",AI4=""),"",AH4-AI4) -> 186767 | AK4: 1320 | AL4: =IF(OR(L5="",M5=""),"",ROUND((L5-L4+M5-M4)*1200,0)) -> 0 | AM4: =IF(OR(N5=""),"",(ROUND((N5-N4)*2,0))) -> 0 | AN4: =IF(OR(S4=""),"",ROUND(S4*7.1,0)) -> 3550 | AO4: =IF(OR(T4=""),"",ROUND(T4*2.4,0)) -> 1152 | AP4: 3092 | AQ4: =IF(OR($AJ4=""),"",ROUND(AL4/$AJ4*1000,1)) -> 0 | AR4: =IF(OR($AJ4=""),"",ROUND(AM4/$AJ4*1000,2)) -> 0 | AS4: =IF(OR($AJ4=""),"",ROUND(AN4/$AJ4*1000,1)) -> 19 | AT4: =IF(OR($AJ4=""),"",ROUND(AO4/$AJ4*1000,2)) -> 6.17
A5: 43619 | B5: 潘汝鑫 | C5: 35375168 | D5: 22637507 | E5: 17885379 | F5: 17381612 | G5: =302550705+8000/6+8000 -> 3.0256004e+08 | H5: =106679088+230/6+230 -> 1.0667936e+08 | I5: 302560608 | J5: 106679356 | L5: 4299.8 | M5: 4443.46 | N5: 74124.91 | Q5: 25.60 | R5: 晴 | S5: 250 | T5: 280 | U5: 7500 | V5: 6194 | W5: 4.5 | X5: 2.8 | Y5: 1320 | AA5: =IF(OR(C6=""),"",C6-C5) -> 37357 | AB5: =IF(OR(D6=""),"",D6-D5) -> 44931 | AC5: =IF(OR(E6=""),"",E6-E5) -> 44808 | AD5: =IF(OR(F6=""),"",F6-F5) -> 44427 | AE5: =IF(OR(G6=""),"",G6-G5) -> 168438.67 | AF5: =IF(OR(H6=""),"",H6-H5) -> 5424.6667 | AG5: =IF(OR(AA5="",AB5="",AC5=""),"",AA5+AB5+AC5+AD5-AE5) -> 3084.3333 | AH5: =IF(OR(I6=""),"",I6-I5) -> 167908 | AI5: =IF(OR(J6=""),"",J6-J5) -> 5425 | AJ5: =IF(OR(AH5="",AI5=""),"",AH5-AI5) -> 162483 | AK5: 1280 | AL5: =IF(OR(L6="",M6=""),"",ROUND((L6-L5+M6-M5)*1200,0)) -> 0 | AM5: =IF(OR(N6=""),"",(ROUND((N6-N5)*2,0))) -> 0 | AN5: =IF(OR(S5=""),"",ROUND(S5*7.1,0)) -> 1775 | AO5: =IF(OR(T5=""),"",ROUND(T5*2.4,0)) -> 672 | AP5: 5970 | AQ5: =IF(OR($AJ5=""),"",ROUND(AL5/$AJ5*1000,1)) -> 0 | AR5: =IF(OR($AJ5=""),"",ROUND(AM5/$AJ5*1000,2)) -> 0 | AS5: =IF(OR($AJ5=""),"",ROUND(AN5/$AJ5*1000,1)) -> 10.9 | AT5: =IF(OR($AJ5=""),"",ROUND(AO5/$AJ5*1000,2)) -> 4.14
A6: 43620 | B6: 张亚光 | C6: 35412525 | D6: 22682438 | E6: 17930187 | F6: 17426039 | G6: 302728477 | H6: 106684781 | I6: 302728516 | J6: 106684781 | L6: 4299.8 | M6: 4443.46 | N6: 74124.91 | Q6: 26 | R6: 阴 | S6: 260 | T6: 280 | U6: 9325 | V6: 6172 | W6: 7.07 | X6: 2.79 | Y6: 1380 | AA6: =IF(OR(C7=""),"",C7-C6) -> 42625 | AB6: =IF(OR(D7=""),"",D7-D6) -> 52631 | AC6: =IF(OR(E7=""),"",E7-E6) -> 51296 | AD6: =IF(OR(F7=""),"",F7-F6) -> 52144 | AE6: =IF(OR(G7=""),"",G7-G6) -> 193790 | AF6: =IF(OR(H7=""),"",H7-H6) -> 5434 | AG6: =IF(OR(AA6="",AB6="",AC6=""),"",AA6+AB6+AC6+AD6-AE6) -> 4906 | AH6: =IF(OR(I7=""),"",I7-I6) -> 193621 | AI6: =IF(OR(J7=""),"",J7-J6) -> 5428.6667 | AJ6: =IF(OR(AH6="",AI6=""),"",AH6-AI6) -> 188192.33 | AK6: 1340 | AL6: =IF(OR(L7="",M7=""),"",ROUND((L7-L6+M7-M6)*1200,0)) -> 0 | AM6: =IF(OR(N7=""),"",(ROUND((N7-N6)*2,0))) -> 0 | AN6: =IF(OR(S6=""),"",ROUND(S6*7.1,0)) -> 1846 | AO6: =IF(OR(T6=""),"",ROUND(T6*2.4,0)) -> 672 | AP6: 5580 | AQ6: =IF(OR($AJ6=""),"",ROUND(AL6/$AJ6*1000,1)) -> 0 | AR6: =IF(OR($AJ6=""),"",ROUND(AM6/$AJ6*1000,2)) -> 0 | AS6: =IF(OR($AJ6=""),"",ROUND(AN6/$AJ6*1000,1)) -> 9.8 | AT6: =IF(OR($AJ6=""),"",ROUND(AO6/$AJ6*1000,2)) -> 3.57
A7: 43621 | B7: 仇昊 | C7: 35455150 | D7: 22735069 | E7: 17981483 | F7: 17478183 | G7: 302922267 | H7: 106690215 | I7: 302922137 | J7: =106690248-230/6 -> 1.0669021e+08 | L7: 4299.8 | M7: 4443.46 | N7: 74124.91 | Q7: 26.2 | R7: 雨 | S7: 470 | T7: 490 | U7: 10354 | V7: 8421 | W7: 7.57 | X7: 6.98 | Y7: 1440 | Z7: 14:00接通知进水解1000 | AA7: =IF(OR(C8=""),"",C8-C7) -> 54040 | AB7: =IF(OR(D8=""),"",D8-D7) -> 67739 | AC7: =IF(OR(E8=""),"",E8-E7) -> 57510 | AD7: =IF(OR(F8=""),"",F8-F7) -> 59446 | AE7: =IF(OR(G8=""),"",G8-G7) -> 213257 | AF7: =IF(OR(H8=""),"",H8-H7) -> 5459 | AG7: =IF(OR(AA7="",AB7="",AC7=""),"",AA7+AB7+AC7+AD7-AE7) -> 25478 | AH7: =IF(OR(I8=""),"",I8-I7) -> 212474 | AI7: =IF(OR(J8=""),"",J8-J7) -> 5430.3333 | AJ7: =IF(OR(AH7="",AI7=""),"",AH7-AI7) -> 207043.67 | AK7: 1500 | AL7: =IF(OR(L8="",M8=""),"",ROUND((L8-L7+M8-M7)*1200,0)) -> 0 | AM7: =IF(OR(N8=""),"",(ROUND((N8-N7)*2,0))) -> 0 | AN7: =IF(OR(S7=""),"",ROUND(S7*7.1,0)) -> 3337 | AO7: =IF(OR(T7=""),"",ROUND(T7*2.4,0)) -> 1176 | AP7: 4250 | AQ7: =IF(OR($AJ7=""),"",ROUND(AL7/$AJ7*1000,1)) -> 0 | AR7: =IF(OR($AJ7=""),"",ROUND(AM7/$AJ7*1000,2)) -> 0 | AS7: =IF(OR($AJ7=""),"",ROUND(AN7/$AJ7*1000,1)) -> 16.1 | AT7: =IF(OR($AJ7=""),"",ROUND(AO7/$AJ7*1000,2)) -> 5.68
A8: 43622 | B8: 易萍 | C8: 35509190 | D8: 22802808 | E8: 18038993 | F8: 17537629 | G8: 303135524 | H8: 106695674 | I8: 303134611 | J8: 106695640 | L8: 4299.8 | M8: 4443.46 | N8: 74124.91 | Q8: 26.5 | R8: 晴 | S8: 850 | T8: 830 | U8: 10213 | V8: 8006 | W8: 7.68 | X8: 7.22 | Y8: 1440 | Z8: 23:00停水解进水 | AA8: =IF(OR(C9=""),"",C9-C8) -> 51524 | AB8: =IF(OR(D9=""),"",D9-D8) -> 64524 | AC8: =IF(OR(E9=""),"",E9-E8) -> 55815 | AD8: =IF(OR(F9=""),"",F9-F8) -> 57510 | AE8: =IF(OR(G9=""),"",G9-G8) -> 207941 | AF8: =IF(OR(H9=""),"",H9-H8) -> 5413 | AG8: =IF(OR(AA8="",AB8="",AC8=""),"",AA8+AB8+AC8+AD8-AE8) -> 21432 | AH8: =IF(OR(I9=""),"",I9-I8) -> 208785 | AI8: =IF(OR(J9=""),"",J9-J8) -> 5448 | AJ8: =IF(OR(AH8="",AI8=""),"",AH8-AI8) -> 203337 | AK8: 1500 | AL8: =IF(OR(L9="",M9=""),"",ROUND((L9-L8+M9-M8)*1200,0)) -> 0 | AM8: =IF(OR(N9=""),"",(ROUND((N9-N8)*2,0))) -> 0 | AN8: =IF(OR(S8=""),"",ROUND(S8*7.1,0)) -> 6035 | AO8: =IF(OR(T8=""),"",ROUND(T8*2.4,0)) -> 1992 | AP8: 3558 | AQ8: =IF(OR($AJ8=""),"",ROUND(AL8/$AJ8*1000,1)) -> 0 | AR8: =IF(OR($AJ8=""),"",ROUND(AM8/$AJ8*1000,2)) -> 0 | AS8: =IF(OR($AJ8=""),"",ROUND(AN8/$AJ8*1000,1)) -> 29.7 | AT8: =IF(OR($AJ8=""),"",ROUND(AO8/$AJ8*1000,2)) -> 9.8
A9: 43623 | B9: 易萍 | C9: 35560714 | D9: 22867332 | E9: 18094808 | F9: 17595139 | G9: 303343465 | H9: 106701087 | I9: 303343396 | J9: 106701088 | L9: 4299.8 | M9: 4443.46 | N9: 74124.91 | Q9: 26 | R9: 晴 | S9: 750 | T9: 760 | U9: 9277 | V9: 7943 | W9: 7.65 | X9: 6.63 | Y9: 1440 | AA9: =IF(OR(C10=""),"",C10-C9) -> 46404 | AB9: =IF(OR(D10=""),"",D10-D9) -> 59502 | AC9: =IF(OR(E10=""),"",E10-E9) -> 55328 | AD9: =IF(OR(F10=""),"",F10-F9) -> 55853 | AE9: =IF(OR(G10=""),"",G10-G9) -> 211711 | AF9: =IF(OR(H10=""),"",H10-H9) -> 5428 | AG9: =IF(OR(AA9="",AB9="",AC9=""),"",AA9+AB9+AC9+AD9-AE9) -> 5376 | AH9: =IF(OR(I10=""),"",I10-I9) -> 211971 | AI9: =IF(OR(J10=""),"",J10-J9) -> 5432 | AJ9: =IF(OR(AH9="",AI9=""),"",AH9-AI9) -> 206539 | AK9: 1500 | AL9: =IF(OR(L10="",M10=""),"",ROUND((L10-L9+M10-M9)*1200,0)) -> 0 | AM9: =IF(OR(N10=""),"",(ROUND((N10-N9)*2,0))) -> 0 | AN9: =IF(OR(S9=""),"",ROUND(S9*7.1,0)) -> 5325 | AO9: =IF(OR(T9=""),"",ROUND(T9*2.4,0)) -> 1824 | AP9: 2338 | AQ9: =IF(OR($AJ9=""),"",ROUND(AL9/$AJ9*1000,1)) -> 0 | AR9: =IF(OR($AJ9=""),"",ROUND(AM9/$AJ9*1000,2)) -> 0 | AS9: =IF(OR($AJ9=""),"",ROUND(AN9/$AJ9*1000,1)) -> 25.8 | AT9: =IF(OR($AJ9=""),"",ROUND(AO9/$AJ9*1000,2)) -> 8.83
A10: 43624 | B10: 易萍 | C10: 35607118 | D10: 22926834 | E10: 18150136 | F10: 17650992 | G10: 303555176 | H10: 106706515 | I10: 303555367 | J10: 106706520 | L10: 4299.8 | M10: 4443.46 | N10: 74124.91 | Q10: 25 | R10: 晴 | S10: 400 | T10: 420 | U10: 9237 | V10: 7866 | W10: 6.86 | X10: 4.85 | Y10: 1440 | AA10: =IF(OR(C11=""),"",C11-C10) -> 45958 | AB10: =IF(OR(D11=""),"",D11-D10) -> 58185 | AC10: =IF(OR(E11=""),"",E11-E10) -> 54425 | AD10: =IF(OR(F11=""),"",F11-F10) -> 55448 | AE10: =IF(OR(G11=""),"",G11-G10) -> 211937 | AF10: =IF(OR(H11=""),"",H11-H10) -> 5455 | AG10: =IF(OR(AA10="",AB10="",AC10=""),"",AA10+AB10+AC10+AD10-AE10) -> 2079 | AH10: =IF(OR(I11=""),"",I11-I10) -> 211841 | AI10: =IF(OR(J11=""),"",J11-J10) -> 5448 | AJ10: =IF(OR(AH10="",AI10=""),"",AH10-AI10) -> 206393 | AK10: 1500 | AL10: =IF(OR(L11="",M11=""),"",ROUND((L11-L10+M11-M10)*1200,0)) -> 0 | AM10: =IF(OR(N11=""),"",(ROUND((N11-N10)*2,0))) -> 0 | AN10: =IF(OR(S10=""),"",ROUND(S10*7.1,0)) -> 2840 | AO10: =IF(OR(T10=""),"",ROUND(T10*2.4,0)) -> 1008 | AP10: 3736 | AQ10: =IF(OR($AJ10=""),"",ROUND(AL10/$AJ10*1000,1)) -> 0 | AR10: =IF(OR($AJ10=""),"",ROUND(AM10/$AJ10*1000,2)) -> 0 | AS10: =IF(OR($AJ10=""),"",ROUND(AN10/$AJ10*1000,1)) -> 13.8 | AT10: =IF(OR($AJ10=""),"",ROUND(AO10/$AJ10*1000,2)) -> 4.88
A11: 43625 | B11: 易萍 | C11: 35653076 | D11: 22985019 | E11: 18204561 | F11: 17706440 | G11: 303767113 | H11: 106711970 | I11: 303767208 | J11: 106711968 | L11: 4299.8 | M11: 4443.46 | N11: 74124.91 | Q11: 25.5 | R11: 阴 | S11: 590 | T11: 570 | U11: 9185 | V11: 7987 | W11: 5.4 | X11: 3.56 | Y11: 1440 | AA11: =IF(OR(C12=""),"",C12-C11) -> 45253 | AB11: =IF(OR(D12=""),"",D12-D11) -> 57408 | AC11: =IF(OR(E12=""),"",E12-E11) -> 54296 | AD11: =IF(OR(F12=""),"",F12-F11) -> 55073 | AE11: =IF(OR(G12=""),"",G12-G11) -> 211902 | AF11: =IF(OR(H12=""),"",H12-H11) -> 5458 | AG11: =IF(OR(AA11="",AB11="",AC11=""),"",AA11+AB11+AC11+AD11-AE11) -> 128 | AH11: =IF(OR(I12=""),"",I12-I11) -> 211890 | AI11: =IF(OR(J12=""),"",J12-J11) -> 5432 | AJ11: =IF(OR(AH11="",AI11=""),"",AH11-AI11) -> 206458 | AK11: 1500 | AL11: =IF(OR(L12="",M12=""),"",ROUND((L12-L11+M12-M11)*1200,0)) -> 0 | AM11: =IF(OR(N12=""),"",(ROUND((N12-N11)*2,0))) -> 0 | AN11: =IF(OR(S11=""),"",ROUND(S11*7.1,0)) -> 4189 | AO11: =IF(OR(T11=""),"",ROUND(T11*2.4,0)) -> 1368 | AP11: 3723 | AQ11: =IF(OR($AJ11=""),"",ROUND(AL11/$AJ11*1000,1)) -> 0 | AR11: =IF(OR($AJ11=""),"",ROUND(AM11/$AJ11*1000,2)) -> 0 | AS11: =IF(OR($AJ11=""),"",ROUND(AN11/$AJ11*1000,1)) -> 20.3 | AT11: =IF(OR($AJ11=""),"",ROUND(AO11/$AJ11*1000,2)) -> 6.63
A12: 43626 | B12: 易萍 | C12: 35698329 | D12: 23042427 | E12: 18258857 | F12: 17761513 | G12: 303979015 | H12: 106717428 | I12: 303979098 | J12: 106717400 | L12: 4299.8 | M12: 4443.46 | N12: 74124.91 | Q12: 26 | R12: 晴 | S12: 360 | T12: 350 | U12: 8458 | V12: 8197 | W12: 4.83 | X12: 3.55 | Y12: 1440 | AA12: =IF(OR(C13=""),"",C13-C12) -> 43074 | AB12: =IF(OR(D13=""),"",D13-D12) -> 54327 | AC12: =IF(OR(E13=""),"",E13-E12) -> 52489 | AD12: =IF(OR(F13=""),"",F13-F12) -> 51046 | AE12: =IF(OR(G13=""),"",G13-G12) -> 196720 | AF12: =IF(OR(H13=""),"",H13-H12) -> 5473 | AG12: =IF(OR(AA12="",AB12="",AC12=""),"",AA12+AB12+AC12+AD12-AE12) -> 4216 | AH12: =IF(OR(I13=""),"",I13-I12) -> 196637 | AI12: =IF(OR(J13=""),"",J13-J12) -> 5501 | AJ12: =IF(OR(AH12="",AI12=""),"",AH12-AI12) -> 191136 | AK12: 1200 | AL12: =IF(OR(L13="",M13=""),"",ROUND((L13-L12+M13-M12)*1200,0)) -> 0 | AM12: =IF(OR(N13=""),"",(ROUND((N13-N12)*2,0))) -> 0 | AN12: =IF(OR(S12=""),"",ROUND(S12*7.1,0)) -> 2556 | AO12: =IF(OR(T12=""),"",ROUND(T12*2.4,0)) -> 840 | AP12: 3554 | AQ12: =IF(OR($AJ12=""),"",ROUND(AL12/$AJ12*1000,1)) -> 0 | AR12: =IF(OR($AJ12=""),"",ROUND(AM12/$AJ12*1000,2)) -> 0 | AS12: =IF(OR($AJ12=""),"",ROUND(AN12/$AJ12*1000,1)) -> 13.4 | AT12: =IF(OR($AJ12=""),"",ROUND(AO12/$AJ12*1000,2)) -> 4.39
A13: 43627 | B13: 潘汝鑫 | C13: 35741403 | D13: 23096754 | E13: 18311346 | F13: 17812559 | G13: 304175735 | H13: 106722901 | I13: 304175735 | J13: 106722901 | L13: 4299.8 | M13: 4443.46 | N13: 74124.91 | Q13: 25.7 | R13: 晴 | S13: 280 | T13: 300 | U13: 8573 | V13: 8012 | W13: 4.92 | X13: 3.5 | Y13: 1440 | AA13: =IF(OR(C14=""),"",C14-C13) -> 41306 | AB13: =IF(OR(D14=""),"",D14-D13) -> 51741 | AC13: =IF(OR(E14=""),"",E14-E13) -> 50689 | AD13: =IF(OR(F14=""),"",F14-F13) -> 48038 | AE13: =IF(OR(G14=""),"",G14-G13) -> 189100 | AF13: =IF(OR(H14=""),"",H14-H13) -> 5462 | AG13: =IF(OR(AA13="",AB13="",AC13=""),"",AA13+AB13+AC13+AD13-AE13) -> 2674 | AH13: =IF(OR(I14=""),"",I14-I13) -> 189625 | AI13: =IF(OR(J14=""),"",J14-J13) -> 5462 | AJ13: =IF(OR(AH13="",AI13=""),"",AH13-AI13) -> 184163 | AK13: 3780 | AL13: =IF(OR(L14="",M14=""),"",ROUND((L14-L13+M14-M13)*1200,0)) -> 0 | AM13: =IF(OR(N14=""),"",(ROUND((N14-N13)*2,0))) -> 0 | AN13: =IF(OR(S13=""),"",ROUND(S13*7.1,0)) -> 1988 | AO13: =IF(OR(T13=""),"",ROUND(T13*2.4,0)) -> 720 | AP13: 5838 | AQ13: =IF(OR($AJ13=""),"",ROUND(AL13/$AJ13*1000,1)) -> 0 | AR13: =IF(OR($AJ13=""),"",ROUND(AM13/$AJ13*1000,2)) -> 0 | AS13: =IF(OR($AJ13=""),"",ROUND(AN13/$AJ13*1000,1)) -> 10.8 | AT13: =IF(OR($AJ13=""),"",ROUND(AO13/$AJ13*1000,2)) -> 3.91
A14: 43628 | B14: 张亚光 | C14: 35782709 | D14: 23148495 | E14: 18362035 | F14: 17860597 | G14: 304364835 | H14: 106728363 | I14: 304365360 | J14: 106728363 | L14: 4299.8 | M14: 4443.46 | N14: 74124.91 | Q14: 25.6 | R14: 晴 | S14: 460 | T14: 480 | U14: 8617 | V14: 6134 | W14: 3.52 | X14: 2.51 | Y14: 270 | AA14: =IF(OR(C15=""),"",C15-C14) -> 37087 | AB14: =IF(OR(D15=""),"",D15-D14) -> 44354 | AC14: =IF(OR(E15=""),"",E15-E14) -> 45177 | AD14: =IF(OR(F15=""),"",F15-F14) -> 44816 | AE14: =IF(OR(G15=""),"",G15-G14) -> 165801 | AF14: =IF(OR(H15=""),"",H15-H14) -> 5417 | AG14: =IF(OR(AA14="",AB14="",AC14=""),"",AA14+AB14+AC14+AD14-AE14) -> 5633 | AH14: =IF(OR(I15=""),"",I15-I14) -> 165230 | AI14: =IF(OR(J15=""),"",J15-J14) -> 5421 | AJ14: =IF(OR(AH14="",AI14=""),"",AH14-AI14) -> 159809 | AK14: 3500 | AL14: =IF(OR(L15="",M15=""),"",ROUND((L15-L14+M15-M14)*1200,0)) -> 0 | AM14: =IF(OR(N15=""),"",(ROUND((N15-N14)*2,0))) -> 0 | AN14: =IF(OR(S14=""),"",ROUND(S14*7.1,0)) -> 3266 | AO14: =IF(OR(T14=""),"",ROUND(T14*2.4,0)) -> 1152 | AP14: 3391 | AQ14: =IF(OR($AJ14=""),"",ROUND(AL14/$AJ14*1000,1)) -> 0 | AR14: =IF(OR($AJ14=""),"",ROUND(AM14/$AJ14*1000,2)) -> 0 | AS14: =IF(OR($AJ14=""),"",ROUND(AN14/$AJ14*1000,1)) -> 20.4 | AT14: =IF(OR($AJ14=""),"",ROUND(AO14/$AJ14*1000,2)) -> 7.21
A15: 43629 | B15: 易萍 | C15: 35819796 | D15: 23192849 | E15: 18407212 | F15: 17905413 | G15: 304530636 | H15: 106733780 | I15: 304530590 | J15: 106733784 | L15: 4299.8 | M15: 4443.46 | N15: 74124.91 | Q15: 27 | R15: 阴 | S15: 850 | T15: 800 | U15: 9156 | V15: 5164 | W15: 4.18 | X15: 2.45 | Y15: 1020 | AA15: =IF(OR(C16=""),"",C16-C15) -> 41223 | AB15: =IF(OR(D16=""),"",D16-D15) -> 52251 | AC15: =IF(OR(E16=""),"",E16-E15) -> 50107 | AD15: =IF(OR(F16=""),"",F16-F15) -> 49664 | AE15: =IF(OR(G16=""),"",G16-G15) -> 187998 | AF15: =IF(OR(H16=""),"",H16-H15) -> 5453 | AG15: =IF(OR(AA15="",AB15="",AC15=""),"",AA15+AB15+AC15+AD15-AE15) -> 5247 | AH15: =IF(OR(I16=""),"",I16-I15) -> 187984 | AI15: =IF(OR(J16=""),"",J16-J15) -> 5448 | AJ15: =IF(OR(AH15="",AI15=""),"",AH15-AI15) -> 182536 | AK15: 3500 | AL15: =IF(OR(L16="",M16=""),"",ROUND((L16-L15+M16-M15)*1200,0)) -> 0 | AM15: =IF(OR(N16=""),"",(ROUND((N16-N15)*2,0))) -> 0 | AN15: =IF(OR(S15=""),"",ROUND(S15*7.1,0)) -> 6035 | AO15: =IF(OR(T15=""),"",ROUND(T15*2.4,0)) -> 1920 | AP15: 4086 | AQ15: =IF(OR($AJ15=""),"",ROUND(AL15/$AJ15*1000,1)) -> 0 | AR15: =IF(OR($AJ15=""),"",ROUND(AM15/$AJ15*1000,2)) -> 0 | AS15: =IF(OR($AJ15=""),"",ROUND(AN15/$AJ15*1000,1)) -> 33.1 | AT15: =IF(OR($AJ15=""),"",ROUND(AO15/$AJ15*1000,2)) -> 10.52
A16: 43630 | B16: 易萍 | C16: 35861019 | D16: 23245100 | E16: 18457319 | F16: 17955077 | G16: 304718634 | H16: 106739233 | I16: 304718574 | J16: 106739232 | L16: 4299.8 | M16: 4443.46 | N16: 74124.91 | Q16: 26 | R16: 晴 | S16: 720 | T16: 740 | U16: 8677 | V16: 6874 | W16: 4.46 | X16: 2.65 | Y16: 1260 | AA16: =IF(OR(C17=""),"",C17-C16) -> 42340 | AB16: =IF(OR(D17=""),"",D17-D16) -> 53690 | AC16: =IF(OR(E17=""),"",E17-E16) -> 51464 | AD16: =IF(OR(F17=""),"",F17-F16) -> 51348 | AE16: =IF(OR(G17=""),"",G17-G16) -> 194390 | AF16: =IF(OR(H17=""),"",H17-H16) -> 5472 | AG16: =IF(OR(AA16="",AB16="",AC16=""),"",AA16+AB16+AC16+AD16-AE16) -> 4452 | AH16: =IF(OR(I17=""),"",I17-I16) -> 193821 | AI16: =IF(OR(J17=""),"",J17-J16) -> 5456 | AJ16: =IF(OR(AH16="",AI16=""),"",AH16-AI16) -> 188365 | AK16: 3200 | AL16: =IF(OR(L17="",M17=""),"",ROUND((L17-L16+M17-M16)*1200,0)) -> 1308 | AM16: =IF(OR(N17=""),"",(ROUND((N17-N16)*2,0))) -> 0 | AN16: =IF(OR(S16=""),"",ROUND(S16*7.1,0)) -> 5112 | AO16: =IF(OR(T16=""),"",ROUND(T16*2.4,0)) -> 1776 | AP16: 3740 | AQ16: =IF(OR($AJ16=""),"",ROUND(AL16/$AJ16*1000,1)) -> 6.9 | AR16: =IF(OR($AJ16=""),"",ROUND(AM16/$AJ16*1000,2)) -> 0 | AS16: =IF(OR($AJ16=""),"",ROUND(AN16/$AJ16*1000,1)) -> 27.1 | AT16: =IF(OR($AJ16=""),"",ROUND(AO16/$AJ16*1000,2)) -> 9.43
A17: 43631 | B17: 易萍 | C17: 35903359 | D17: 23298790 | E17: 18508783 | F17: 18006425 | G17: 304913024 | H17: 106744705 | I17: 304912395 | J17: 106744688 | L17: 4299.8 | M17: 4444.55 | N17: 74124.91 | Q17: 27 | R17: 晴 | S17: 780 | T17: 760 | U17: 9308 | V17: 7240 | W17: 5.65 | X17: 2.78 | Y17: 1081 | AA17: =IF(OR(C18=""),"",C18-C17) -> 43962 | AB17: =IF(OR(D18=""),"",D18-D17) -> 55844 | AC17: =IF(OR(E18=""),"",E18-E17) -> 52923 | AD17: =IF(OR(F18=""),"",F18-F17) -> 52501 | AE17: =IF(OR(G18=""),"",G18-G17) -> 192457 | AF17: =IF(OR(H18=""),"",H18-H17) -> 5428 | AG17: =IF(OR(AA17="",AB17="",AC17=""),"",AA17+AB17+AC17+AD17-AE17) -> 12773 | AH17: =IF(OR(I18=""),"",I18-I17) -> 193427 | AI17: =IF(OR(J18=""),"",J18-J17) -> 5456 | AJ17: =IF(OR(AH17="",AI17=""),"",AH17-AI17) -> 187971 | AK17: 3700 | AL17: =IF(OR(L18="",M18=""),"",ROUND((L18-L17+M18-M17)*1200,0)) -> 36 | AM17: =IF(OR(N18=""),"",(ROUND((N18-N17)*2,0))) -> 2 | AN17: =IF(OR(S17=""),"",ROUND(S17*7.1,0)) -> 5538 | AO17: =IF(OR(T17=""),"",ROUND(T17*2.4,0)) -> 1824 | AP17: 3120 | AQ17: =IF(OR($AJ17=""),"",ROUND(AL17/$AJ17*1000,1)) -> 0.2 | AR17: =IF(OR($AJ17=""),"",ROUND(AM17/$AJ17*1000,2)) -> 0.01 | AS17: =IF(OR($AJ17=""),"",ROUND(AN17/$AJ17*1000,1)) -> 29.5 | AT17: =IF(OR($AJ17=""),"",ROUND(AO17/$AJ17*1000,2)) -> 9.7
A18: 43632 | B18: 陈智娇 | C18: 35947321 | D18: 23354634 | E18: 18561706 | F18: 18058926 | G18: 305105481 | H18: 106750133 | I18: 305105822 | J18: 106750144 | L18: 4299.8 | M18: 4444.58 | N18: 74126.04 | Q18: 27.4 | R18: 晴 | S18: 500 | T18: 490 | U18: 9152 | V18: 7887 | W18: 5.26 | X18: 3.41 | Y18: 1440 | AA18: =IF(OR(C19=""),"",C19-C18) -> 44863 | AB18: =IF(OR(D19=""),"",D19-D18) -> 57285 | AC18: =IF(OR(E19=""),"",E19-E18) -> 52779 | AD18: =IF(OR(F19=""),"",F19-F18) -> 54828 | AE18: =IF(OR(G19=""),"",G19-G18) -> 205169 | AF18: =IF(OR(H19=""),"",H19-H18) -> 5464 | AG18: =IF(OR(AA18="",AB18="",AC18=""),"",AA18+AB18+AC18+AD18-AE18) -> 4586 | AH18: =IF(OR(I19=""),"",I19-I18) -> 204617 | AI18: =IF(OR(J19=""),"",J19-J18) -> 5464 | AJ18: =IF(OR(AH18="",AI18=""),"",AH18-AI18) -> 199153 | AK18: 3400 | AL18: =IF(OR(L19="",M19=""),"",ROUND((L19-L18+M19-M18)*1200,0)) -> 0 | AM18: =IF(OR(N19=""),"",(ROUND((N19-N18)*2,0))) -> 0 | AN18: =IF(OR(S18=""),"",ROUND(S18*7.1,0)) -> 3550 | AO18: =IF(OR(T18=""),"",ROUND(T18*2.4,0)) -> 1176 | AP18: 4404 | AQ18: =IF(OR($AJ18=""),"",ROUND(AL18/$AJ18*1000,1)) -> 0 | AR18: =IF(OR($AJ18=""),"",ROUND(AM18/$AJ18*1000,2)) -> 0 | AS18: =IF(OR($AJ18=""),"",ROUND(AN18/$AJ18*1000,1)) -> 17.8 | AT18: =IF(OR($AJ18=""),"",ROUND(AO18/$AJ18*1000,2)) -> 5.91
A19: 43633 | B19: 易萍 | C19: 35992184 | D19: 23411919 | E19: 18614485 | F19: 18113754 | G19: 305310650 | H19: 106755597 | I19: 305310439 | J19: 106755608 | L19: 4299.8 | M19: 4444.58 | N19: 74126.04 | Q19: 26.2 | R19: 晴 | S19: 250 | T19: 270 | U19: 9269 | V19: 8681 | W19: 5.41 | X19: 3.3 | Y19: 1440 | AA19: =IF(OR(C20=""),"",C20-C19) -> 43477 | AB19: =IF(OR(D20=""),"",D20-D19) -> 52168 | AC19: =IF(OR(E20=""),"",E20-E19) -> 61731 | AD19: =IF(OR(F20=""),"",F20-F19) -> 63305 | AE19: =IF(OR(G20=""),"",G20-G19) -> 211033 | AF19: =IF(OR(H20=""),"",H20-H19) -> 5450 | AG19: =IF(OR(AA19="",AB19="",AC19=""),"",AA19+AB19+AC19+AD19-AE19) -> 9648 | AH19: =IF(OR(I20=""),"",I20-I19) -> 211289 | AI19: =IF(OR(J20=""),"",J20-J19) -> 5448 | AJ19: =IF(OR(AH19="",AI19=""),"",AH19-AI19) -> 205841 | AK19: 3600 | AL19: =IF(OR(L20="",M20=""),"",ROUND((L20-L19+M20-M19)*1200,0)) -> 0 | AM19: =IF(OR(N20=""),"",(ROUND((N20-N19)*2,0))) -> 0 | AN19: =IF(OR(S19=""),"",ROUND(S19*7.1,0)) -> 1775 | AO19: =IF(OR(T19=""),"",ROUND(T19*2.4,0)) -> 648 | AP19: 4174 | AQ19: =IF(OR($AJ19=""),"",ROUND(AL19/$AJ19*1000,1)) -> 0 | AR19: =IF(OR($AJ19=""),"",ROUND(AM19/$AJ19*1000,2)) -> 0 | AS19: =IF(OR($AJ19=""),"",ROUND(AN19/$AJ19*1000,1)) -> 8.6 | AT19: =IF(OR($AJ19=""),"",ROUND(AO19/$AJ19*1000,2)) -> 3.15
A20: 43634 | B20: 易萍 | C20: 36035661 | D20: 23464087 | E20: 18676216 | F20: 18177059 | G20: 305521683 | H20: 106761047 | I20: 305521728 | J20: 106761056 | L20: 4299.8 | M20: 4444.58 | N20: 74126.04 | Q20: 26.5 | R20: 晴 | S20: 130 | T20: 150 | U20: 9337 | V20: 8058 | W20: 5.61 | X20: 3.43 | Y20: 1337 | AA20: =IF(OR(C21=""),"",C21-C20) -> 38802 | AB20: =IF(OR(D21=""),"",D21-D20) -> 42841 | AC20: =IF(OR(E21=""),"",E21-E20) -> 66641 | AD20: =IF(OR(F21=""),"",F21-F20) -> 67240 | AE20: =IF(OR(G21=""),"",G21-G20) -> 208065 | AF20: =IF(OR(H21=""),"",H21-H20) -> 5540 | AG20: =IF(OR(AA20="",AB20="",AC20=""),"",AA20+AB20+AC20+AD20-AE20) -> 7459 | AH20: =IF(OR(I21=""),"",I21-I20) -> 207900 | AI20: =IF(OR(J21=""),"",J21-J20) -> 5451 | AJ20: =IF(OR(AH20="",AI20=""),"",AH20-AI20) -> 202449 | AK20: 3500 | AL20: =IF(OR(L21="",M21=""),"",ROUND((L21-L20+M21-M20)*1200,0)) -> 0 | AM20: =IF(OR(N21=""),"",(ROUND((N21-N20)*2,0))) -> 0 | AN20: =IF(OR(S20=""),"",ROUND(S20*7.1,0)) -> 923 | AO20: =IF(OR(T20=""),"",ROUND(T20*2.4,0)) -> 360 | AP20: 4215 | AQ20: =IF(OR($AJ20=""),"",ROUND(AL20/$AJ20*1000,1)) -> 0 | AR20: =IF(OR($AJ20=""),"",ROUND(AM20/$AJ20*1000,2)) -> 0 | AS20: =IF(OR($AJ20=""),"",ROUND(AN20/$AJ20*1000,1)) -> 4.6 | AT20: =IF(OR($AJ20=""),"",ROUND(AO20/$AJ20*1000,2)) -> 1.78
... A25: 43639 | B25: 易萍 | C25: 36252825 | D25: 23729428 | E25: 18966256 | F25: 18469188 | G25: 306556130 | H25: 106788314 | I25: 306556040 | J25: 106788312 | L25: 4299.8 | M25: 4444.58 | N25: 74126.04 | Q25: 28 | R25: 晴 | S25: 600 | T25: 580 | U25: 10365 | V25: 8501 | W25: 8.05 | X25: 5.56 | Y25: 1440 | AA25: =IF(OR(C26=""),"",C26-C25) -> 47917 | AB25: =IF(OR(D26=""),"",D26-D25) -> 60945 | AC25: =IF(OR(E26=""),"",E26-E25) -> 57975 | AD25: =IF(OR(F26=""),"",F26-F25) -> 59516 | AE25: =IF(OR(G26=""),"",G26-G25) -> 212289 | AF25: =IF(OR(H26=""),"",H26-H25) -> 5453 | AG25: =IF(OR(AA25="",AB25="",AC25=""),"",AA25+AB25+AC25+AD25-AE25) -> 14064 | AH25: =IF(OR(I26=""),"",I26-I25) -> 212463 | AI25: =IF(OR(J26=""),"",J26-J25) -> 5424 | AJ25: =IF(OR(AH25="",AI25=""),"",AH25-AI25) -> 207039 | AK25: 4200 | AL25: =IF(OR(L26="",M26=""),"",ROUND((L26-L25+M26-M25)*1200,0)) -> 0 | AM25: =IF(OR(N26=""),"",(ROUND((N26-N25)*2,0))) -> 0 | AN25: =IF(OR(S25=""),"",ROUND(S25*7.1,0)) -> 4260 | AO25: =IF(OR(T25=""),"",ROUND(T25*2.4,0)) -> 1392 | AP25: 4726 | AQ25: =IF(OR($AJ25=""),"",ROUND(AL25/$AJ25*1000,1)) -> 0 | AR25: =IF(OR($AJ25=""),"",ROUND(AM25/$AJ25*1000,2)) -> 0 | AS25: =IF(OR($AJ25=""),"",ROUND(AN25/$AJ25*1000,1)) -> 20.6 | AT25: =IF(OR($AJ25=""),"",ROUND(AO25/$AJ25*1000,2)) -> 6.72
A26: 43640 | B26: 易萍 | C26: 36300742 | D26: 23790373 | E26: 19024231 | F26: 18528704 | G26: 306768419 | H26: 106793767 | I26: 306768503 | J26: 106793736 | L26: 4299.8 | M26: 4444.58 | N26: 74126.04 | Q26: 26.9 | R26: 阴 | S26: 400 | T26: 410 | U26: 10254 | V26: 8221 | W26: 7.72 | X26: 6.41 | Y26: 1440 | Z26: 4:00接泵站所通知开水解池,进1000m3/h | AA26: =IF(OR(C27=""),"",C27-C26) -> 52847 | AB26: =IF(OR(D27=""),"",D27-D26) -> 64320 | AC26: =IF(OR(E27=""),"",E27-E26) -> 60064 | AD26: =IF(OR(F27=""),"",F27-F26) -> 61277 | AE26: =IF(OR(G27=""),"",G27-G26) -> 210266 | AF26: =IF(OR(H27=""),"",H27-H26) -> 5449 | AG26: =IF(OR(AA26="",AB26="",AC26=""),"",AA26+AB26+AC26+AD26-AE26) -> 28242 | AH26: =IF(OR(I27=""),"",I27-I26) -> 210249 | AI26: =IF(OR(J27=""),"",J27-J26) -> 5496 | AJ26: =IF(OR(AH26="",AI26=""),"",AH26-AI26) -> 204753 | AK26: 4100 | AL26: =IF(OR(L27="",M27=""),"",ROUND((L27-L26+M27-M26)*1200,0)) -> 0 | AM26: =IF(OR(N27=""),"",(ROUND((N27-N26)*2,0))) -> 0 | AN26: =IF(OR(S26=""),"",ROUND(S26*7.1,0)) -> 2840 | AO26: =IF(OR(T26=""),"",ROUND(T26*2.4,0)) -> 984 | AP26: 3544 | AQ26: =IF(OR($AJ26=""),"",ROUND(AL26/$AJ26*1000,1)) -> 0 | AR26: =IF(OR($AJ26=""),"",ROUND(AM26/$AJ26*1000,2)) -> 0 | AS26: =IF(OR($AJ26=""),"",ROUND(AN26/$AJ26*1000,1)) -> 13.9 | AT26: =IF(OR($AJ26=""),"",ROUND(AO26/$AJ26*1000,2)) -> 4.81
A27: 43641 | B27: 仇昊 | C27: 36353589 | D27: 23854693 | E27: 19084295 | F27: 18589981 | G27: 306978685 | H27: 106799216 | I27: 306978752 | J27: 106799232 | L27: 4299.8 | M27: 4444.58 | N27: 74126.04 | Q27: 28.2 | R27: 晴 | S27: 230 | T27: 250 | U27: 9435 | V27: 8869 | W27: 7.18 | X27: 6.16 | Y27: 1440 | AA27: =IF(OR(C28=""),"",C28-C27) -> 46102 | AB27: =IF(OR(D28=""),"",D28-D27) -> 56220 | AC27: =IF(OR(E28=""),"",E28-E27) -> 57024 | AD27: =IF(OR(F28=""),"",F28-F27) -> 59776 | AE27: =IF(OR(G28=""),"",G28-G27) -> 212964 | AF27: =IF(OR(H28=""),"",H28-H27) -> 5383 | AG27: =IF(OR(AA27="",AB27="",AC27=""),"",AA27+AB27+AC27+AD27-AE27) -> 6158 | AH27: =IF(OR(I28=""),"",I28-I27) -> 212937 | AI27: =IF(OR(J28=""),"",J28-J27) -> 5440 | AJ27: =IF(OR(AH27="",AI27=""),"",AH27-AI27) -> 207497 | AK27: 4100 | AL27: =IF(OR(L28="",M28=""),"",ROUND((L28-L27+M28-M27)*1200,0)) -> 0 | AM27: =IF(OR(N28=""),"",(ROUND((N28-N27)*2,0))) -> 0 | AN27: =IF(OR(S27=""),"",ROUND(S27*7.1,0)) -> 1633 | AO27: =IF(OR(T27=""),"",ROUND(T27*2.4,0)) -> 600 | AP27: 3028 | AQ27: =IF(OR($AJ27=""),"",ROUND(AL27/$AJ27*1000,1)) -> 0 | AR27: =IF(OR($AJ27=""),"",ROUND(AM27/$AJ27*1000,2)) -> 0 | AS27: =IF(OR($AJ27=""),"",ROUND(AN27/$AJ27*1000,1)) -> 7.9 | AT27: =IF(OR($AJ27=""),"",ROUND(AO27/$AJ27*1000,2)) -> 2.89
A28: 43642 | B28: 胡叶青 | C28: 36399691 | D28: 23910913 | E28: 19141319 | F28: 18649757 | G28: 307191649 | H28: 106804599 | I28: 307191689 | J28: 106804672 | L28: 4299.8 | M28: 4444.58 | N28: 74126.04 | Q28: 28.8 | R28: 晴 | S28: 470 | T28: 490 | U28: 9139 | V28: 7943 | W28: 6.16 | X28: 4.16 | Y28: 1440 | AA28: =IF(OR(C29=""),"",C29-C28) -> 45258 | AB28: =IF(OR(D29=""),"",D29-D28) -> 55186 | AC28: =IF(OR(E29=""),"",E29-E28) -> 56698 | AD28: =IF(OR(F29=""),"",F29-F28) -> 59246 | AE28: =IF(OR(G29=""),"",G29-G28) -> 212374 | AF28: =IF(OR(H29=""),"",H29-H28) -> 5530 | AG28: =IF(OR(AA28="",AB28="",AC28=""),"",AA28+AB28+AC28+AD28-AE28) -> 4014 | AH28: =IF(OR(I29=""),"",I29-I28) -> 212225 | AI28: =IF(OR(J29=""),"",J29-J28) -> 5456 | AJ28: =IF(OR(AH28="",AI28=""),"",AH28-AI28) -> 206769 | AK28: 3500 | AL28: =IF(OR(L29="",M29=""),"",ROUND((L29-L28+M29-M28)*1200,0)) -> 0 | AM28: =IF(OR(N29=""),"",(ROUND((N29-N28)*2,0))) -> 0 | AN28: =IF(OR(S28=""),"",ROUND(S28*7.1,0)) -> 3337 | AO28: =IF(OR(T28=""),"",ROUND(T28*2.4,0)) -> 1176 | AP28: 4379 | AQ28: =IF(OR($AJ28=""),"",ROUND(AL28/$AJ28*1000,1)) -> 0 | AR28: =IF(OR($AJ28=""),"",ROUND(AM28/$AJ28*1000,2)) -> 0 | AS28: =IF(OR($AJ28=""),"",ROUND(AN28/$AJ28*1000,1)) -> 16.1 | AT28: =IF(OR($AJ28=""),"",ROUND(AO28/$AJ28*1000,2)) -> 5.69
A29: 43643 | B29: 易萍 | C29: 36444949 | D29: 23966099 | E29: 19198017 | F29: 18709003 | G29: 307404023 | H29: 106810129 | I29: 307403914 | J29: 106810128 | L29: 4299.8 | M29: 4444.58 | N29: 74126.04 | Q29: 28 | R29: 晴 | S29: 780 | T29: 770 | U29: 9273 | V29: 7985 | W29: 7.56 | X29: 4.28 | Y29: 1440 | AA29: =IF(OR(C30=""),"",C30-C29) -> 45080 | AB29: =IF(OR(D30=""),"",D30-D29) -> 55500 | AC29: =IF(OR(E30=""),"",E30-E29) -> 57284 | AD29: =IF(OR(F30=""),"",F30-F29) -> 59277 | AE29: =IF(OR(G30=""),"",G30-G29) -> 209247 | AF29: =IF(OR(H30=""),"",H30-H29) -> 5471 | AG29: =IF(OR(AA29="",AB29="",AC29=""),"",AA29+AB29+AC29+AD29-AE29) -> 7894 | AH29: =IF(OR(I30=""),"",I30-I29) -> 208883 | AI29: =IF(OR(J30=""),"",J30-J29) -> 5464 | AJ29: =IF(OR(AH29="",AI29=""),"",AH29-AI29) -> 203419 | AK29: 3700 | AL29: =IF(OR(L30="",M30=""),"",ROUND((L30-L29+M30-M29)*1200,0)) -> 0 | AM29: =IF(OR(N30=""),"",(ROUND((N30-N29)*2,0))) -> 0 | AN29: =IF(OR(S29=""),"",ROUND(S29*7.1,0)) -> 5538 | AO29: =IF(OR(T29=""),"",ROUND(T29*2.4,0)) -> 1848 | AP29: 4326 | AQ29: =IF(OR($AJ29=""),"",ROUND(AL29/$AJ29*1000,1)) -> 0 | AR29: =IF(OR($AJ29=""),"",ROUND(AM29/$AJ29*1000,2)) -> 0 | AS29: =IF(OR($AJ29=""),"",ROUND(AN29/$AJ29*1000,1)) -> 27.2 | AT29: =IF(OR($AJ29=""),"",ROUND(AO29/$AJ29*1000,2)) -> 9.08
A30: 43644 | B30: 易萍 | C30: 36490029 | D30: 24021599 | E30: 19255301 | F30: 18768280 | G30: 307613270 | H30: 106815600 | I30: 307612797 | J30: 106815592 | L30: 4299.8 | M30: 4444.58 | N30: 74126.04 | Q30: 28.7 | R30: 阴 | S30: 620 | T30: 650 | U30: 9496 | V30: 7988 | W30: 7.27 | X30: 5.72 | Y30: 1440 | AA30: =IF(OR(C31=""),"",C31-C30) -> 44457 | AB30: =IF(OR(D31=""),"",D31-D30) -> 55871 | AC30: =IF(OR(E31=""),"",E31-E30) -> 57043 | AD30: =IF(OR(F31=""),"",F31-F30) -> 58646 | AE30: =IF(OR(G31=""),"",G31-G30) -> 211563 | AF30: =IF(OR(H31=""),"",H31-H30) -> 5448 | AG30: =IF(OR(AA30="",AB30="",AC30=""),"",AA30+AB30+AC30+AD30-AE30) -> 4454 | AH30: =IF(OR(I31=""),"",I31-I30) -> 211996 | AI30: =IF(OR(J31=""),"",J31-J30) -> 5456 | AJ30: =IF(OR(AH30="",AI30=""),"",AH30-AI30) -> 206540 | AK30: 3500 | AL30: =IF(OR(L31="",M31=""),"",ROUND((L31-L30+M31-M30)*1200,0)) -> 0 | AM30: =IF(OR(N31=""),"",(ROUND((N31-N30)*2,0))) -> 0 | AN30: =IF(OR(S30=""),"",ROUND(S30*7.1,0)) -> 4402 | AO30: =IF(OR(T30=""),"",ROUND(T30*2.4,0)) -> 1560 | AP30: 4950 | AQ30: =IF(OR($AJ30=""),"",ROUND(AL30/$AJ30*1000,1)) -> 0 | AR30: =IF(OR($AJ30=""),"",ROUND(AM30/$AJ30*1000,2)) -> 0 | AS30: =IF(OR($AJ30=""),"",ROUND(AN30/$AJ30*1000,1)) -> 21.3 | AT30: =IF(OR($AJ30=""),"",ROUND(AO30/$AJ30*1000,2)) -> 7.55
A31: 43645 | B31: 易萍 | C31: 36534486 | D31: 24077470 | E31: 19312344 | F31: 18826926 | G31: 307824833 | H31: 106821048 | I31: 307824793 | J31: 106821048 | L31: 4299.8 | M31: 4444.58 | N31: 74126.04 | Q31: 28.5 | R31: 雨 | S31: 700 | T31: 680 | U31: 9307 | V31: 7990 | W31: 6.37 | X31: 4.7 | Y31: 1440 | AA31: =IF(OR(C32=""),"",C32-C31) -> 45458 | AB31: =IF(OR(D32=""),"",D32-D31) -> 56221 | AC31: =IF(OR(E32=""),"",E32-E31) -> 57308 | AD31: =IF(OR(F32=""),"",F32-F31) -> 59366 | AE31: =IF(OR(G32=""),"",G32-G31) -> 214012 | AF31: =IF(OR(H32=""),"",H32-H31) -> 5457 | AG31: =IF(OR(AA31="",AB31="",AC31=""),"",AA31+AB31+AC31+AD31-AE31) -> 4341 | AH31: =IF(OR(I32=""),"",I32-I31) -> 214278 | AI31: =IF(OR(J32=""),"",J32-J31) -> 5464 | AJ31: =IF(OR(AH31="",AI31=""),"",AH31-AI31) -> 208814 | AK31: 3500 | AL31: =IF(OR(L32="",M32=""),"",ROUND((L32-L31+M32-M31)*1200,0)) -> 0 | AM31: =IF(OR(N32=""),"",(ROUND((N32-N31)*2,0))) -> 0 | AN31: =IF(OR(S31=""),"",ROUND(S31*7.1,0)) -> 4970 | AO31: =IF(OR(T31=""),"",ROUND(T31*2.4,0)) -> 1632 | AP31: 2965 | AQ31: =IF(OR($AJ31=""),"",ROUND(AL31/$AJ31*1000,1)) -> 0 | AR31: =IF(OR($AJ31=""),"",ROUND(AM31/$AJ31*1000,2)) -> 0 | AS31: =IF(OR($AJ31=""),"",ROUND(AN31/$AJ31*1000,1)) -> 23.8 | AT31: =IF(OR($AJ31=""),"",ROUND(AO31/$AJ31*1000,2)) -> 7.82
A32: 43646 | B32: 易萍 | C32: 36579944 | D32: 24133691 | E32: 19369652 | F32: 18886292 | G32: 308038845 | H32: 106826505 | I32: 308039071 | J32: 106826512 | L32: 4299.8 | M32: 4444.58 | N32: 74126.04 | Q32: 28 | R32: 雨 | S32: 550 | T32: 560 | U32: 9266 | V32: 7997 | W32: 5.54 | X32: 4.39 | Y32: 1440 | AA32: =IF(OR(C33=""),"",C33-C32) -> 47491 | AB32: =IF(OR(D33=""),"",D33-D32) -> 60392 | AC32: =IF(OR(E33=""),"",E33-E32) -> 52395 | AD32: =IF(OR(F33=""),"",F33-F32) -> 52171 | AE32: =IF(OR(G33=""),"",G33-G32) -> 210175 | AF32: =IF(OR(H33=""),"",H33-H32) -> 5476 | AG32: =IF(OR(AA32="",AB32="",AC32=""),"",AA32+AB32+AC32+AD32-AE32) -> 2274 | AH32: =IF(OR(I33=""),"",I33-I32) -> 209774 | AI32: =IF(OR(J33=""),"",J33-J32) -> 5464 | AJ32: =IF(OR(AH32="",AI32=""),"",AH32-AI32) -> 204310 | AK32: 3200 | AL32: =IF(OR(L33="",M33=""),"",ROUND((L33-L32+M33-M32)*1200,0)) -> 0 | AM32: =IF(OR(N33=""),"",(ROUND((N33-N32)*2,0))) -> 0 | AN32: =IF(OR(S32=""),"",ROUND(S32*7.1,0)) -> 3905 | AO32: =IF(OR(T32=""),"",ROUND(T32*2.4,0)) -> 1344 | AP32: 3154 | AQ32: =IF(OR($AJ32=""),"",ROUND(AL32/$AJ32*1000,1)) -> 0 | AR32: =IF(OR($AJ32=""),"",ROUND(AM32/$AJ32*1000,2)) -> 0 | AS32: =IF(OR($AJ32=""),"",ROUND(AN32/$AJ32*1000,1)) -> 19.1 | AT32: =IF(OR($AJ32=""),"",ROUND(AO32/$AJ32*1000,2)) -> 6.58
A33: 43647 | B33: 易萍 | C33: 36627435 | D33: 24194083 | E33: 19422047 | F33: 18938463 | G33: 308249020 | H33: 106831981 | I33: 308248845 | J33: 106831976 | L33: 4299.8 | M33: 4444.58 | N33: 74126.04 | Q33: 29 | R33: 晴 | AA33: =IF(OR(C34=""),"",C34-C33) | AB33: =IF(OR(D34=""),"",D34-D33) | AC33: =IF(OR(E34=""),"",E34-E33) | AD33: =IF(OR(F34=""),"",F34-F33) | AE33: =IF(OR(G34=""),"",G34-G33) | AF33: =IF(OR(H34=""),"",H34-H33) | AG33: =IF(OR(AA33="",AB33="",AC33=""),"",AA33+AB33+AC33+AD33-AE33) | AH33: =IF(OR(I34=""),"",I34-I33) | AI33: =IF(OR(J34=""),"",J34-J33) | AJ33: =IF(OR(AH33="",AI33=""),"",AH33-AI33) | AK33: =IF(K33="","",K34-K33) | AL33: =IF(OR(L34="",M34=""),"",ROUND((L34-L33+M34-M33)*1200,0)) | AM33: =IF(OR(N34=""),"",(ROUND((N34-N33)*2,0))) | AN33: =IF(OR(S33=""),"",ROUND(S33*7.1,0)) | AO33: =IF(OR(T33=""),"",ROUND(T33*2.4,0)) | AQ33: =IF(OR($AJ33=""),"",ROUND(AL33/$AJ33*1000,1)) | AR33: =IF(OR($AJ33=""),"",ROUND(AM33/$AJ33*1000,2)) | AS33: =IF(OR($AJ33=""),"",ROUND(AN33/$AJ33*1000,1)) | AT33: =IF(OR($AJ33=""),"",ROUND(AO33/$AJ33*1000,2))
AA36: =IF(OR(C37=""),"",C37-C36) | AB36: =IF(OR(D37=""),"",D37-D36) | AC36: =IF(OR(E37=""),"",E37-E36) | AD36: =IF(OR(F37=""),"",F37-F36) | AE36: =IF(OR(G37=""),"",G37-G36) | AF36: =IF(OR(H37=""),"",H37-H36) | AG36: =IF(OR(AA36="",AB36="",AC36=""),"",AA36+AB36+AC36+AD36-AE36) | AH36: =SUM(AH3:AH34) -> 6079329 | AI36: =SUM(AI3:AI34) -> 163496 | AJ36: =SUM(AJ3:AJ34) -> 5915833 | AK36: =SUM(AK3:AK34) -> 88220 | AL36: =SUM(AL3:AL34) -> 1344 | AM36: =SUM(AM3:AM34) -> 2 | AN36: =SUM(AN3:AN34) -> 107707 | AO36: =SUM(AO3:AO34) -> 36840 | AQ36: =IF(OR($AJ36=0),"",ROUND(AL36/$AJ36*1000,1)) -> 0.2 | AR36: =IF(OR($AJ36=0),"",ROUND(AM36/$AJ36*1000,2)) -> 0 | AS36: =IF(OR($AJ36=0),"",ROUND(AN36/$AJ36*1000,1)) -> 18.2 | AT36: =IF(OR($AJ36=0),"",ROUND(AO36/$AJ36*1000,2)) -> 6.23

Sheet 7
B2: 记录人 | C2: 一期左进水 流量计读数 | D2: 一期右进水 流量计读数 | E2: 二期左进水 流量计读数 | F2: 二期右进水 流量计读数 | G2: 现场出水 流量计读数 | H2: 现场回用水 读数 | I2: 出水流量计 读数（网站） | J2: 回用水流量 （网站） | K2: 污泥流量 计读数 | L2: PAC2#流量计读数 | M2: PAC3#流量计读数 | N2: PAM流量 计读数 | O2: 碳源1号流量计 | P2: 碳源2号流量计 | Q2: 盐酸流量 计读数 | R2: 氯酸钠流 量计读数 | S2: 生反池 水温 | T2: 天气 (阴晴雨) | U2: 盐酸液位 差（CM） | V2: 氯酸钠液位差 差（CM） | W2: 最高流量 m3/h | X2: 最低流量 m3/h | Y2: 最高液位 m | Z2: 最低液位 m | AA2: 超液位时 间（分） | AB2: 备注 | AC2: 一期左 进水流量 | AD2: 一期右 进水流量 | AE2: 二期左 进水流量 | AF2: 二期右 进水流量 | AG2: 现场出水 流量 | AH2: 现场回用水 流量 | AI2: 进出水 流量差 | AJ2: 出水流量（网站） | AK2: 回用水流量（网站） | AL2: 实际处理量（网站） | AM2: 排泥量 m3 | AN2: PAC量 kg | AO2: PAM量 kg | AP2: 盐酸量 kg | AQ2: 氯酸钠量 kg | AR2: 碳源用量kg | AS2: PAC单耗 ppm | AT2: PAM单耗 ppm | AU2: 盐酸单耗 ppm | AV2: 氯酸钠单耗 ppm
A3: 43647 | B3: ='6'!B33 -> 易萍 | C3: ='6'!C33 -> 36627435 | D3: ='6'!D33 -> 24194083 | E3: ='6'!E33 -> 19422047 | F3: ='6'!F33 -> 18938463 | G3: ='6'!G33 -> 308249020 | H3: ='6'!H33 -> 106831981 | I3: ='6'!I33 -> 308248845 | ... N3: ='6'!N33 -> 74126.04 | Q3: ='6'!O33 -> 0 | R3: ='6'!P33 -> 0 | S3: ='6'!Q33 -> 29 | T3: ='6'!R33 -> 晴 | U3: 240 | V3: 260 | W3: 8897 | X3: 7861 | Y3: 4.64 | Z3: 2.45 | AA3: 600 | AC3: =IF(OR(C4=""),"",C4-C3) -> 45505 | AD3: =IF(OR(D4=""),"",D4-D3) -> 56415 | AE3: =IF(OR(E4=""),"",E4-E3) -> 48662 | AF3: =IF(OR(F4=""),"",F4-F3) -> 47133 | AG3: =IF(OR(G4=""),"",G4-G3) -> 193532 | AH3: =IF(OR(H4=""),"",H4-H3) -> 5465 | AI3: =IF(OR(AC3="",AD3="",AE3=""),"",AC3+AD3+AE3+AF3-AG3) -> 4183 | AJ3: =IF(OR(I4=""),"",I4-I3) -> 193669 | AK3: =IF(OR(J4=""),"",J4-J3) -> 5456 | AL3: =IF(OR(AJ3="",AK3=""),"",AJ3-AK3) -> 188213 | AM3: 3600 | AN3: =IF(OR(L4="",M4=""),"",ROUND((L4-L3+M4-M3)*1200,0)) -> 0 | AO3: =IF(OR(N4=""),"",(ROUND((N4-N3)*2,0))) -> 0 | AP3: =IF(OR(U3=""),"",ROUND(U3*7.1,0)) -> 1704 | AQ3: =IF(OR(V3=""),"",ROUND(V3*2.4,0)) -> 624 | AR3: 2036 | AS3: =IF(OR($AL3=""),"",ROUND(AN3/$AL3*1000,1)) -> 0 | AT3: =IF(OR($AL3=""),"",ROUND(AO3/$AL3*1000,2)) -> 0 | AU3: =IF(OR($AL3=""),"",ROUND(AP3/$AL3*1000,1)) -> 9.1 | AV3: =IF(OR($AL3=""),"",ROUND(AQ3/$AL3*1000,2)) -> 3.32
A4: 43648 | B4: 易萍 | C4: 36672940 | D4: 24250498 | E4: 19470709 | F4: 18985596 | G4: 308442552 | H4: 106837446 | I4: 308442514 | J4: 106837432 | L4: 4299.8 | M4: 4444.58 | N4: 74126.04 | S4: 28.5 | T4: 晴 | U4: 270 | V4: 290 | W4: 9211 | X4: 5684 | Y4: 4.32 | Z4: 2.44 | AA4: 1208 | AC4: =IF(OR(C5=""),"",C5-C4) -> 60095 | AD4: =IF(OR(D5=""),"",D5-D4) -> 68381 | AE4: =IF(OR(E5=""),"",E5-E4) -> 42192 | AF4: =IF(OR(F5=""),"",F5-F4) -> 41939 | AG4: =IF(OR(G5=""),"",G5-G4) -> 206241 | AH4: =IF(OR(H5=""),"",H5-H4) -> 5441 | AI4: =IF(OR(AC4="",AD4="",AE4=""),"",AC4+AD4+AE4+AF4-AG4) -> 6366 | AJ4: =IF(OR(I5=""),"",I5-I4) -> 206476 | AK4: =IF(OR(J5=""),"",J5-J4) -> 5488 | AL4: =IF(OR(AJ4="",AK4=""),"",AJ4-AK4) -> 200988 | AM4: 3750 | AN4: =IF(OR(L5="",M5=""),"",ROUND((L5-L4+M5-M4)*1200,0)) -> 0 | AO4: =IF(OR(N5=""),"",(ROUND((N5-N4)*2,0))) -> 0 | AP4: =IF(OR(U4=""),"",ROUND(U4*7.1,0)) -> 1917 | AQ4: =IF(OR(V4=""),"",ROUND(V4*2.4,0)) -> 696 | AR4: 2254 | AS4: =IF(OR($AL4=""),"",ROUND(AN4/$AL4*1000,1)) -> 0 | AT4: =IF(OR($AL4=""),"",ROUND(AO4/$AL4*1000,2)) -> 0 | AU4: =IF(OR($AL4=""),"",ROUND(AP4/$AL4*1000,1)) -> 9.5 | AV4: =IF(OR($AL4=""),"",ROUND(AQ4/$AL4*1000,2)) -> 3.46
A5: 43649 | B5: 仇昊 | C5: 36733035 | D5: 24318879 | E5: 19512901 | F5: 19027535 | G5: 308648793 | H5: 106842887 | I5: 308648990 | J5: 106842920 | L5: 4299.8 | M5: 4444.58 | N5: 74126.04 | S5: 29.4 | T5: 晴 | U5: 400 | V5: 430 | W5: 9436 | X5: 5377 | Y5: 4.61 | Z5: 2.49 | AA5: 960 | AC5: =IF(OR(C6=""),"",C6-C5) -> 50515 | AD5: =IF(OR(D6=""),"",D6-D5) -> 60017 | AE5: =IF(OR(E6=""),"",E6-E5) -> 48679 | AF5: =IF(OR(F6=""),"",F6-F5) -> 49991 | AG5: =IF(OR(G6=""),"",G6-G5) -> 208440 | AH5: =IF(OR(H6=""),"",H6-H5) -> 5482 | AI5: =IF(OR(AC5="",AD5="",AE5=""),"",AC5+AD5+AE5+AF5-AG5) -> 762 | AJ5: =IF(OR(I6=""),"",I6-I5) -> 208157 | AK5: =IF(OR(J6=""),"",J6-J5) -> 5456 | AL5: =IF(OR(AJ5="",AK5=""),"",AJ5-AK5) -> 202701 | AM5: 3300 | AN5: =IF(OR(L6="",M6=""),"",ROUND((L6-L5+M6-M5)*1200,0)) -> 0 | AO5: =IF(OR(N6=""),"",(ROUND((N6-N5)*2,0))) -> 0 | AP5: =IF(OR(U5=""),"",ROUND(U5*7.1,0)) -> 2840 | AQ5: =IF(OR(V5=""),"",ROUND(V5*2.4,0)) -> 1032 | AR5: 2620 | AS5: =IF(OR($AL5=""),"",ROUND(AN5/$AL5*1000,1)) -> 0 | AT5: =IF(OR($AL5=""),"",ROUND(AO5/$AL5*1000,2)) -> 0 | AU5: =IF(OR($AL5=""),"",ROUND(AP5/$AL5*1000,1)) -> 14 | AV5: =IF(OR($AL5=""),"",ROUND(AQ5/$AL5*1000,2)) -> 5.09
A6: 43650 | B6: 易萍 | C6: 36783550 | D6: 24378896 | E6: 19561580 | F6: 19077526 | G6: 308857233 | H6: 106848369 | I6: 308857147 | J6: 106848376 | L6: 4299.8 | M6: 4444.58 | N6: 74126.04 | S6: 29 | T6: 晴 | U6: 730 | V6: 750 | W6: 9250 | X6: 4729 | Y6: 5.56 | Z6: 2.42 | AA6: 1020 | AC6: =IF(OR(C7=""),"",C7-C6) -> 41638 | AD6: =IF(OR(D7=""),"",D7-D6) -> 49507 | AE6: =IF(OR(E7=""),"",E7-E6) -> 47152 | AF6: =IF(OR(F7=""),"",F7-F6) -> 46583 | AG6: =IF(OR(G7=""),"",G7-G6) -> 182179 | AH6: =IF(OR(H7=""),"",H7-H6) -> 5467 | AI6: =IF(OR(AC6="",AD6="",AE6=""),"",AC6+AD6+AE6+AF6-AG6) -> 2701 | AJ6: =IF(OR(I7=""),"",I7-I6) -> 182173 | AK6: =IF(OR(J7=""),"",J7-J6) -> 5456 | AL6: =IF(OR(AJ6="",AK6=""),"",AJ6-AK6) -> 176717 | AM6: 3000 | AN6: =IF(OR(L7="",M7=""),"",ROUND((L7-L6+M7-M6)*1200,0)) -> 0 | AO6: =IF(OR(N7=""),"",(ROUND((N7-N6)*2,0))) -> 0 | AP6: =IF(OR(U6=""),"",ROUND(U6*7.1,0)) -> 5183 | AQ6: =IF(OR(V6=""),"",ROUND(V6*2.4,0)) -> 1800 | AR6: 3960 | AS6: =IF(OR($AL6=""),"",ROUND(AN6/$AL6*1000,1)) -> 0 | AT6: =IF(OR($AL6=""),"",ROUND(AO6/$AL6*1000,2)) -> 0 | AU6: =IF(OR($AL6=""),"",ROUND(AP6/$AL6*1000,1)) -> 29.3 | AV6: =IF(OR($AL6=""),"",ROUND(AQ6/$AL6*1000,2)) -> 10.19
A7: 43651 | B7: 易萍 | C7: 36825188 | D7: 24428403 | E7: 19608732 | F7: 19124109 | G7: 309039412 | H7: 106853836 | I7: 309039320 | J7: 106853832 | L7: 4299.8 | M7: 4444.58 | N7: 74126.04 | S7: 29 | T7: 晴 | U7: 640 | V7: 660 | W7: 9320 | X7: 4971 | Y7: 5.38 | Z7: 2.6 | AA7: 1140 | AC7: =IF(OR(C8=""),"",C8-C7) -> 44282 | AD7: =IF(OR(D8=""),"",D8-D7) -> 53566 | AE7: =IF(OR(E8=""),"",E8-E7) -> 52941 | AF7: =IF(OR(F8=""),"",F8-F7) -> 54721 | AG7: =IF(OR(G8=""),"",G8-G7) -> 195751 | AH7: =IF(OR(H8=""),"",H8-H7) -> 5454 | AI7: =IF(OR(AC7="",AD7="",AE7=""),"",AC7+AD7+AE7+AF7-AG7) -> 9759 | AJ7: =IF(OR(I8=""),"",I8-I7) -> 196441 | AK7: =IF(OR(J8=""),"",J8-J7) -> 5480 | AL7: =IF(OR(AJ7="",AK7=""),"",AJ7-AK7) -> 190961 | AM7: 3500 | AN7: =IF(OR(L8="",M8=""),"",ROUND((L8-L7+M8-M7)*1200,0)) -> 0 | AO7: =IF(OR(N8=""),"",(ROUND((N8-N7)*2,0))) -> 0 | AP7: =IF(OR(U7=""),"",ROUND(U7*7.1,0)) -> 4544 | AQ7: =IF(OR(V7=""),"",ROUND(V7*2.4,0)) -> 1584 | AR7: 4359 | AS7: =IF(OR($AL7=""),"",ROUND(AN7/$AL7*1000,1)) -> 0 | AT7: =IF(OR($AL7=""),"",ROUND(AO7/$AL7*1000,2)) -> 0 | AU7: =IF(OR($AL7=""),"",ROUND(AP7/$AL7*1000,1)) -> 23.8 | AV7: =IF(OR($AL7=""),"",ROUND(AQ7/$AL7*1000,2)) -> 8.29
A8: 43652 | B8: 易萍 | C8: 36869470 | D8: 24481969 | E8: 19661673 | F8: 19178830 | G8: 309235163 | H8: 106859290 | I8: 309235761 | J8: 106859312 | L8: 4299.8 | M8: 4444.58 | N8: 74126.04 | S8: 28.5 | T8: 晴 | U8: 550 | V8: 570 | W8: 9553 | X8: 5968 | Y8: 6.52 | Z8: 2.44 | AA8: 1200 | AC8: =IF(OR(C9=""),"",C9-C8) -> 44229 | AD8: =IF(OR(D9=""),"",D9-D8) -> 54837 | AE8: =IF(OR(E9=""),"",E9-E8) -> 54026 | AF8: =IF(OR(F9=""),"",F9-F8) -> 55697 | AG8: =IF(OR(G9=""),"",G9-G8) -> 204070 | AH8: =IF(OR(H9=""),"",H9-H8) -> 5488 | AI8: =IF(OR(AC8="",AD8="",AE8=""),"",AC8+AD8+AE8+AF8-AG8) -> 4719 | AJ8: =IF(OR(I9=""),"",I9-I8) -> 203552 | AK8: =IF(OR(J9=""),"",J9-J8) -> 5464 | AL8: =IF(OR(AJ8="",AK8=""),"",AJ8-AK8) -> 198088 | AM8: 3200 | AN8: =IF(OR(L9="",M9=""),"",ROUND((L9-L8+M9-M8)*1200,0)) -> 0 | AO8: =IF(OR(N9=""),"",(ROUND((N9-N8)*2,0))) -> 0 | AP8: =IF(OR(U8=""),"",ROUND(U8*7.1,0)) -> 3905 | AQ8: =IF(OR(V8=""),"",ROUND(V8*2.4,0)) -> 1368 | AR8: 2762 | AS8: =IF(OR($AL8=""),"",ROUND(AN8/$AL8*1000,1)) -> 0 | AT8: =IF(OR($AL8=""),"",ROUND(AO8/$AL8*1000,2)) -> 0 | AU8: =IF(OR($AL8=""),"",ROUND(AP8/$AL8*1000,1)) -> 19.7 | AV8: =IF(OR($AL8=""),"",ROUND(AQ8/$AL8*1000,2)) -> 6.91
A9: 43653 | B9: 易萍 | C9: 36913699 | D9: 24536806 | E9: 19715699 | F9: 19234527 | G9: 309439233 | H9: 106864778 | I9: 309439313 | J9: 106864776 | L9: 4299.8 | M9: 4444.58 | N9: 74126.04 | S9: 29.5 | T9: 晴 | U9: 540 | V9: 560 | W9: 9355 | X9: 7871 | Y9: 5.73 | Z9: 3.66 | AA9: 1440 | AC9: =IF(OR(C10=""),"",C10-C9) -> 46564 | AD9: =IF(OR(D10=""),"",D10-D9) -> 57716 | AE9: =IF(OR(E10=""),"",E10-E9) -> 56200 | AF9: =IF(OR(F10=""),"",F10-F9) -> 58434 | AG9: =IF(OR(G10=""),"",G10-G9) -> 211802 | AH9: =IF(OR(H10=""),"",H10-H9) -> 5493 | AI9: =IF(OR(AC9="",AD9="",AE9=""),"",AC9+AD9+AE9+AF9-AG9) -> 7112 | AJ9: =IF(OR(I10=""),"",I10-I9) -> 211320 | AK9: =IF(OR(J10=""),"",J10-J9) -> 5480 | AL9: =IF(OR(AJ9="",AK9=""),"",AJ9-AK9) -> 205840 | AM9: 3500 | AN9: =IF(OR(L10="",M10=""),"",ROUND((L10-L9+M10-M9)*1200,0)) -> 0 | AO9: =IF(OR(N10=""),"",(ROUND((N10-N9)*2,0))) -> 0 | AP9: =IF(OR(U9=""),"",ROUND(U9*7.1,0)) -> 3834 | AQ9: =IF(OR(V9=""),"",ROUND(V9*2.4,0)) -> 1344 | AR9: 1995 | AS9: =IF(OR($AL9=""),"",ROUND(AN9/$AL9*1000,1)) -> 0 | AT9: =IF(OR($AL9=""),"",ROUND(AO9/$AL9*1000,2)) -> 0 | AU9: =IF(OR($AL9=""),"",ROUND(AP9/$AL9*1000,1)) -> 18.6 | AV9: =IF(OR($AL9=""),"",ROUND(AQ9/$AL9*1000,2)) -> 6.53
A10: 43654 | B10: 易萍 | C10: 36960263 | D10: 24594522 | E10: 19771899 | F10: 19292961 | G10: 309651035 | H10: 106870271 | I10: 309650633 | J10: 106870256 | L10: 4299.8 | M10: 4444.58 | N10: 74126.04 | S10: 29 | T10: 晴 | U10: 350 | V10: 360 | W10: 9234 | X10: 8347 | Y10: 4.41 | Z10: 2.77 | AA10: 840 | AC10: =IF(OR(C11=""),"",C11-C10) -> 44718 | AD10: =IF(OR(D11=""),"",D11-D10) -> 54630 | AE10: =IF(OR(E11=""),"",E11-E10) -> 53939 | AF10: =IF(OR(F11=""),"",F11-F10) -> 55776 | AG10: =AR26=IF(OR(G11=""),"",G11-G10) -> FALSE | AH10: =IF(OR(H11=""),"",H11-H10) -> 5462 | AI10: =IF(OR(AC10="",AD10="",AE10=""),"",AC10+AD10+AE10+AF10-AG10) -> 209063 | AJ10: =IF(OR(I11=""),"",I11-I10) -> 203516 | AK10: =IF(OR(J11=""),"",J11-J10) -> 5461 | AL10: =IF(OR(AJ10="",AK10=""),"",AJ10-AK10) -> 198055 | AM10: 2100 | AN10: =IF(OR(L11="",M11=""),"",ROUND((L11-L10+M11-M10)*1200,0)) -> 0 | AO10: =IF(OR(N11=""),"",(ROUND((N11-N10)*2,0))) -> 0 | AP10: =IF(OR(U10=""),"",ROUND(U10*7.1,0)) -> 2485 | AQ10: =IF(OR(V10=""),"",ROUND(V10*2.4,0)) -> 864 | AR10: 2015 | AS10: =IF(OR($AL10=""),"",ROUND(AN10/$AL10*1000,1)) -> 0 | AT10: =IF(OR($AL10=""),"",ROUND(AO10/$AL10*1000,2)) -> 0 | AU10: =IF(OR($AL10=""),"",ROUND(AP10/$AL10*1000,1)) -> 12.5 | AV10: =IF(OR($AL10=""),"",ROUND(AQ10/$AL10*1000,2)) -> 4.36
A11: 43655 | B11: 潘汝鑫 | C11: 37004981 | D11: 24649152 | E11: 19825838 | F11: 19348737 | G11: 309854078 | H11: 106875733 | I11: 309854149 | J11: 106875717 | L11: 4299.8 | M11: 4444.58 | N11: 74126.04 | S11: 29 | T11: 晴 | U11: 180 | V11: 200 | W11: 10012 | X11: 7845 | Y11: 7.75 | Z11: 2.55 | AA11: 1012 | AC11: =IF(OR(C12=""),"",C12-C11) -> 54922 | AD11: =IF(OR(D12=""),"",D12-D11) -> 64501 | AE11: =IF(OR(E12=""),"",E12-E11) -> 46789 | AF11: =IF(OR(F12=""),"",F12-F11) -> 46117 | AG11: =IF(OR(G12=""),"",G12-G11) -> 203941 | AH11: =IF(OR(H12=""),"",H12-H11) -> 5482 | AI11: =IF(OR(AC11="",AD11="",AE11=""),"",AC11+AD11+AE11+AF11-AG11) -> 8388 | AJ11: =IF(OR(I12=""),"",I12-I11) -> 203616 | AK11: =IF(OR(J12=""),"",J12-J11) -> 5483 | AL11: =IF(OR(AJ11="",AK11=""),"",AJ11-AK11) -> 198133 | AM11: 3300 | AN11: =IF(OR(L12="",M12=""),"",ROUND((L12-L11+M12-M11)*1200,0)) -> 0 | AO11: =IF(OR(N12=""),"",(ROUND((N12-N11)*2,0))) -> 0 | AP11: =IF(OR(U11=""),"",ROUND(U11*7.1,0)) -> 1278 | AQ11: =IF(OR(V11=""),"",ROUND(V11*2.4,0)) -> 480 | AR11: 1950 | AS11: =IF(OR($AL11=""),"",ROUND(AN11/$AL11*1000,1)) -> 0 | AT11: =IF(OR($AL11=""),"",ROUND(AO11/$AL11*1000,2)) -> 0 | AU11: =IF(OR($AL11=""),"",ROUND(AP11/$AL11*1000,1)) -> 6.5 | AV11: =IF(OR($AL11=""),"",ROUND(AQ11/$AL11*1000,2)) -> 2.42
A12: 43656 | B12: 陈智娇 | C12: 37059903 | D12: 24713653 | E12: 19872627 | F12: 19394854 | G12: 310058019 | H12: 106881215 | I12: 310057765 | J12: 106881200 | L12: 4299.8 | M12: 4444.58 | N12: 74126.04 | S12: 28.5 | T12: 晴 | U12: 420 | V12: 440 | W12: 9297 | X12: 7880 | Y12: 7.19 | Z12: 3.51 | AA12: 1440 | AC12: =IF(OR(C13=""),"",C13-C12) -> 50376 | AD12: =IF(OR(D13=""),"",D13-D12) -> 58705 | AE12: =IF(OR(E13=""),"",E13-E12) -> 54060 | AF12: =IF(OR(F13=""),"",F13-F12) -> 56059 | AG12: =IF(OR(G13=""),"",G13-G12) -> 212877 | AH12: =IF(OR(H13=""),"",H13-H12) -> 4979 | AI12: =IF(OR(AC12="",AD12="",AE12=""),"",AC12+AD12+AE12+AF12-AG12) -> 6323 | AJ12: =IF(OR(I13=""),"",I13-I12) -> 212917 | AK12: =IF(OR(J13=""),"",J13-J12) -> 4992 | AL12: =IF(OR(AJ12="",AK12=""),"",AJ12-AK12) -> 207925 | AM12: 3300 | AN12: =IF(OR(L13="",M13=""),"",ROUND((L13-L12+M13-M12)*1200,0)) -> 0 | AO12: =IF(OR(N13=""),"",(ROUND((N13-N12)*2,0))) -> 0 | AP12: =IF(OR(U12=""),"",ROUND(U12*7.1,0)) -> 2982 | AQ12: =IF(OR(V12=""),"",ROUND(V12*2.4,0)) -> 1056 | AR12: 0 | AS12: =IF(OR($AL12=""),"",ROUND(AN12/$AL12*1000,1)) -> 0 | AT12: =IF(OR($AL12=""),"",ROUND(AO12/$AL12*1000,2)) -> 0 | AU12: =IF(OR($AL12=""),"",ROUND(AP12/$AL12*1000,1)) -> 14.3 | AV12: =IF(OR($AL12=""),"",ROUND(AQ12/$AL12*1000,2)) -> 5.08
A13: 43657 | B13: 易萍 | C13: 37110279 | D13: 24772358 | E13: 19926687 | F13: 19450913 | G13: 310270896 | H13: 106886194 | I13: 310270682 | J13: 106886192 | L13: 4299.8 | M13: 4444.58 | N13: 74126.04 | S13: 29 | T13: 晴 | U13: 850 | V13: 830 | W13: 9596 | X13: 4779 | Y13: 4.32 | Z13: 2.45 | AA13: 1200 | AC13: =IF(OR(C14=""),"",C14-C13) -> 49942 | AD13: =IF(OR(D14=""),"",D14-D13) -> 56977 | AE13: =IF(OR(E14=""),"",E14-E13) -> 53751 | AF13: =IF(OR(F14=""),"",F14-F13) -> 55343 | AG13: =IF(OR(G14=""),"",G14-G13) -> 207162 | AH13: =IF(OR(H14=""),"",H14-H13) -> 5444 | AI13: =IF(OR(AC13="",AD13="",AE13=""),"",AC13+AD13+AE13+AF13-AG13) -> 8851 | AJ13: =IF(OR(I14=""),"",I14-I13) -> 207324 | AK13: =IF(OR(J14=""),"",J14-J13) -> 5440 | AL13: =IF(OR(AJ13="",AK13=""),"",AJ13-AK13) -> 201884 | AM13: 3200 | AN13: =IF(OR(L14="",M14=""),"",ROUND((L14-L13+M14-M13)*1200,0)) -> 0 | AO13: =IF(OR(N14=""),"",(ROUND((N14-N13)*2,0))) -> 0 | AP13: =IF(OR(U13=""),"",ROUND(U13*7.1,0)) -> 6035 | AQ13: =IF(OR(V13=""),"",ROUND(V13*2.4,0)) -> 1992 | AR13: 0 | AS13: =IF(OR($AL13=""),"",ROUND(AN13/$AL13*1000,1)) -> 0 | AT13: =IF(OR($AL13=""),"",ROUND(AO13/$AL13*1000,2)) -> 0 | AU13: =IF(OR($AL13=""),"",ROUND(AP13/$AL13*1000,1)) -> 29.9 | AV13: =IF(OR($AL13=""),"",ROUND(AQ13/$AL13*1000,2)) -> 9.87
A14: 43658 | B14: 易萍 | C14: 37160221 | D14: 24829335 | E14: 19980438 | F14: 19506256 | G14: 310478058 | H14: 106891638 | I14: 310478006 | J14: 106891632 | L14: 4299.8 | M14: 4444.58 | N14: 74126.04 | S14: 29.5 | T14: 晴 | U14: 520 | V14: 540 | W14: 9505 | X14: 5757 | Y14: 4.94 | Z14: 2.75 | AA14: 1230 | AC14: =IF(OR(C15=""),"",C15-C14) -> 49200 | AD14: =IF(OR(D15=""),"",D15-D14) -> 57863 | AE14: =IF(OR(E15=""),"",E15-E14) -> 53864 | AF14: =IF(OR(F15=""),"",F15-F14) -> 55773 | AG14: =IF(OR(G15=""),"",G15-G14) -> 208454 | AH14: =IF(OR(H15=""),"",H15-H14) -> 5445 | AI14: =IF(OR(AC14="",AD14="",AE14=""),"",AC14+AD14+AE14+AF14-AG14) -> 8246 | AJ14: =IF(OR(I15=""),"",I15-I14) -> 208254 | AK14: =IF(OR(J15=""),"",J15-J14) -> 5440 | AL14: =IF(OR(AJ14="",AK14=""),"",AJ14-AK14) -> 202814 | AM14: 3200 | AN14: =IF(OR(L15="",M15=""),"",ROUND((L15-L14+M15-M14)*1200,0)) -> 0 | AO14: =IF(OR(N15=""),"",(ROUND((N15-N14)*2,0))) -> 0 | AP14: =IF(OR(U14=""),"",ROUND(U14*7.1,0)) -> 3692 | AQ14: =IF(OR(V14=""),"",ROUND(V14*2.4,0)) -> 1296 | AR14: 2096 | AS14: =IF(OR($AL14=""),"",ROUND(AN14/$AL14*1000,1)) -> 0 | AT14: =IF(OR($AL14=""),"",ROUND(AO14/$AL14*1000,2)) -> 0 | AU14: =IF(OR($AL14=""),"",ROUND(AP14/$AL14*1000,1)) -> 18.2 | AV14: =IF(OR($AL14=""),"",ROUND(AQ14/$AL14*1000,2)) -> 6.39
A15: 43659 | B15: 易萍 | C15: 37209421 | D15: 24887198 | E15: 20034302 | F15: 19562029 | G15: 310686512 | H15: 106897083 | I15: 310686260 | J15: 106897072 | L15: 4299.8 | M15: 4444.58 | N15: 74126.04 | S15: 30 | T15: 晴 | U15: 370 | V15: 400 | W15: 9496 | X15: 8977 | Y15: 5.2 | Z15: 3.46 | AA15: 1440 | AC15: =IF(OR(C16=""),"",C16-C15) -> 48314 | AD15: =IF(OR(D16=""),"",D16-D15) -> 58824 | AE15: =IF(OR(E16=""),"",E16-E15) -> 55324 | AF15: =IF(OR(F16=""),"",F16-F15) -> 55902 | AG15: =IF(OR(G16=""),"",G16-G15) -> 210848 | AH15: =IF(OR(H16=""),"",H16-H15) -> 5436 | AI15: =IF(OR(AC15="",AD15="",AE15=""),"",AC15+AD15+AE15+AF15-AG15) -> 7516 | AJ15: =IF(OR(I16=""),"",I16-I15) -> 211536 | AK15: =IF(OR(J16=""),"",J16-J15) -> 5456 | AL15: =IF(OR(AJ15="",AK15=""),"",AJ15-AK15) -> 206080 | AM15: 3200 | AN15: =IF(OR(L16="",M16=""),"",ROUND((L16-L15+M16-M15)*1200,0)) -> 0 | AO15: =IF(OR(N16=""),"",(ROUND((N16-N15)*2,0))) -> 0 | AP15: =IF(OR(U15=""),"",ROUND(U15*7.1,0)) -> 2627 | AQ15: =IF(OR(V15=""),"",ROUND(V15*2.4,0)) -> 960 | AR15: 3599 | AS15: =IF(OR($AL15=""),"",ROUND(AN15/$AL15*1000,1)) -> 0 | AT15: =IF(OR($AL15=""),"",ROUND(AO15/$AL15*1000,2)) -> 0 | AU15: =IF(OR($AL15=""),"",ROUND(AP15/$AL15*1000,1)) -> 12.7 | AV15: =IF(OR($AL15=""),"",ROUND(AQ15/$AL15*1000,2)) -> 4.66
A16: 43660 | B16: 易萍 | C16: 37257735 | D16: 24946022 | E16: 20089626 | F16: 19617931 | G16: 310897360 | H16: 106902519 | I16: 310897796 | J16: 106902528 | L16: 4299.8 | M16: 4444.58 | N16: 74126.04 | S16: 31.9 | T16: 晴 | U16: 400 | V16: 420 | W16: 9373 | X16: 8606 | Y16: 5.22 | Z16: 2.84 | AA16: 1230 | AC16: =IF(OR(C17=""),"",C17-C16) -> 46451 | AD16: =IF(OR(D17=""),"",D17-D16) -> 58696 | AE16: =IF(OR(E17=""),"",E17-E16) -> 55257 | AF16: =IF(OR(F17=""),"",F17-F16) -> 59901 | AG16: =IF(OR(G17=""),"",G17-G16) -> 213248 | AH16: =IF(OR(H17=""),"",H17-H16) -> 5470 | AI16: =IF(OR(AC16="",AD16="",AE16=""),"",AC16+AD16+AE16+AF16-AG16) -> 7057 | AJ16: =IF(OR(I17=""),"",I17-I16) -> 212566 | AK16: =IF(OR(J17=""),"",J17-J16) -> 5456 | AL16: =IF(OR(AJ16="",AK16=""),"",AJ16-AK16) -> 207110 | AM16: 3300 | AN16: =IF(OR(L17="",M17=""),"",ROUND((L17-L16+M17-M16)*1200,0)) -> 0 | AO16: =IF(OR(N17=""),"",(ROUND((N17-N16)*2,0))) -> 0 | AP16: =IF(OR(U16=""),"",ROUND(U16*7.1,0)) -> 2840 | AQ16: =IF(OR(V16=""),"",ROUND(V16*2.4,0)) -> 1008 | AR16: 2322 | AS16: =IF(OR($AL16=""),"",ROUND(AN16/$AL16*1000,1)) -> 0 | AT16: =IF(OR($AL16=""),"",ROUND(AO16/$AL16*1000,2)) -> 0 | AU16: =IF(OR($AL16=""),"",ROUND(AP16/$AL16*1000,1)) -> 13.7 | AV16: =IF(OR($AL16=""),"",ROUND(AQ16/$AL16*1000,2)) -> 4.87
