Workbook

Sheet 1
B2: 高配电 表计数 | C2: 一次提升 | H2: 二次提升 | L2: 三次提升 | P2: 高压鼓风机 | U2: 提标 电表 | V2: 脱水 电表 | W2: 旧除臭 电表 | X2: 新除臭电表 | Z2: 除臭 总电表 | AA2: 旧除臭 水表 | AB2: 新除臭 水表 | AC2: 除臭 总水表 | AD2: 实际处 理水量 | AE2: 一次提升用电 | AK2: 二次提升 | AP2: 三次提升 | AU2: 高压鼓风机 | BA2: 提标电量 | BB2: 脱水电量 | BC2: 除臭电量 | BD2: 其他用电量 | BE2: 总电量 | BF2: 除臭水量 | BG2: 总单耗 | BH2: 一次提 升单耗 | BI2: 二次提 升单耗 | BJ2: 三次提 升单耗 | BK2: 风机 单耗 | BL2: 提标 总单耗 | BM2: 脱水 单耗 | BN2: 除臭 单耗 | BO2: 其他 单耗
C3: 1#泵 | D3: 2#泵 | E3: 3#泵 | F3: 4#泵 | G3: 5#泵 | H3: 1#泵 | I3: 2#泵 | J3: 3#泵 | K3: 4#泵 | L3: 1#泵 | M3: 2#泵 | N3: 3#泵 | O3: 4#泵 | P3: 1#风机 | Q3: 2#风机 | R3: 3#风机 | S3: 4#风机 | T3: 5#风机 | X3: 1# | Y3: 2# | AE3: 1#泵 | AF3: 2#泵 | AG3: 3#泵 | AH3: 4#泵 | AI3: 5#泵 | AJ3: 提升电量 | AK3: 1#泵 | AL3: 2#泵 | AM3: 3#泵 | AN3: 4#泵 | AO3: 提升电量 | AP3: 1#泵 | AQ3: 2#泵 | AR3: 3#泵 | AS3: 4#泵 | AT3: 提升电量 | AU3: 1#风机 | AV3: 2#风机 | AW3: 3#风机 | AX3: 4#风机 | AY3: 5#风机 | AZ3: 风机电量
A4: 44197 | B4: 15612.46 | C4: 85130.1 | D4: 54213.2 | E4: 55165.1 | F4: 3261.82 | G4: 107477.2 | H4: 5596.3 | I4: 2566.3 | J4: 967 | K4: 56 | L4: 86470.1 | M4: 61099.5 | N4: 68662.4 | O4: 98252.4 | P4: 5097.1 | Q4: 6873.9 | R4: 4172.8 | S4: 4857.2 | T4: 5879.8 | U4: 16509 | V4: 48750 | W4: 48754 | X4: 423 | Y4: 425.1 | Z4: =IF(OR(W4=""),"",(W4+X4+Y4)) -> 49602.1 | AA4: 54141.5 | AB4: 360 | AC4: =IF(OR(AA4=""),"",(AA4+AB4)) -> 54501.5 | AD4: 131701 | AE4: =IF(OR(C5=""),"",(C5-C4)*80) -> 0 | AF4: =IF(OR(D5=""),"",(D5-D4)*80) -> 0 | AG4: =IF(OR(E5=""),"",(E5-E4)*80) -> 2752 | AH4: =IF(OR(F5=""),"",(F5-F4)*80) -> -1.6 | AI4: =IF(OR(G5=""),"",(G5-G4)*80) -> 2296 | AJ4: =IF(OR(AE4="",AF4="",AG4=""),"",AE4+AF4+AG4+AH4+AI4) -> 5046.4 | AK4: =IF(OR(H5=""),"",(H5-H4)*80) -> 0 | AL4: =IF(OR(I5=""),"",(I5-I4)*80) -> 0 | AM4: =IF(OR(J5=""),"",(J5-J4)*80) -> 0 | AN4: =IF(OR(K5=""),"",(K5-K4)*80) -> 0 | AO4: =IF(OR(AK4="",AL4=""),"",AK4+AL4+AM4+AN4) -> 0 | AP4: =IF(OR(L5=""),"",(L5-L4)*100) -> 2230 | AQ4: =IF(OR(M5=""),"",(M5-M4)*100) -> 0 | AR4: =IF(OR(N5=""),"",(N5-N4)*100) -> 0 | AS4: =IF(OR(O5=""),"",(O5-O4)*100) -> 2270 | AT4: =IF(OR(AP4="",AQ4=""),"",AP4+AQ4+AR4+AS4) -> 4500 | AU4: =IF(OR(P5=""),"",(P5-P4)*1000) -> 0 | AV4: =IF(OR(Q5=""),"",(Q5-Q4)*1000) -> 0 | AW4: =IF(OR(R5=""),"",(R5-R4)*1000) -> 4900 | AX4: =IF(OR(S5=""),"",(S5-S4)*1000) -> 0 | AY4: =IF(OR(T5=""),"",(T5-T4)*1000) -> 0 | AZ4: =IF(OR(AU4="",AV4="",AW4=""),"",AU4+AV4+AW4+AX4+AY4) -> 4900 | BA4: =IF(OR(U5=""),"",(U5-U4)*2000) -> 5800 | BB4: =IF(OR(V5=""),"",(V5-V4)*80) -> 648 | BC4: =IF(OR(Z4=""),"",(Z5-Z4)*40) -> 1552 | BD4: =IF(OR(BE4="",BC4=""),"",BE4-BC4-BB4-BA4-AZ4-AT4-AO4-AJ4) -> 14253.6 | BE4: =IF(OR(B5=""),"",(B5-B4)*10000) -> 36700 | BF4: =IF(OR(AC5=""),"",AC5-AC4) -> 67.8 | BG4: =IF(OR($AD4=0),"",BE4/$AD4) -> 0.27866151 | BH4: =IF(OR($AD4=0),"",AJ4/$AD4) -> 0.038317097 | BI4: =IF(OR($AD4=0),"",AO4/$AD4) -> 0 | BJ4: =IF(OR($AD4=0),"",AT4/$AD4) -> 0.034168305 | BK4: =IF(OR($AD4=0),"",AZ4/$AD4) -> 0.037205488 | BL4: =IF(OR($AD4=0),"",BA4/$AD4) -> 0.044039149 | BM4: =IF(OR($AD4=0),"",BB4/$AD4) -> 0.004920236 | BN4: =IF(OR($AD4=0),"",BC4/$AD4) -> 0.011784269 | BO4: =IF(OR($AD4=0),"",BD4/$AD4) -> 0.10822697
A5: =A4+1 -> 44198 | B5: 15616.13 | C5: 85130.1 | D5: 54213.2 | E5: 55199.5 | F5: 3261.8 | G5: 107505.9 | H5: 5596.3 | I5: 2566.3 | J5: 967 | K5: 56 | L5: 86492.4 | M5: 61099.5 | N5: 68662.4 | O5: 98275.1 | P5: 5097.1 | Q5: 6873.9 | R5: 4177.7 | S5: 4857.2 | T5: 5879.8 | U5: 16511.9 | V5: 48758.1 | W5: 48771.7 | X5: 436.9 | Y5: 432.3 | Z5: =IF(OR(W5=""),"",(W5+X5+Y5)) -> 49640.9 | AA5: 54185.3 | AB5: 384 | AC5: =IF(OR(AA5=""),"",(AA5+AB5)) -> 54569.3 | AD5: 142525 | AE5: =IF(OR(C6=""),"",(C6-C5)*80) -> 0 | AF5: =IF(OR(D6=""),"",(D6-D5)*80) -> 0 | AG5: =IF(OR(E6=""),"",(E6-E5)*80) -> 3136 | AH5: =IF(OR(F6=""),"",(F6-F5)*80) -> 0 | AI5: =IF(OR(G6=""),"",(G6-G5)*80) -> 2264 | AJ5: =IF(OR(AE5="",AF5="",AG5=""),"",AE5+AF5+AG5+AH5+AI5) -> 5400 | AK5: =IF(OR(H6=""),"",(H6-H5)*80) -> 0 | AL5: =IF(OR(I6=""),"",(I6-I5)*80) -> 0 | AM5: =IF(OR(J6=""),"",(J6-J5)*80) -> 0 | AN5: =IF(OR(K6=""),"",(K6-K5)*80) -> 0 | AO5: =IF(OR(AK5="",AL5=""),"",AK5+AL5+AM5+AN5) -> 0 | AP5: =IF(OR(L6=""),"",(L6-L5)*100) -> 2760 | AQ5: =IF(OR(M6=""),"",(M6-M5)*100) -> 0 | AR5: =IF(OR(N6=""),"",(N6-N5)*100) -> 0 | AS5: =IF(OR(O6=""),"",(O6-O5)*100) -> 2500 | AT5: =IF(OR(AP5="",AQ5=""),"",AP5+AQ5+AR5+AS5) -> 5260 | AU5: =IF(OR(P6=""),"",(P6-P5)*1000) -> 3300 | AV5: =IF(OR(Q6=""),"",(Q6-Q5)*1000) -> 7500 | AW5: =IF(OR(R6=""),"",(R6-R5)*1000) -> 200 | AX5: =IF(OR(S6=""),"",(S6-S5)*1000) -> 0 | AY5: =IF(OR(T6=""),"",(T6-T5)*1000) -> 0 | AZ5: =IF(OR(AU5="",AV5="",AW5=""),"",AU5+AV5+AW5+AX5+AY5) -> 11000 | BA5: =IF(OR(U6=""),"",(U6-U5)*2000) -> 6200 | BB5: =IF(OR(V6=""),"",(V6-V5)*80) -> 200 | BC5: =IF(OR(Z5=""),"",(Z6-Z5)*40) -> 1644 | BD5: =IF(OR(BE5="",BC5=""),"",BE5-BC5-BB5-BA5-AZ5-AT5-AO5-AJ5) -> 9896 | BE5: =IF(OR(B6=""),"",(B6-B5)*10000) -> 39600 | BF5: =IF(OR(AC6=""),"",AC6-AC5) -> 77.3 | BG5: =IF(OR($AD5=0),"",BE5/$AD5) -> 0.27784599 | BH5: =IF(OR($AD5=0),"",AJ5/$AD5) -> 0.03788809 | BI5: =IF(OR($AD5=0),"",AO5/$AD5) -> 0 | BJ5: =IF(OR($AD5=0),"",AT5/$AD5) -> 0.036905806 | BK5: =IF(OR($AD5=0),"",AZ5/$AD5) -> 0.077179442 | BL5: =IF(OR($AD5=0),"",BA5/$AD5) -> 0.04350114 | BM5: =IF(OR($AD5=0),"",BB5/$AD5) -> 0.0014032626 | BN5: =IF(OR($AD5=0),"",BC5/$AD5) -> 0.011534818 | BO5: =IF(OR($AD5=0),"",BD5/$AD5) -> 0.069433433
A6: =A5+1 -> 44199 | B6: 15620.09 | C6: 85130.1 | D6: 54213.2 | E6: 55238.7 | F6: 3261.8 | G6: 107534.2 | H6: 5596.3 | I6: 2566.3 | J6: 967 | K6: 56 | L6: 86520 | M6: 61099.5 | N6: 68662.4 | O6: 98300.1 | P6: 5100.4 | Q6: 6881.4 | R6: 4177.9 | S6: 4857.2 | T6: 5879.8 | U6: 16515 | V6: 48760.6 | W6: 48789.1 | X6: 448.6 | Y6: 444.3 | Z6: =IF(OR(W6=""),"",(W6+X6+Y6)) -> 49682 | AA6: 54224.6 | AB6: 422 | AC6: =IF(OR(AA6=""),"",(AA6+AB6)) -> 54646.6 | AD6: 136835 | AE6: =IF(OR(C7=""),"",(C7-C6)*80) -> 0 | AF6: =IF(OR(D7=""),"",(D7-D6)*80) -> 1464 | AG6: =IF(OR(E7=""),"",(E7-E6)*80) -> 2480 | AH6: =IF(OR(F7=""),"",(F7-F6)*80) -> 19.2 | AI6: =IF(OR(G7=""),"",(G7-G6)*80) -> 2248 | AJ6: =IF(OR(AE6="",AF6="",AG6=""),"",AE6+AF6+AG6+AH6+AI6) -> 6211.2 | AK6: =IF(OR(H7=""),"",(H7-H6)*80) -> 0 | AL6: =IF(OR(I7=""),"",(I7-I6)*80) -> 0 | AM6: =IF(OR(J7=""),"",(J7-J6)*80) -> 0 | AN6: =IF(OR(K7=""),"",(K7-K6)*80) -> 0 | AO6: =IF(OR(AK6="",AL6=""),"",AK6+AL6+AM6+AN6) -> 0 | AP6: =IF(OR(L7=""),"",(L7-L6)*100) -> 2530 | AQ6: =IF(OR(M7=""),"",(M7-M6)*100) -> 0 | AR6: =IF(OR(N7=""),"",(N7-N6)*100) -> 0 | AS6: =IF(OR(O7=""),"",(O7-O6)*100) -> 2560 | AT6: =IF(OR(AP6="",AQ6=""),"",AP6+AQ6+AR6+AS6) -> 5090 | AU6: =IF(OR(P7=""),"",(P7-P6)*1000) -> 3100 | AV6: =IF(OR(Q7=""),"",(Q7-Q6)*1000) -> 5400 | AW6: =IF(OR(R7=""),"",(R7-R6)*1000) -> 800 | AX6: =IF(OR(S7=""),"",(S7-S6)*1000) -> 0 | AY6: =IF(OR(T7=""),"",(T7-T6)*1000) -> 400 | AZ6: =IF(OR(AU6="",AV6="",AW6=""),"",AU6+AV6+AW6+AX6+AY6) -> 9700 | BA6: =IF(OR(U7=""),"",(U7-U6)*2000) -> 6600 | BB6: =IF(OR(V7=""),"",(V7-V6)*80) -> 8 | BC6: =IF(OR(Z6=""),"",(Z7-Z6)*40) -> 1576 | BD6: =IF(OR(BE6="",BC6=""),"",BE6-BC6-BB6-BA6-AZ6-AT6-AO6-AJ6) -> 11614.8 | BE6: =IF(OR(B7=""),"",(B7-B6)*10000) -> 40800 | BF6: =IF(OR(AC7=""),"",AC7-AC6) -> 70.5 | BG6: =IF(OR($AD6=0),"",BE6/$AD6) -> 0.29816933 | BH6: =IF(OR($AD6=0),"",AJ6/$AD6) -> 0.045391895 | BI6: =IF(OR($AD6=0),"",AO6/$AD6) -> 0 | BJ6: =IF(OR($AD6=0),"",AT6/$AD6) -> 0.037198085 | BK6: =IF(OR($AD6=0),"",AZ6/$AD6) -> 0.070888296 | BL6: =IF(OR($AD6=0),"",BA6/$AD6) -> 0.048233274 | BM6: =IF(OR($AD6=0),"",BB6/$AD6) -> 5.8464574e-05 | BN6: =IF(OR($AD6=0),"",BC6/$AD6) -> 0.011517521 | BO6: =IF(OR($AD6=0),"",BD6/$AD6) -> 0.084881792
A7: =A6+1 -> 44200 | B7: 15624.17 | C7: 85130.1 | D7: 54231.5 | E7: 55269.7 | F7: 3262.04 | G7: 107562.3 | H7: 5596.3 | I7: 2566.3 | J7: 967 | K7: 56 | L7: 86545.3 | M7: 61099.5 | N7: 68662.4 | O7: 98325.7 | P7: 5103.5 | Q7: 6886.8 | R7: 4178.7 | S7: 4857.2 | T7: 5880.2 | U7: 16518.3 | V7: 48760.7 | W7: 48807.2 | X7: 460.6 | Y7: 453.6 | Z7: =IF(OR(W7=""),"",(W7+X7+Y7)) -> 49721.4 | AA7: 54269.1 | AB7: 448 | AC7: =IF(OR(AA7=""),"",(AA7+AB7)) -> 54717.1 | AD7: 153730 | AE7: =IF(OR(C8=""),"",(C8-C7)*80) -> 48 | AF7: =IF(OR(D8=""),"",(D8-D7)*80) -> 1464 | AG7: =IF(OR(E8=""),"",(E8-E7)*80) -> 1696 | AH7: =IF(OR(F8=""),"",(F8-F7)*80) -> 914.4 | AI7: =IF(OR(G8=""),"",(G8-G7)*80) -> 1952 | AJ7: =IF(OR(AE7="",AF7="",AG7=""),"",AE7+AF7+AG7+AH7+AI7) -> 6074.4 | AK7: =IF(OR(H8=""),"",(H8-H7)*80) -> 0 | AL7: =IF(OR(I8=""),"",(I8-I7)*80) -> 0 | AM7: =IF(OR(J8=""),"",(J8-J7)*80) -> 0 | AN7: =IF(OR(K8=""),"",(K8-K7)*80) -> 0 | AO7: =IF(OR(AK7="",AL7=""),"",AK7+AL7+AM7+AN7) -> 0 | AP7: =IF(OR(L8=""),"",(L8-L7)*100) -> 1470 | AQ7: =IF(OR(M8=""),"",(M8-M7)*100) -> 2330 | AR7: =IF(OR(N8=""),"",(N8-N7)*100) -> 50 | AS7: =IF(OR(O8=""),"",(O8-O7)*100) -> 2570 | AT7: =IF(OR(AP7="",AQ7=""),"",AP7+AQ7+AR7+AS7) -> 6420 | AU7: =IF(OR(P8=""),"",(P8-P7)*1000) -> 3600 | AV7: =IF(OR(Q8=""),"",(Q8-Q7)*1000) -> 7200 | AW7: =IF(OR(R8=""),"",(R8-R7)*1000) -> 100 | AX7: =IF(OR(S8=""),"",(S8-S7)*1000) -> 0 | AY7: =IF(OR(T8=""),"",(T8-T7)*1000) -> 700 | AZ7: =IF(OR(AU7="",AV7="",AW7=""),"",AU7+AV7+AW7+AX7+AY7) -> 11600 | BA7: =IF(OR(U8=""),"",(U8-U7)*2000) -> 8400 | BB7: =IF(OR(V8=""),"",(V8-V7)*80) -> 8 | BC7: =IF(OR(Z7=""),"",(Z8-Z7)*40) -> 1508 | BD7: =IF(OR(BE7="",BC7=""),"",BE7-BC7-BB7-BA7-AZ7-AT7-AO7-AJ7) -> 9189.6 | BE7: =IF(OR(B8=""),"",(B8-B7)*10000) -> 43200 | BF7: =IF(OR(AC8=""),"",AC8-AC7) -> 47.8 | BG7: =IF(OR($AD7=0),"",BE7/$AD7) -> 0.28101216 | BH7: =IF(OR($AD7=0),"",AJ7/$AD7) -> 0.039513433 | BI7: =IF(OR($AD7=0),"",AO7/$AD7) -> 0 | BJ7: =IF(OR($AD7=0),"",AT7/$AD7) -> 0.04176153 | BK7: =IF(OR($AD7=0),"",AZ7/$AD7) -> 0.07545697 | BL7: =IF(OR($AD7=0),"",BA7/$AD7) -> 0.054641254 | BM7: =IF(OR($AD7=0),"",BB7/$AD7) -> 5.203929e-05 | BN7: =IF(OR($AD7=0),"",BC7/$AD7) -> 0.0098094061 | BO7: =IF(OR($AD7=0),"",BD7/$AD7) -> 0.059777532
A8: =A7+1 -> 44201 | B8: 15628.49 | C8: 85130.7 | D8: 54249.8 | E8: 55290.9 | F8: 3273.47 | G8: 107586.7 | H8: 5596.3 | I8: 2566.3 | J8: 967 | K8: 56 | L8: 86560 | M8: 61122.8 | N8: 68662.9 | O8: 98351.4 | P8: 5107.1 | Q8: 6894 | R8: 4178.8 | S8: 4857.2 | T8: 5880.9 | U8: 16522.5 | V8: 48760.8 | W8: 48824.7 | X8: 472 | Y8: 462.4 | Z8: =IF(OR(W8=""),"",(W8+X8+Y8)) -> 49759.1 | AA8: 54311.5 | AB8: 453.4 | AC8: =IF(OR(AA8=""),"",(AA8+AB8)) -> 54764.9 | AD8: 139358 | AE8: =IF(OR(C9=""),"",(C9-C8)*80) -> 0 | AF8: =IF(OR(D9=""),"",(D9-D8)*80) -> 0 | AG8: =IF(OR(E9=""),"",(E9-E8)*80) -> 2920 | AH8: =IF(OR(F9=""),"",(F9-F8)*80) -> 4.8 | AI8: =IF(OR(G9=""),"",(G9-G8)*80) -> 2488 | AJ8: =IF(OR(AE8="",AF8="",AG8=""),"",AE8+AF8+AG8+AH8+AI8) -> 5412.8 | AK8: =IF(OR(H9=""),"",(H9-H8)*80) -> 0 | AL8: =IF(OR(I9=""),"",(I9-I8)*80) -> 0 | AM8: =IF(OR(J9=""),"",(J9-J8)*80) -> 0 | AN8: =IF(OR(K9=""),"",(K9-K8)*80) -> 0 | AO8: =IF(OR(AK8="",AL8=""),"",AK8+AL8+AM8+AN8) -> 0 | AP8: =IF(OR(L9=""),"",(L9-L8)*100) -> 2490 | AQ8: =IF(OR(M9=""),"",(M9-M8)*100) -> 0 | AR8: =IF(OR(N9=""),"",(N9-N8)*100) -> 80 | AS8: =IF(OR(O9=""),"",(O9-O8)*100) -> 2420 | AT8: =IF(OR(AP8="",AQ8=""),"",AP8+AQ8+AR8+AS8) -> 4990 | AU8: =IF(OR(P9=""),"",(P9-P8)*1000) -> 3600 | AV8: =IF(OR(Q9=""),"",(Q9-Q8)*1000) -> 7000 | AW8: =IF(OR(R9=""),"",(R9-R8)*1000) -> 0 | AX8: =IF(OR(S9=""),"",(S9-S8)*1000) -> 0 | AY8: =IF(OR(T9=""),"",(T9-T8)*1000) -> 0 | AZ8: =IF(OR(AU8="",AV8="",AW8=""),"",AU8+AV8+AW8+AX8+AY8) -> 10600 | BA8: =IF(OR(U9=""),"",(U9-U8)*2000) -> 7200 | BB8: =IF(OR(V9=""),"",(V9-V8)*80) -> 8 | BC8: =IF(OR(Z8=""),"",(Z9-Z8)*40) -> 1532 | BD8: =IF(OR(BE8="",BC8=""),"",BE8-BC8-BB8-BA8-AZ8-AT8-AO8-AJ8) -> 10757.2 | BE8: =IF(OR(B9=""),"",(B9-B8)*10000) -> 40500 | BF8: =IF(OR(AC9=""),"",AC9-AC8) -> 49 | BG8: =IF(OR($AD8=0),"",BE8/$AD8) -> 0.29061841 | BH8: =IF(OR($AD8=0),"",AJ8/$AD8) -> 0.038840971 | BI8: =IF(OR($AD8=0),"",AO8/$AD8) -> 0 | BJ8: =IF(OR($AD8=0),"",AT8/$AD8) -> 0.035807058 | BK8: =IF(OR($AD8=0),"",AZ8/$AD8) -> 0.076063089 | BL8: =IF(OR($AD8=0),"",BA8/$AD8) -> 0.051665495 | BM8: =IF(OR($AD8=0),"",BB8/$AD8) -> 5.7406105e-05 | BN8: =IF(OR($AD8=0),"",BC8/$AD8) -> 0.010993269 | BO8: =IF(OR($AD8=0),"",BD8/$AD8) -> 0.077191119
A9: =A8+1 -> 44202 | B9: 15632.54 | C9: 85130.7 | D9: 54249.8 | E9: 55327.4 | F9: 3273.53 | G9: 107617.8 | H9: 5596.3 | I9: 2566.3 | J9: 967 | K9: 56 | L9: 86584.9 | M9: 61122.8 | N9: 68663.7 | O9: 98375.6 | P9: 5110.7 | Q9: 6901 | R9: 4178.8 | S9: 4857.2 | T9: 5880.9 | U9: 16526.1 | V9: 48760.9 | W9: 48842.3 | X9: 483.7 | Y9: 471.4 | Z9: =IF(OR(W9=""),"",(W9+X9+Y9)) -> 49797.4 | AA9: 54354.8 | AB9: 459.1 | AC9: =IF(OR(AA9=""),"",(AA9+AB9)) -> 54813.9 | AD9: 145477 | AE9: =IF(OR(C10=""),"",(C10-C9)*80) -> 0 | AF9: =IF(OR(D10=""),"",(D10-D9)*80) -> 768 | AG9: =IF(OR(E10=""),"",(E10-E9)*80) -> 2856 | AH9: =IF(OR(F10=""),"",(F10-F9)*80) -> 4.8 | AI9: =IF(OR(G10=""),"",(G10-G9)*80) -> 2384 | AJ9: =IF(OR(AE9="",AF9="",AG9=""),"",AE9+AF9+AG9+AH9+AI9) -> 6012.8 | AK9: =IF(OR(H10=""),"",(H10-H9)*80) -> 0 | AL9: =IF(OR(I10=""),"",(I10-I9)*80) -> 0 | AM9: =IF(OR(J10=""),"",(J10-J9)*80) -> 0 | AN9: =IF(OR(K10=""),"",(K10-K9)*80) -> 0 | AO9: =IF(OR(AK9="",AL9=""),"",AK9+AL9+AM9+AN9) -> 0 | AP9: =IF(OR(L10=""),"",(L10-L9)*100) -> 2260 | AQ9: =IF(OR(M10=""),"",(M10-M9)*100) -> 0 | AR9: =IF(OR(N10=""),"",(N10-N9)*100) -> 800 | AS9: =IF(OR(O10=""),"",(O10-O9)*100) -> 2420 | AT9: =IF(OR(AP9="",AQ9=""),"",AP9+AQ9+AR9+AS9) -> 5480 | AU9: =IF(OR(P10=""),"",(P10-P9)*1000) -> 3700 | AV9: =IF(OR(Q10=""),"",(Q10-Q9)*1000) -> 6600 | AW9: =IF(OR(R10=""),"",(R10-R9)*1000) -> 300 | AX9: =IF(OR(S10=""),"",(S10-S9)*1000) -> 0 | AY9: =IF(OR(T10=""),"",(T10-T9)*1000) -> 0 | AZ9: =IF(OR(AU9="",AV9="",AW9=""),"",AU9+AV9+AW9+AX9+AY9) -> 10600 | BA9: =IF(OR(U10=""),"",(U10-U9)*2000) -> 7400 | BB9: =IF(OR(V10=""),"",(V10-V9)*80) -> 8 | BC9: =IF(OR(Z9=""),"",(Z10-Z9)*40) -> 1512 | BD9: =IF(OR(BE9="",BC9=""),"",BE9-BC9-BB9-BA9-AZ9-AT9-AO9-AJ9) -> 11287.2 | BE9: =IF(OR(B10=""),"",(B10-B9)*10000) -> 42300 | BF9: =IF(OR(AC10=""),"",AC10-AC9) -> 49.3 | BG9: =IF(OR($AD9=0),"",BE9/$AD9) -> 0.29076761 | BH9: =IF(OR($AD9=0),"",AJ9/$AD9) -> 0.041331619 | BI9: =IF(OR($AD9=0),"",AO9/$AD9) -> 0 | BJ9: =IF(OR($AD9=0),"",AT9/$AD9) -> 0.037669185 | BK9: =IF(OR($AD9=0),"",AZ9/$AD9) -> 0.072863752 | BL9: =IF(OR($AD9=0),"",BA9/$AD9) -> 0.050867147 | BM9: =IF(OR($AD9=0),"",BB9/$AD9) -> 5.4991511e-05 | BN9: =IF(OR($AD9=0),"",BC9/$AD9) -> 0.010393396 | BO9: =IF(OR($AD9=0),"",BD9/$AD9) -> 0.077587522
A10: =A9+1 -> 44203 | B10: 15636.77 | C10: 85130.7 | D10: 54259.4 | E10: 55363.1 | F10: 3273.59 | G10: 107647.6 | H10: 5596.3 | I10: 2566.3 | J10: 967 | K10: 56 | L10: 86607.5 | M10: 61122.8 | N10: 68671.7 | O10: 98399.8 | P10: 5114.4 | Q10: 6907.6 | R10: 4179.1 | S10: 4857.2 | T10: 5880.9 | U10: 16529.8 | V10: 48761 | W10: 48859.9 | X10: 495.4 | Y10: 479.9 | Z10: =IF(OR(W10=""),"",(W10+X10+Y10)) -> 49835.2 | AA10: 54398.4 | AB10: 464.8 | AC10: =IF(OR(AA10=""),"",(AA10+AB10)) -> 54863.2 | AD10: 142455 | AE10: =IF(OR(C11=""),"",(C11-C10)*80) -> 0 | AF10: =IF(OR(D11=""),"",(D11-D10)*80) -> 248 | AG10: =IF(OR(E11=""),"",(E11-E10)*80) -> 2928 | AH10: =IF(OR(F11=""),"",(F11-F10)*80) -> 4 | AI10: =IF(OR(G11=""),"",(G11-G10)*80) -> 2728 | AJ10: =IF(OR(AE10="",AF10="",AG10=""),"",AE10+AF10+AG10+AH10+AI10) -> 5908 | AK10: =IF(OR(H11=""),"",(H11-H10)*80) -> 0 | AL10: =IF(OR(I11=""),"",(I11-I10)*80) -> 0 | AM10: =IF(OR(J11=""),"",(J11-J10)*80) -> 0 | AN10: =IF(OR(K11=""),"",(K11-K10)*80) -> 0 | AO10: =IF(OR(AK10="",AL10=""),"",AK10+AL10+AM10+AN10) -> 0 | AP10: =IF(OR(L11=""),"",(L11-L10)*100) -> 1890 | AQ10: =IF(OR(M11=""),"",(M11-M10)*100) -> 10 | AR10: =IF(OR(N11=""),"",(N11-N10)*100) -> 860 | AS10: =IF(OR(O11=""),"",(O11-O10)*100) -> 2330 | AT10: =IF(OR(AP10="",AQ10=""),"",AP10+AQ10+AR10+AS10) -> 5090 | AU10: =IF(OR(P11=""),"",(P11-P10)*1000) -> 3800 | AV10: =IF(OR(Q11=""),"",(Q11-Q10)*1000) -> 6100 | AW10: =IF(OR(R11=""),"",(R11-R10)*1000) -> 1000 | AX10: =IF(OR(S11=""),"",(S11-S10)*1000) -> 0 | AY10: =IF(OR(T11=""),"",(T11-T10)*1000) -> 0 | AZ10: =IF(OR(AU10="",AV10="",AW10=""),"",AU10+AV10+AW10+AX10+AY10) -> 10900 | BA10: =IF(OR(U11=""),"",(U11-U10)*2000) -> 5800 | BB10: =IF(OR(V11=""),"",(V11-V10)*80) -> 8 | BC10: =IF(OR(Z10=""),"",(Z11-Z10)*40) -> 1836 | BD10: =IF(OR(BE10="",BC10=""),"",BE10-BC10-BB10-BA10-AZ10-AT10-AO10-AJ10) -> 13558 | BE10: =IF(OR(B11=""),"",(B11-B10)*10000) -> 43100 | BF10: =IF(OR(AC11=""),"",AC11-AC10) -> 51 | BG10: =IF(OR($AD10=0),"",BE10/$AD10) -> 0.30255168 | BH10: =IF(OR($AD10=0),"",AJ10/$AD10) -> 0.041472746 | BI10: =IF(OR($AD10=0),"",AO10/$AD10) -> 0 | BJ10: =IF(OR($AD10=0),"",AT10/$AD10) -> 0.035730582 | BK10: =IF(OR($AD10=0),"",AZ10/$AD10) -> 0.076515391 | BL10: =IF(OR($AD10=0),"",BA10/$AD10) -> 0.040714612 | BM10: =IF(OR($AD10=0),"",BB10/$AD10) -> 5.6158085e-05 | BN10: =IF(OR($AD10=0),"",BC10/$AD10) -> 0.012888281 | BO10: =IF(OR($AD10=0),"",BD10/$AD10) -> 0.095173915
A11: =A10+1 -> 44204 | B11: 15641.08 | C11: 85130.7 | D11: 54262.5 | E11: 55399.7 | F11: 3273.64 | G11: 107681.7 | H11: 5596.3 | I11: 2566.3 | J11: 967 | K11: 56 | L11: 86626.4 | M11: 61122.9 | N11: 68680.3 | O11: 98423.1 | P11: 5118.2 | Q11: 6913.7 | R11: 4180.1 | S11: 4857.2 | T11: 5880.9 | U11: 16532.7 | V11: 48761.1 | W11: 48878.3 | X11: 510.2 | Y11: 492.6 | Z11: =IF(OR(W11=""),"",(W11+X11+Y11)) -> 49881.1 | AA11: 54446 | AB11: 468.2 | AC11: =IF(OR(AA11=""),"",(AA11+AB11)) -> 54914.2 | AD11: 137542 | AE11: =IF(OR(C12=""),"",(C12-C11)*80) -> 0 | AF11: =IF(OR(D12=""),"",(D12-D11)*80) -> 0 | AG11: =IF(OR(E12=""),"",(E12-E11)*80) -> 2992 | AH11: =IF(OR(F12=""),"",(F12-F11)*80) -> 4.8 | AI11: =IF(OR(G12=""),"",(G12-G11)*80) -> 2624 | AJ11: =IF(OR(AE11="",AF11="",AG11=""),"",AE11+AF11+AG11+AH11+AI11) -> 5620.8 | AK11: =IF(OR(H12=""),"",(H12-H11)*80) -> 0 | AL11: =IF(OR(I12=""),"",(I12-I11)*80) -> 0 | AM11: =IF(OR(J12=""),"",(J12-J11)*80) -> 0 | AN11: =IF(OR(K12=""),"",(K12-K11)*80) -> 0 | AO11: =IF(OR(AK11="",AL11=""),"",AK11+AL11+AM11+AN11) -> 0 | AP11: =IF(OR(L12=""),"",(L12-L11)*100) -> 2560 | AQ11: =IF(OR(M12=""),"",(M12-M11)*100) -> 0 | AR11: =IF(OR(N12=""),"",(N12-N11)*100) -> 0 | AS11: =IF(OR(O12=""),"",(O12-O11)*100) -> 2340 | AT11: =IF(OR(AP11="",AQ11=""),"",AP11+AQ11+AR11+AS11) -> 4900 | AU11: =IF(OR(P12=""),"",(P12-P11)*1000) -> 2700 | AV11: =IF(OR(Q12=""),"",(Q12-Q11)*1000) -> 3100 | AW11: =IF(OR(R12=""),"",(R12-R11)*1000) -> 3400 | AX11: =IF(OR(S12=""),"",(S12-S11)*1000) -> 0 | AY11: =IF(OR(T12=""),"",(T12-T11)*1000) -> 0 | AZ11: =IF(OR(AU11="",AV11="",AW11=""),"",AU11+AV11+AW11+AX11+AY11) -> 9200 | BA11: =IF(OR(U12=""),"",(U12-U11)*2000) -> 5000 | BB11: =IF(OR(V12=""),"",(V12-V11)*80) -> 8 | BC11: =IF(OR(Z11=""),"",(Z12-Z11)*40) -> 1480 | BD11: =IF(OR(BE11="",BC11=""),"",BE11-BC11-BB11-BA11-AZ11-AT11-AO11-AJ11) -> 15991.2 | BE11: =IF(OR(B12=""),"",(B12-B11)*10000) -> 42200 | BF11: =IF(OR(AC12=""),"",AC12-AC11) -> 49.7 | BG11: =IF(OR($AD11=0),"",BE11/$AD11) -> 0.30681537 | BH11: =IF(OR($AD11=0),"",AJ11/$AD11) -> 0.040866063 | BI11: =IF(OR($AD11=0),"",AO11/$AD11) -> 0 | BJ11: =IF(OR($AD11=0),"",AT11/$AD11) -> 0.035625482 | BK11: =IF(OR($AD11=0),"",AZ11/$AD11) -> 0.066888659 | BL11: =IF(OR($AD11=0),"",BA11/$AD11) -> 0.036352532 | BM11: =IF(OR($AD11=0),"",BB11/$AD11) -> 5.8164052e-05 | BN11: =IF(OR($AD11=0),"",BC11/$AD11) -> 0.01076035 | BO11: =IF(OR($AD11=0),"",BD11/$AD11) -> 0.11626412
A12: =A11+1 -> 44205 | B12: 15645.3 | C12: 85130.7 | D12: 54262.5 | E12: 55437.1 | F12: 3273.7 | G12: 107714.5 | H12: 5596.3 | I12: 2566.3 | J12: 967 | K12: 56 | L12: 86652 | M12: 61122.9 | N12: 68680.3 | O12: 98446.5 | P12: 5120.9 | Q12: 6916.8 | R12: 4183.5 | S12: 4857.2 | T12: 5880.9 | U12: 16535.2 | V12: 48761.2 | W12: 48896 | X12: 521.1 | Y12: 501 | Z12: =IF(OR(W12=""),"",(W12+X12+Y12)) -> 49918.1 | AA12: 54493.7 | AB12: 470.2 | AC12: =IF(OR(AA12=""),"",(AA12+AB12)) -> 54963.9 | AD12: 144271 | AE12: =IF(OR(C13=""),"",(C13-C12)*80) -> 0 | AF12: =IF(OR(D13=""),"",(D13-D12)*80) -> 0 | AG12: =IF(OR(E13=""),"",(E13-E12)*80) -> 3760 | AH12: =IF(OR(F13=""),"",(F13-F12)*80) -> 4 | AI12: =IF(OR(G13=""),"",(G13-G12)*80) -> 2760 | AJ12: =IF(OR(AE12="",AF12="",AG12=""),"",AE12+AF12+AG12+AH12+AI12) -> 6524 | AK12: =IF(OR(H13=""),"",(H13-H12)*80) -> 0 | AL12: =IF(OR(I13=""),"",(I13-I12)*80) -> 0 | AM12: =IF(OR(J13=""),"",(J13-J12)*80) -> 0 | AN12: =IF(OR(K13=""),"",(K13-K12)*80) -> 0 | AO12: =IF(OR(AK12="",AL12=""),"",AK12+AL12+AM12+AN12) -> 0 | AP12: =IF(OR(L13=""),"",(L13-L12)*100) -> 2860 | AQ12: =IF(OR(M13=""),"",(M13-M12)*100) -> 10 | AR12: =IF(OR(N13=""),"",(N13-N12)*100) -> 0 | AS12: =IF(OR(O13=""),"",(O13-O12)*100) -> 2350 | AT12: =IF(OR(AP12="",AQ12=""),"",AP12+AQ12+AR12+AS12) -> 5220 | AU12: =IF(OR(P13=""),"",(P13-P12)*1000) -> 3700 | AV12: =IF(OR(Q13=""),"",(Q13-Q12)*1000) -> 0 | AW12: =IF(OR(R13=""),"",(R13-R12)*1000) -> 4500 | AX12: =IF(OR(S13=""),"",(S13-S12)*1000) -> 0 | AY12: =IF(OR(T13=""),"",(T13-T12)*1000) -> 0 | AZ12: =IF(OR(AU12="",AV12="",AW12=""),"",AU12+AV12+AW12+AX12+AY12) -> 8200 | BA12: =IF(OR(U13=""),"",(U13-U12)*2000) -> 5400 | BB12: =IF(OR(V13=""),"",(V13-V12)*80) -> 8 | BC12: =IF(OR(Z12=""),"",(Z13-Z12)*40) -> 1528 | BD12: =IF(OR(BE12="",BC12=""),"",BE12-BC12-BB12-BA12-AZ12-AT12-AO12-AJ12) -> 17720 | BE12: =IF(OR(B13=""),"",(B13-B12)*10000) -> 44600 | BF12: =IF(OR(AC13=""),"",AC13-AC12) -> 297.7 | BG12: =IF(OR($AD12=0),"",BE12/$AD12) -> 0.30914044 | BH12: =IF(OR($AD12=0),"",AJ12/$AD12) -> 0.045220453 | BI12: =IF(OR($AD12=0),"",AO12/$AD12) -> 0 | BJ12: =IF(OR($AD12=0),"",AT12/$AD12) -> 0.036181908 | BK12: =IF(OR($AD12=0),"",AZ12/$AD12) -> 0.056837479 | BL12: =IF(OR($AD12=0),"",BA12/$AD12) -> 0.03742956 | BM12: =IF(OR($AD12=0),"",BB12/$AD12) -> 5.5451199e-05 | BN12: =IF(OR($AD12=0),"",BC12/$AD12) -> 0.010591179 | BO12: =IF(OR($AD12=0),"",BD12/$AD12) -> 0.12282441
A13: =A12+1 -> 44206 | B13: 15649.76 | C13: 85130.7 | D13: 54262.5 | E13: 55484.1 | F13: 3273.75 | G13: 107749 | H13: 5596.3 | I13: 2566.3 | J13: 967 | K13: 56 | L13: 86680.6 | M13: 61123 | N13: 68680.3 | O13: 98470 | P13: 5124.6 | Q13: 6916.8 | R13: 4188 | S13: 4857.2 | T13: 5880.9 | U13: 16537.9 | V13: 48761.3 | W13: 48913.8 | X13: 532.9 | Y13: 509.6 | Z13: =IF(OR(W13=""),"",(W13+X13+Y13)) -> 49956.3 | AA13: 54540.6 | AB13: 721 | AC13: =IF(OR(AA13=""),"",(AA13+AB13)) -> 55261.6 | AD13: 145387 | AE13: =IF(OR(C14=""),"",(C14-C13)*80) -> 0 | AF13: =IF(OR(D14=""),"",(D14-D13)*80) -> 0 | AG13: =IF(OR(E14=""),"",(E14-E13)*80) -> 3360 | AH13: =IF(OR(F14=""),"",(F14-F13)*80) -> 4.8 | AI13: =IF(OR(G14=""),"",(G14-G13)*80) -> 2688 | AJ13: =IF(OR(AE13="",AF13="",AG13=""),"",AE13+AF13+AG13+AH13+AI13) -> 6052.8 | AK13: =IF(OR(H14=""),"",(H14-H13)*80) -> 0 | AL13: =IF(OR(I14=""),"",(I14-I13)*80) -> 0 | AM13: =IF(OR(J14=""),"",(J14-J13)*80) -> 0 | AN13: =IF(OR(K14=""),"",(K14-K13)*80) -> 0 | AO13: =IF(OR(AK13="",AL13=""),"",AK13+AL13+AM13+AN13) -> 0 | AP13: =IF(OR(L14=""),"",(L14-L13)*100) -> 3020 | AQ13: =IF(OR(M14=""),"",(M14-M13)*100) -> 10 | AR13: =IF(OR(N14=""),"",(N14-N13)*100) -> 140 | AS13: =IF(OR(O14=""),"",(O14-O13)*100) -> 2430 | AT13: =IF(OR(AP13="",AQ13=""),"",AP13+AQ13+AR13+AS13) -> 5600 | AU13: =IF(OR(P14=""),"",(P14-P13)*1000) -> 3500 | AV13: =IF(OR(Q14=""),"",(Q14-Q13)*1000) -> 0 | AW13: =IF(OR(R14=""),"",(R14-R13)*1000) -> 4400 | AX13: =IF(OR(S14=""),"",(S14-S13)*1000) -> 0 | AY13: =IF(OR(T14=""),"",(T14-T13)*1000) -> 0 | AZ13: =IF(OR(AU13="",AV13="",AW13=""),"",AU13+AV13+AW13+AX13+AY13) -> 7900 | BA13: =IF(OR(U14=""),"",(U14-U13)*2000) -> 6800 | BB13: =IF(OR(V14=""),"",(V14-V13)*80) -> 8 | BC13: =IF(OR(Z13=""),"",(Z14-Z13)*40) -> 1540 | BD13: =IF(OR(BE13="",BC13=""),"",BE13-BC13-BB13-BA13-AZ13-AT13-AO13-AJ13) -> 16699.2 | BE13: =IF(OR(B14=""),"",(B14-B13)*10000) -> 44600 | BF13: =IF(OR(AC14=""),"",AC14-AC13) -> 69.7 | BG13: =IF(OR($AD13=0),"",BE13/$AD13) -> 0.30676746 | BH13: =IF(OR($AD13=0),"",AJ13/$AD13) -> 0.041632333 | BI13: =IF(OR($AD13=0),"",AO13/$AD13) -> 0 | BJ13: =IF(OR($AD13=0),"",AT13/$AD13) -> 0.038517887 | BK13: =IF(OR($AD13=0),"",AZ13/$AD13) -> 0.054337733 | BL13: =IF(OR($AD13=0),"",BA13/$AD13) -> 0.04677172 | BM13: =IF(OR($AD13=0),"",BB13/$AD13) -> 5.5025552e-05 | BN13: =IF(OR($AD13=0),"",BC13/$AD13) -> 0.010592419 | BO13: =IF(OR($AD13=0),"",BD13/$AD13) -> 0.11486034
A14: =A13+1 -> 44207 | B14: 15654.22 | C14: 85130.7 | D14: 54262.5 | E14: 55526.1 | F14: 3273.81 | G14: 107782.6 | H14: 5596.3 | I14: 2566.3 | J14: 967 | K14: 56 | L14: 86710.8 | M14: 61123.1 | N14: 68681.7 | O14: 98494.3 | P14: 5128.1 | Q14: 6916.8 | R14: 4192.4 | S14: 4857.2 | T14: 5880.9 | U14: 16541.3 | V14: 48761.4 | W14: 48931.6 | X14: 544.7 | Y14: 518.5 | Z14: =IF(OR(W14=""),"",(W14+X14+Y14)) -> 49994.8 | AA14: 54590.3 | AB14: 741 | AC14: =IF(OR(AA14=""),"",(AA14+AB14)) -> 55331.3 | AD14: 140326 | AE14: =IF(OR(C15=""),"",(C15-C14)*80) -> 0 | AF14: =IF(OR(D15=""),"",(D15-D14)*80) -> 0 | AG14: =IF(OR(E15=""),"",(E15-E14)*80) -> 2496 | AH14: =IF(OR(F15=""),"",(F15-F14)*80) -> -0.8 | AI14: =IF(OR(G15=""),"",(G15-G14)*80) -> 2608 | AJ14: =IF(OR(AE14="",AF14="",AG14=""),"",AE14+AF14+AG14+AH14+AI14) -> 5103.2 | AK14: =IF(OR(H15=""),"",(H15-H14)*80) -> 0 | AL14: =IF(OR(I15=""),"",(I15-I14)*80) -> 0 | AM14: =IF(OR(J15=""),"",(J15-J14)*80) -> 0 | AN14: =IF(OR(K15=""),"",(K15-K14)*80) -> 0 | AO14: =IF(OR(AK14="",AL14=""),"",AK14+AL14+AM14+AN14) -> 0 | AP14: =IF(OR(L15=""),"",(L15-L14)*100) -> 2230 | AQ14: =IF(OR(M15=""),"",(M15-M14)*100) -> 0 | AR14: =IF(OR(N15=""),"",(N15-N14)*100) -> 570 | AS14: =IF(OR(O15=""),"",(O15-O14)*100) -> 2310 | AT14: =IF(OR(AP14="",AQ14=""),"",AP14+AQ14+AR14+AS14) -> 5110 | AU14: =IF(OR(P15=""),"",(P15-P14)*1000) -> 3600 | AV14: =IF(OR(Q15=""),"",(Q15-Q14)*1000) -> 0 | AW14: =IF(OR(R15=""),"",(R15-R14)*1000) -> 4400 | AX14: =IF(OR(S15=""),"",(S15-S14)*1000) -> 0 | AY14: =IF(OR(T15=""),"",(T15-T14)*1000) -> 0 | AZ14: =IF(OR(AU14="",AV14="",AW14=""),"",AU14+AV14+AW14+AX14+AY14) -> 8000 | BA14: =IF(OR(U15=""),"",(U15-U14)*2000) -> 6800 | BB14: =IF(OR(V15=""),"",(V15-V14)*80) -> 0 | BC14: =IF(OR(Z14=""),"",(Z15-Z14)*40) -> 1564 | BD14: =IF(OR(BE14="",BC14=""),"",BE14-BC14-BB14-BA14-AZ14-AT14-AO14-AJ14) -> 19322.8 | BE14: =IF(OR(B15=""),"",(B15-B14)*10000) -> 45900 | BF14: =IF(OR(AC15=""),"",AC15-AC14) -> 84.9 | BG14: =IF(OR($AD14=0),"",BE14/$AD14) -> 0.32709548 | BH14: =IF(OR($AD14=0),"",AJ14/$AD14) -> 0.036366746 | BI14: =IF(OR($AD14=0),"",AO14/$AD14) -> 0 | BJ14: =IF(OR($AD14=0),"",AT14/$AD14) -> 0.036415205 | BK14: =IF(OR($AD14=0),"",AZ14/$AD14) -> 0.057010105 | BL14: =IF(OR($AD14=0),"",BA14/$AD14) -> 0.048458589 | BM14: =IF(OR($AD14=0),"",BB14/$AD14) -> 0 | BN14: =IF(OR($AD14=0),"",BC14/$AD14) -> 0.011145476 | BO14: =IF(OR($AD14=0),"",BD14/$AD14) -> 0.13769936
A15: =A14+1 -> 44208 | B15: 15658.81 | C15: 85130.7 | D15: 54262.5 | E15: 55557.3 | F15: 3273.8 | G15: 107815.2 | H15: 5596.3 | I15: 2566.3 | J15: 967 | K15: 56 | L15: 86733.1 | M15: 61123.1 | N15: 68687.4 | O15: 98517.4 | P15: 5131.7 | Q15: 6916.8 | R15: 4196.8 | S15: 4857.2 | T15: 5880.9 | U15: 16544.7 | V15: 48761.4 | W15: 48949.6 | X15: 556.5 | Y15: 527.8 | Z15: =IF(OR(W15=""),"",(W15+X15+Y15)) -> 50033.9 | AA15: 54640 | AB15: 776.2 | AC15: =IF(OR(AA15=""),"",(AA15+AB15)) -> 55416.2 | AD15: 141186 | AE15: =IF(OR(C16=""),"",(C16-C15)*80) -> 0 | AF15: =IF(OR(D16=""),"",(D16-D15)*80) -> 2912 | AG15: =IF(OR(E16=""),"",(E16-E15)*80) -> 2144 | AH15: =IF(OR(F16=""),"",(F16-F15)*80) -> 9.6 | AI15: =IF(OR(G16=""),"",(G16-G15)*80) -> 2432 | AJ15: =IF(OR(AE15="",AF15="",AG15=""),"",AE15+AF15+AG15+AH15+AI15) -> 7497.6 | AK15: =IF(OR(H16=""),"",(H16-H15)*80) -> 0 | AL15: =IF(OR(I16=""),"",(I16-I15)*80) -> 0 | AM15: =IF(OR(J16=""),"",(J16-J15)*80) -> 0 | AN15: =IF(OR(K16=""),"",(K16-K15)*80) -> 0 | AO15: =IF(OR(AK15="",AL15=""),"",AK15+AL15+AM15+AN15) -> 0 | AP15: =IF(OR(L16=""),"",(L16-L15)*100) -> 2430 | AQ15: =IF(OR(M16=""),"",(M16-M15)*100) -> 0 | AR15: =IF(OR(N16=""),"",(N16-N15)*100) -> 2150 | AS15: =IF(OR(O16=""),"",(O16-O15)*100) -> 760 | AT15: =IF(OR(AP15="",AQ15=""),"",AP15+AQ15+AR15+AS15) -> 5340 | AU15: =IF(OR(P16=""),"",(P16-P15)*1000) -> 3900 | AV15: =IF(OR(Q16=""),"",(Q16-Q15)*1000) -> 0 | AW15: =IF(OR(R16=""),"",(R16-R15)*1000) -> 4300 | AX15: =IF(OR(S16=""),"",(S16-S15)*1000) -> 0 | AY15: =IF(OR(T16=""),"",(T16-T15)*1000) -> 300 | AZ15: =IF(OR(AU15="",AV15="",AW15=""),"",AU15+AV15+AW15+AX15+AY15) -> 8500 | BA15: =IF(OR(U16=""),"",(U16-U15)*2000) -> 7000 | BB15: =IF(OR(V16=""),"",(V16-V15)*80) -> 16 | BC15: =IF(OR(Z15=""),"",(Z16-Z15)*40) -> 1564 | BD15: =IF(OR(BE15="",BC15=""),"",BE15-BC15-BB15-BA15-AZ15-AT15-AO15-AJ15) -> 16982.4 | BE15: =IF(OR(B16=""),"",(B16-B15)*10000) -> 46900 | BF15: =IF(OR(AC16=""),"",AC16-AC15) -> 51.8 | BG15: =IF(OR($AD15=0),"",BE15/$AD15) -> 0.33218591 | BH15: =IF(OR($AD15=0),"",AJ15/$AD15) -> 0.053104415 | BI15: =IF(OR($AD15=0),"",AO15/$AD15) -> 0 | BJ15: =IF(OR($AD15=0),"",AT15/$AD15) -> 0.037822447 | BK15: =IF(OR($AD15=0),"",AZ15/$AD15) -> 0.06020427 | BL15: =IF(OR($AD15=0),"",BA15/$AD15) -> 0.049579987 | BM15: =IF(OR($AD15=0),"",BB15/$AD15) -> 0.00011332568 | BN15: =IF(OR($AD15=0),"",BC15/$AD15) -> 0.011077586 | BO15: =IF(OR($AD15=0),"",BD15/$AD15) -> 0.12028388
A16: =A15+1 -> 44209 | B16: 15663.5 | C16: 85130.7 | D16: 54298.9 | E16: 55584.1 | F16: 3273.92 | G16: 107845.6 | H16: 5596.3 | I16: 2566.3 | J16: 967 | K16: 56 | L16: 86757.4 | M16: 61123.1 | N16: 68708.9 | O16: 98525 | P16: 5135.6 | Q16: 6916.8 | R16: 4201.1 | S16: 4857.2 | T16: 5881.2 | U16: 16548.2 | V16: 48761.6 | W16: 48967.3 | X16: 568.3 | Y16: 537.4 | Z16: =IF(OR(W16=""),"",(W16+X16+Y16)) -> 50073 | AA16: 54689.7 | AB16: 778.3 | AC16: =IF(OR(AA16=""),"",(AA16+AB16)) -> 55468 | AD16: 143369 | AE16: =IF(OR(C17=""),"",(C17-C16)*80) -> 0 | AF16: =IF(OR(D17=""),"",(D17-D16)*80) -> 1448 | AG16: =IF(OR(E17=""),"",(E17-E16)*80) -> 2480 | AH16: =IF(OR(F17=""),"",(F17-F16)*80) -> 4.8 | AI16: =IF(OR(G17=""),"",(G17-G16)*80) -> 2704 | AJ16: =IF(OR(AE16="",AF16="",AG16=""),"",AE16+AF16+AG16+AH16+AI16) -> 6636.8 | AK16: =IF(OR(H17=""),"",(H17-H16)*80) -> 0 | AL16: =IF(OR(I17=""),"",(I17-I16)*80) -> 0 | AM16: =IF(OR(J17=""),"",(J17-J16)*80) -> 0 | AN16: =IF(OR(K17=""),"",(K17-K16)*80) -> 0 | AO16: =IF(OR(AK16="",AL16=""),"",AK16+AL16+AM16+AN16) -> 0 | AP16: =IF(OR(L17=""),"",(L17-L16)*100) -> 2010 | AQ16: =IF(OR(M17=""),"",(M17-M16)*100) -> 10 | AR16: =IF(OR(N17=""),"",(N17-N16)*100) -> 2910 | AS16: =IF(OR(O17=""),"",(O17-O16)*100) -> 870 | AT16: =IF(OR(AP16="",AQ16=""),"",AP16+AQ16+AR16+AS16) -> 5800 | AU16: =IF(OR(P17=""),"",(P17-P16)*1000) -> 3700 | AV16: =IF(OR(Q17=""),"",(Q17-Q16)*1000) -> 0 | AW16: =IF(OR(R17=""),"",(R17-R16)*1000) -> 200 | AX16: =IF(OR(S17=""),"",(S17-S16)*1000) -> 0 | AY16: =IF(OR(T17=""),"",(T17-T16)*1000) -> 8700 | AZ16: =IF(OR(AU16="",AV16="",AW16=""),"",AU16+AV16+AW16+AX16+AY16) -> 12600 | BA16: =IF(OR(U17=""),"",(U17-U16)*2000) -> 7000 | BB16: =IF(OR(V17=""),"",(V17-V16)*80) -> 392 | BC16: =IF(OR(Z16=""),"",(Z17-Z16)*40) -> 1524 | BD16: =IF(OR(BE16="",BC16=""),"",BE16-BC16-BB16-BA16-AZ16-AT16-AO16-AJ16) -> 11147.2 | BE16: =IF(OR(B17=""),"",(B17-B16)*10000) -> 45100 | BF16: =IF(OR(AC17=""),"",AC17-AC16) -> 67.9 | BG16: =IF(OR($AD16=0),"",BE16/$AD16) -> 0.31457289 | BH16: =IF(OR($AD16=0),"",AJ16/$AD16) -> 0.046291737 | BI16: =IF(OR($AD16=0),"",AO16/$AD16) -> 0 | BJ16: =IF(OR($AD16=0),"",AT16/$AD16) -> 0.04045505 | BK16: =IF(OR($AD16=0),"",AZ16/$AD16) -> 0.087885108 | BL16: =IF(OR($AD16=0),"",BA16/$AD16) -> 0.04882506 | BM16: =IF(OR($AD16=0),"",BB16/$AD16) -> 0.0027342033 | BN16: =IF(OR($AD16=0),"",BC16/$AD16) -> 0.010629913 | BO16: =IF(OR($AD16=0),"",BD16/$AD16) -> 0.077751815
... A34: =A33+1 -> 44227 | B34: 15748.63 | C34: 85691.6 | D34: 54553.8 | E34: 55782 | F34: 3276.9 | G34: 108316.8 | H34: 5596.3 | I34: 2566.3 | J34: 967 | K34: 56 | L34: 87075.2 | M34: 61126.4 | N34: 69122.2 | O34: 98792 | P34: 5158 | Q34: 6973.5 | R34: 4232.6 | S34: 4868 | T34: 6009 | U34: 16612.3 | V34: 48903.7 | W34: 49282.1 | X34: 780.3 | Y34: 698.6 | Z34: =IF(OR(W34=""),"",(W34+X34+Y34)) -> 50761 | AA34: 55530.2 | AB34: 1020.2 | AC34: =IF(OR(AA34=""),"",(AA34+AB34)) -> 56550.4 | AD34: 138231 | AE34: =IF(OR(C35=""),"",(C35-C34)*80) -> 3872 | AF34: =IF(OR(D35=""),"",(D35-D34)*80) -> 936 | AG34: =IF(OR(E35=""),"",(E35-E34)*80) -> 0 | AH34: =IF(OR(F35=""),"",(F35-F34)*80) -> 10.4 | AI34: =IF(OR(G35=""),"",(G35-G34)*80) -> 2120 | AJ34: =IF(OR(AE34="",AF34="",AG34=""),"",AE34+AF34+AG34+AH34+AI34) -> 6938.4 | AK34: =IF(OR(H35=""),"",(H35-H34)*80) -> 0 | AL34: =IF(OR(I35=""),"",(I35-I34)*80) -> 0 | AM34: =IF(OR(J35=""),"",(J35-J34)*80) -> 0 | AN34: =IF(OR(K35=""),"",(K35-K34)*80) -> 0 | AO34: =IF(OR(AK34="",AL34=""),"",AK34+AL34+AM34+AN34) -> 0 | AP34: =IF(OR(L35=""),"",(L35-L34)*100) -> 1950 | AQ34: =IF(OR(M35=""),"",(M35-M34)*100) -> 10 | AR34: =IF(OR(N35=""),"",(N35-N34)*100) -> 810 | AS34: =IF(OR(O35=""),"",(O35-O34)*100) -> 2650 | AT34: =IF(OR(AP34="",AQ34=""),"",AP34+AQ34+AR34+AS34) -> 5420 | AU34: =IF(OR(P35=""),"",(P35-P34)*1000) -> 0 | AV34: =IF(OR(Q35=""),"",(Q35-Q34)*1000) -> 0 | AW34: =IF(OR(R35=""),"",(R35-R34)*1000) -> 4300 | AX34: =IF(OR(S35=""),"",(S35-S34)*1000) -> 5100 | AY34: =IF(OR(T35=""),"",(T35-T34)*1000) -> 0 | AZ34: =IF(OR(AU34="",AV34="",AW34=""),"",AU34+AV34+AW34+AX34+AY34) -> 9400 | BA34: =IF(OR(U35=""),"",(U35-U34)*2000) -> 7400 | BB34: =IF(OR(V35=""),"",(V35-V34)*80) -> 640 | BC34: =IF(OR(Z34=""),"",(Z35-Z34)*40) -> 1604 | BD34: =IF(OR(BE34="",BC34=""),"",BE34-BC34-BB34-BA34-AZ34-AT34-AO34-AJ34) -> 18697.6 | BE34: =IF(OR(B35=""),"",(B35-B34)*10000) -> 50100 | BF34: =IF(OR(AC35=""),"",AC35-AC34) -> 57.8 | BG34: =IF(OR($AD34=0),"",BE34/$AD34) -> 0.36243679 | BH34: =IF(OR($AD34=0),"",AJ34/$AD34) -> 0.05019424 | BI34: =IF(OR($AD34=0),"",AO34/$AD34) -> 0 | BJ34: =IF(OR($AD34=0),"",AT34/$AD34) -> 0.039209729 | BK34: =IF(OR($AD34=0),"",AZ34/$AD34) -> 0.068002112 | BL34: =IF(OR($AD34=0),"",BA34/$AD34) -> 0.053533578 | BM34: =IF(OR($AD34=0),"",BB34/$AD34) -> 0.0046299311 | BN34: =IF(OR($AD34=0),"",BC34/$AD34) -> 0.011603765 | BO34: =IF(OR($AD34=0),"",BD34/$AD34) -> 0.13526344
A35: =A34+1 -> 44228 | B35: 15753.64 | C35: 85740 | D35: 54565.5 | E35: 55782 | F35: 3277.03 | G35: 108343.3 | H35: 5596.3 | I35: 2566.3 | J35: 967 | K35: 56 | L35: 87094.7 | M35: 61126.5 | N35: 69130.3 | O35: 98818.5 | P35: 5158 | Q35: 6973.5 | R35: 4236.9 | S35: 4873.1 | T35: 6009 | U35: 16616 | V35: 48911.7 | W35: 49299.8 | X35: 794.1 | Y35: 707.2 | Z35: =IF(OR(W35=""),"",(W35+X35+Y35)) -> 50801.1 | AA35: 55577.2 | AB35: 1031 | AC35: =IF(OR(AA35=""),"",(AA35+AB35)) -> 56608.2 | BE35: 总水量 | BF35: 总电量 | BG35: =SUM(BE4:BE34) -> 1411800 | BH35: =SUM(AJ4:AJ34) -> 196832.8 | BI35: =SUM(AO4:AO34) -> 0 | BJ35: =SUM(AT4:AT34) -> 168560 | BK35: =SUM(AZ4:AZ34) -> 369700 | BL35: =SUM(BA4:BA34) -> 214000 | BM35: =SUM(BB4:BB34) -> 12936 | BN35: =SUM(BC4:BC34) -> 47960 | BO35: =SUM(BD4:BD34) -> 401811.2
BE36: =SUM(AD4:AD34) -> 4490455 | BF36: 总单耗 | BG36: =IF(OR(BG35=0),"",ROUND(BG35/$BE$36,3)) -> 0.314 | BH36: =IF(OR(BH35=0),"",ROUND(BH35/$BE$36,4)) -> 0.0438 | BI36: =IF(OR(BI35=0),"",ROUND(BI35/$BE$36,4)) | BJ36: =IF(OR(BJ35=0),"",ROUND(BJ35/$BE$36,4)) -> 0.0375 | BK36: =IF(OR(BK35=0),"",ROUND(BK35/$BE$36,4)) -> 0.0823 | BL36: =IF(OR(BL35=0),"",ROUND(BL35/$BE$36,4)) -> 0.0477 | BM36: =IF(OR(BM35=0),"",ROUND(BM35/$BE$36,4)) -> 0.0029 | BN36: =IF(OR(BN35=0),"",ROUND(BN35/$BE$36,4)) -> 0.0107 | BO36: =IF(OR(BO35=0),"",ROUND(BO35/$BE$36,4)) -> 0.0895

Sheet 2
B2: 高配电 表计数 | C2: 一次提升 | H2: 二次提升 | L2: 三次提升 | P2: 高压鼓风机 | U2: 提标 电表 | V2: 脱水 电表 | W2: 旧除臭 电表 | X2: 新除臭电表 | Z2: 除臭 总电表 | AA2: 旧除臭 水表 | AB2: 新除臭 水表 | AC2: 除臭 总水表 | AD2: 实际处 理水量 | AE2: 一次提升用电 | AK2: 二次提升 | AP2: 三次提升 | AU2: 高压鼓风机 | BA2: 提标电量 | BB2: 脱水电量 | BC2: 除臭电量 | BD2: 其他用电量 | BE2: 总电量 | BF2: 除臭水量 | BG2: 总单耗 | BH2: 一次提 升单耗 | BI2: 二次提 升单耗 | BJ2: 三次提 升单耗 | BK2: 风机 单耗 | BL2: 提标 总单耗 | BM2: 脱水 单耗 | BN2: 除臭 单耗 | BO2: 其他 单耗
C3: 1#泵 | D3: 2#泵 | E3: 3#泵 | F3: 4#泵 | G3: 5#泵 | H3: 1#泵 | I3: 2#泵 | J3: 3#泵 | K3: 4#泵 | L3: 1#泵 | M3: 2#泵 | N3: 3#泵 | O3: 4#泵 | P3: 1#风机 | Q3: 2#风机 | R3: 3#风机 | S3: 4#风机 | T3: 5#风机 | X3: 1# | Y3: 2# | AE3: 1#泵 | AF3: 2#泵 | AG3: 3#泵 | AH3: 4#泵 | AI3: 5#泵 | AJ3: 提升电量 | AK3: 1#泵 | AL3: 2#泵 | AM3: 3#泵 | AN3: 4#泵 | AO3: 提升电量 | AP3: 1#泵 | AQ3: 2#泵 | AR3: 3#泵 | AS3: 4#泵 | AT3: 提升电量 | AU3: 1#风机 | AV3: 2#风机 | AW3: 3#风机 | AX3: 4#风机 | AY3: 5#风机 | AZ3: 风机电量
A4: ='1'!A35 -> 44228 | B4: 15753.64 | C4: 85740 | D4: 54565.5 | E4: 55782 | F4: 3277.03 | G4: 108343.3 | H4: 5596.3 | I4: 2566.3 | J4: 967 | K4: 56 | L4: 87094.7 | M4: 61126.5 | N4: 69130.3 | O4: 98818.5 | P4: 5158 | Q4: 6973.5 | R4: 4236.9 | S4: 4873.1 | T4: 6009 | U4: 16616 | V4: 48911.7 | W4: 49299.8 | X4: 794.1 | Y4: 707.2 | Z4: =IF(OR(W4=""),"",(W4+X4+Y4)) -> 50801.1 | AA4: 55577.2 | AB4: 1031 | AC4: =IF(OR(AA4=""),"",(AA4+AB4)) -> 56608.2 | AD4: 154968 | AE4: =IF(OR(C5=""),"",(C5-C4)*80) -> 328 | AF4: =IF(OR(D5=""),"",(D5-D4)*80) -> 1048 | AG4: =IF(OR(E5=""),"",(E5-E4)*80) -> 0 | AH4: =IF(OR(F5=""),"",(F5-F4)*80) -> 1385.6 | AI4: =IF(OR(G5=""),"",(G5-G4)*80) -> 2368 | AJ4: =IF(OR(AE4="",AF4="",AG4=""),"",AE4+AF4+AG4+AH4+AI4) -> 5129.6 | AK4: =IF(OR(H5=""),"",(H5-H4)*80) -> 0 | AL4: =IF(OR(I5=""),"",(I5-I4)*80) -> 0 | AM4: =IF(OR(J5=""),"",(J5-J4)*80) -> 0 | AN4: =IF(OR(K5=""),"",(K5-K4)*80) -> 0 | AO4: =IF(OR(AK4="",AL4=""),"",AK4+AL4+AM4+AN4) -> 0 | AP4: =IF(OR(L5=""),"",(L5-L4)*100) -> 1330 | AQ4: =IF(OR(M5=""),"",(M5-M4)*100) -> 0 | AR4: =IF(OR(N5=""),"",(N5-N4)*100) -> 1940 | AS4: =IF(OR(O5=""),"",(O5-O4)*100) -> 2550 | AT4: =IF(OR(AP4="",AQ4=""),"",AP4+AQ4+AR4+AS4) -> 5820 | AU4: =IF(OR(P5=""),"",(P5-P4)*1000) -> 100 | AV4: =IF(OR(Q5=""),"",(Q5-Q4)*1000) -> 100 | AW4: =IF(OR(R5=""),"",(R5-R4)*1000) -> 4500 | AX4: =IF(OR(S5=""),"",(S5-S4)*1000) -> 5300 | AY4: =IF(OR(T5=""),"",(T5-T4)*1000) -> 100 | AZ4: =IF(OR(AU4="",AV4="",AW4=""),"",AU4+AV4+AW4+AX4+AY4) -> 10100 | BA4: =IF(OR(U5=""),"",(U5-U4)*2000) -> 9600 | BB4: =IF(OR(V5=""),"",(V5-V4)*80) -> 520 | BC4: =IF(OR(Z4=""),"",(Z5-Z4)*40) -> 1928 | BD4: =IF(OR(BE4="",BC4=""),"",BE4-BC4-BB4-BA4-AZ4-AT4-AO4-AJ4) -> 13802.4 | BE4: =IF(OR(B5=""),"",(B5-B4)*10000) -> 46900 | BF4: =IF(OR(AC5=""),"",AC5-AC4) -> 53.7 | BG4: =IF(OR($AD4=0),"",BE4/$AD4) -> 0.30264313 | BH4: =IF(OR($AD4=0),"",AJ4/$AD4) -> 0.033101027 | BI4: =IF(OR($AD4=0),"",AO4/$AD4) -> 0 | BJ4: =IF(OR($AD4=0),"",AT4/$AD4) -> 0.037556141 | BK4: =IF(OR($AD4=0),"",AZ4/$AD4) -> 0.065174746 | BL4: =IF(OR($AD4=0),"",BA4/$AD4) -> 0.061948273 | BM4: =IF(OR($AD4=0),"",BB4/$AD4) -> 0.0033555315 | BN4: =IF(OR($AD4=0),"",BC4/$AD4) -> 0.012441278 | BO4: =IF(OR($AD4=0),"",BD4/$AD4) -> 0.08906613
A5: =A4+1 -> 44229 | B5: 15758.33 | C5: 85744.1 | D5: 54578.6 | E5: 55782 | F5: 3294.35 | G5: 108372.9 | H5: 5596.3 | I5: 2566.3 | J5: 967 | K5: 56 | L5: 87108 | M5: 61126.5 | N5: 69149.7 | O5: 98844 | P5: 5158.1 | Q5: 6973.6 | R5: 4241.4 | S5: 4878.4 | T5: 6009.1 | U5: 16620.8 | V5: 48918.2 | W5: 49317.3 | X5: 870.6 | Y5: 715.5 | Z5: 50849.3 | AA5: 55621.9 | AB5: 1040 | AC5: =IF(OR(AA5=""),"",(AA5+AB5)) -> 56661.9 | AD5: 146471 | AE5: =IF(OR(C6=""),"",(C6-C5)*80) -> 0 | AF5: =IF(OR(D6=""),"",(D6-D5)*80) -> 32 | AG5: =IF(OR(E6=""),"",(E6-E5)*80) -> 0 | AH5: =IF(OR(F6=""),"",(F6-F5)*80) -> 2465.6 | AI5: =IF(OR(G6=""),"",(G6-G5)*80) -> 2624 | AJ5: =IF(OR(AE5="",AF5="",AG5=""),"",AE5+AF5+AG5+AH5+AI5) -> 5121.6 | AK5: =IF(OR(H6=""),"",(H6-H5)*80) -> 0 | AL5: =IF(OR(I6=""),"",(I6-I5)*80) -> 0 | AM5: =IF(OR(J6=""),"",(J6-J5)*80) -> 0 | AN5: =IF(OR(K6=""),"",(K6-K5)*80) -> 0 | AO5: =IF(OR(AK5="",AL5=""),"",AK5+AL5+AM5+AN5) -> 0 | AP5: =IF(OR(L6=""),"",(L6-L5)*100) -> 1280 | AQ5: =IF(OR(M6=""),"",(M6-M5)*100) -> 0 | AR5: =IF(OR(N6=""),"",(N6-N5)*100) -> 1830 | AS5: =IF(OR(O6=""),"",(O6-O5)*100) -> 2450 | AT5: =IF(OR(AP5="",AQ5=""),"",AP5+AQ5+AR5+AS5) -> 5560 | AU5: =IF(OR(P6=""),"",(P6-P5)*1000) -> 0 | AV5: =IF(OR(Q6=""),"",(Q6-Q5)*1000) -> 7900 | AW5: =IF(OR(R6=""),"",(R6-R5)*1000) -> 0 | AX5: =IF(OR(S6=""),"",(S6-S5)*1000) -> 5200 | AY5: =IF(OR(T6=""),"",(T6-T5)*1000) -> 0 | AZ5: =IF(OR(AU5="",AV5="",AW5=""),"",AU5+AV5+AW5+AX5+AY5) -> 13100 | BA5: =IF(OR(U6=""),"",(U6-U5)*2000) -> 7000 | BB5: =IF(OR(V6=""),"",(V6-V5)*80) -> 608 | BC5: =IF(OR(Z5=""),"",(Z6-Z5)*40) -> 1236 | BD5: =IF(OR(BE5="",BC5=""),"",BE5-BC5-BB5-BA5-AZ5-AT5-AO5-AJ5) -> 14974.4 | BE5: =IF(OR(B6=""),"",(B6-B5)*10000) -> 47600 | BF5: =IF(OR(AC6=""),"",AC6-AC5) -> 54.4 | BG5: =IF(OR($AD5=0),"",BE5/$AD5) -> 0.32497901 | BH5: =IF(OR($AD5=0),"",AJ5/$AD5) -> 0.034966649 | BI5: =IF(OR($AD5=0),"",AO5/$AD5) -> 0 | BJ5: =IF(OR($AD5=0),"",AT5/$AD5) -> 0.037959733 | BK5: =IF(OR($AD5=0),"",AZ5/$AD5) -> 0.0894375 | BL5: =IF(OR($AD5=0),"",BA5/$AD5) -> 0.04779103 | BM5: =IF(OR($AD5=0),"",BB5/$AD5) -> 0.0041509923 | BN5: =IF(OR($AD5=0),"",BC5/$AD5) -> 0.0084385305 | BO5: =IF(OR($AD5=0),"",BD5/$AD5) -> 0.10223457
A6: =A5+1 -> 44230 | B6: 15763.09 | C6: 85744.1 | D6: 54579 | E6: 55782 | F6: 3325.17 | G6: 108405.7 | H6: 5596.3 | I6: 2566.3 | J6: 967 | K6: 56 | L6: 87120.8 | M6: 61126.5 | N6: 69168 | O6: 98868.5 | P6: 5158.1 | Q6: 6981.5 | R6: 4241.4 | S6: 4883.6 | T6: 6009.1 | U6: 16624.3 | V6: 48925.8 | W6: 49335 | X6: 821.2 | Y6: 724 | Z6: =IF(OR(W6=""),"",(W6+X6+Y6)) -> 50880.2 | AA6: 55667.3 | AB6: 1049 | AC6: =IF(OR(AA6=""),"",(AA6+AB6)) -> 56716.3 | AD6: 137546 | AE6: =IF(OR(C7=""),"",(C7-C6)*80) -> 0 | AF6: =IF(OR(D7=""),"",(D7-D6)*80) -> 856 | AG6: =IF(OR(E7=""),"",(E7-E6)*80) -> 0 | AH6: =IF(OR(F7=""),"",(F7-F6)*80) -> 1743.2 | AI6: =IF(OR(G7=""),"",(G7-G6)*80) -> 2104 | AJ6: =IF(OR(AE6="",AF6="",AG6=""),"",AE6+AF6+AG6+AH6+AI6) -> 4703.2 | AK6: =IF(OR(H7=""),"",(H7-H6)*80) -> 0 | AL6: =IF(OR(I7=""),"",(I7-I6)*80) -> 0 | AM6: =IF(OR(J7=""),"",(J7-J6)*80) -> 0 | AN6: =IF(OR(K7=""),"",(K7-K6)*80) -> 0 | AO6: =IF(OR(AK6="",AL6=""),"",AK6+AL6+AM6+AN6) -> 0 | AP6: =IF(OR(L7=""),"",(L7-L6)*100) -> 2690 | AQ6: =IF(OR(M7=""),"",(M7-M6)*100) -> 0 | AR6: =IF(OR(N7=""),"",(N7-N6)*100) -> 0 | AS6: =IF(OR(O7=""),"",(O7-O6)*100) -> 2510 | AT6: =IF(OR(AP6="",AQ6=""),"",AP6+AQ6+AR6+AS6) -> 5200 | AU6: =IF(OR(P7=""),"",(P7-P6)*1000) -> 0 | AV6: =IF(OR(Q7=""),"",(Q7-Q6)*1000) -> 7500 | AW6: =IF(OR(R7=""),"",(R7-R6)*1000) -> 300 | AX6: =IF(OR(S7=""),"",(S7-S6)*1000) -> 5000 | AY6: =IF(OR(T7=""),"",(T7-T6)*1000) -> 0 | AZ6: =IF(OR(AU6="",AV6="",AW6=""),"",AU6+AV6+AW6+AX6+AY6) -> 12800 | BA6: =IF(OR(U7=""),"",(U7-U6)*2000) -> 7400 | BB6: =IF(OR(V7=""),"",(V7-V6)*80) -> 608 | BC6: =IF(OR(Z6=""),"",(Z7-Z6)*40) -> 1544 | BD6: =IF(OR(BE6="",BC6=""),"",BE6-BC6-BB6-BA6-AZ6-AT6-AO6-AJ6) -> 13044.8 | BE6: =IF(OR(B7=""),"",(B7-B6)*10000) -> 45300 | BF6: =IF(OR(AC7=""),"",AC7-AC6) -> 57.3 | BG6: =IF(OR($AD6=0),"",BE6/$AD6) -> 0.32934436 | BH6: =IF(OR($AD6=0),"",AJ6/$AD6) -> 0.034193652 | BI6: =IF(OR($AD6=0),"",AO6/$AD6) -> 0 | BJ6: =IF(OR($AD6=0),"",AT6/$AD6) -> 0.037805534 | BK6: =IF(OR($AD6=0),"",AZ6/$AD6) -> 0.093059776 | BL6: =IF(OR($AD6=0),"",BA6/$AD6) -> 0.053800183 | BM6: =IF(OR($AD6=0),"",BB6/$AD6) -> 0.0044203394 | BN6: =IF(OR($AD6=0),"",BC6/$AD6) -> 0.011225336 | BO6: =IF(OR($AD6=0),"",BD6/$AD6) -> 0.094839545
A7: =A6+1 -> 44231 | B7: 15767.62 | C7: 85744.1 | D7: 54589.7 | E7: 55782 | F7: 3346.96 | G7: 108432 | H7: 5596.3 | I7: 2566.3 | J7: 967 | K7: 56 | L7: 87147.7 | M7: 61126.5 | N7: 69168 | O7: 98893.6 | P7: 5158.1 | Q7: 6989 | R7: 4241.7 | S7: 4888.6 | T7: 6009.1 | U7: 16628 | V7: 48933.4 | W7: 49352.6 | X7: 833.5 | Y7: 732.7 | Z7: =IF(OR(W7=""),"",(W7+X7+Y7)) -> 50918.8 | AA7: 55712.6 | AB7: 1061 | AC7: =IF(OR(AA7=""),"",(AA7+AB7)) -> 56773.6 | AD7: 137858 | AE7: =IF(OR(C8=""),"",(C8-C7)*80) -> 0 | AF7: =IF(OR(D8=""),"",(D8-D7)*80) -> 248 | AG7: =IF(OR(E8=""),"",(E8-E7)*80) -> 0 | AH7: =IF(OR(F8=""),"",(F8-F7)*80) -> 2228 | AI7: =IF(OR(G8=""),"",(G8-G7)*80) -> 2248 | AJ7: =IF(OR(AE7="",AF7="",AG7=""),"",AE7+AF7+AG7+AH7+AI7) -> 4724 | AK7: =IF(OR(H8=""),"",(H8-H7)*80) -> 0 | AL7: =IF(OR(I8=""),"",(I8-I7)*80) -> 0 | AM7: =IF(OR(J8=""),"",(J8-J7)*80) -> 0 | AN7: =IF(OR(K8=""),"",(K8-K7)*80) -> 0 | AO7: =IF(OR(AK7="",AL7=""),"",AK7+AL7+AM7+AN7) -> 0 | AP7: =IF(OR(L8=""),"",(L8-L7)*100) -> 2000 | AQ7: =IF(OR(M8=""),"",(M8-M7)*100) -> 0 | AR7: =IF(OR(N8=""),"",(N8-N7)*100) -> 710 | AS7: =IF(OR(O8=""),"",(O8-O7)*100) -> 2350 | AT7: =IF(OR(AP7="",AQ7=""),"",AP7+AQ7+AR7+AS7) -> 5060 | AU7: =IF(OR(P8=""),"",(P8-P7)*1000) -> 0 | AV7: =IF(OR(Q8=""),"",(Q8-Q7)*1000) -> 8100 | AW7: =IF(OR(R8=""),"",(R8-R7)*1000) -> 0 | AX7: =IF(OR(S8=""),"",(S8-S7)*1000) -> 5300 | AY7: =IF(OR(T8=""),"",(T8-T7)*1000) -> 0 | AZ7: =IF(OR(AU7="",AV7="",AW7=""),"",AU7+AV7+AW7+AX7+AY7) -> 13400 | BA7: =IF(OR(U8=""),"",(U8-U7)*2000) -> 7600 | BB7: =IF(OR(V8=""),"",(V8-V7)*80) -> 608 | BC7: =IF(OR(Z7=""),"",(Z8-Z7)*40) -> 1596 | BD7: =IF(OR(BE7="",BC7=""),"",BE7-BC7-BB7-BA7-AZ7-AT7-AO7-AJ7) -> 12412 | BE7: =IF(OR(B8=""),"",(B8-B7)*10000) -> 45400 | BF7: =IF(OR(AC8=""),"",AC8-AC7) -> 51.2 | BG7: =IF(OR($AD7=0),"",BE7/$AD7) -> 0.32932438 | BH7: =IF(OR($AD7=0),"",AJ7/$AD7) -> 0.034267144 | BI7: =IF(OR($AD7=0),"",AO7/$AD7) -> 0 | BJ7: =IF(OR($AD7=0),"",AT7/$AD7) -> 0.036704435 | BK7: =IF(OR($AD7=0),"",AZ7/$AD7) -> 0.097201468 | BL7: =IF(OR($AD7=0),"",BA7/$AD7) -> 0.055129191 | BM7: =IF(OR($AD7=0),"",BB7/$AD7) -> 0.0044103353 | BN7: =IF(OR($AD7=0),"",BC7/$AD7) -> 0.01157713 | BO7: =IF(OR($AD7=0),"",BD7/$AD7) -> 0.090034673
A8: =A7+1 -> 44232 | B8: 15772.16 | C8: 85744.1 | D8: 54592.8 | E8: 55782 | F8: 3374.81 | G8: 108460.1 | H8: 5596.3 | I8: 2566.3 | J8: 967 | K8: 56 | L8: 87167.7 | M8: 61126.5 | N8: 69175.1 | O8: 98917.1 | P8: 5158.1 | Q8: 6997.1 | R8: 4241.7 | S8: 4893.9 | T8: 6009.1 | U8: 16631.8 | V8: 48941 | W8: 49370.3 | X8: 847.1 | Y8: 741.3 | Z8: =IF(OR(W8=""),"",(W8+X8+Y8)) -> 50958.7 | AA8: 55755.8 | AB8: 1069 | AC8: =IF(OR(AA8=""),"",(AA8+AB8)) -> 56824.8 | AD8: 123328 | AE8: =IF(OR(C9=""),"",(C9-C8)*80) -> 0 | AF8: =IF(OR(D9=""),"",(D9-D8)*80) -> 424 | AG8: =IF(OR(E9=""),"",(E9-E8)*80) -> 0 | AH8: =IF(OR(F9=""),"",(F9-F8)*80) -> 1599.2 | AI8: =IF(OR(G9=""),"",(G9-G8)*80) -> 2248 | AJ8: =IF(OR(AE8="",AF8="",AG8=""),"",AE8+AF8+AG8+AH8+AI8) -> 4271.2 | AK8: =IF(OR(H9=""),"",(H9-H8)*80) -> 0 | AL8: =IF(OR(I9=""),"",(I9-I8)*80) -> 0 | AM8: =IF(OR(J9=""),"",(J9-J8)*80) -> 0 | AN8: =IF(OR(K9=""),"",(K9-K8)*80) -> 0 | AO8: =IF(OR(AK8="",AL8=""),"",AK8+AL8+AM8+AN8) -> 0 | AP8: =IF(OR(L9=""),"",(L9-L8)*100) -> 2220 | AQ8: =IF(OR(M9=""),"",(M9-M8)*100) -> 0 | AR8: =IF(OR(N9=""),"",(N9-N8)*100) -> 0 | AS8: =IF(OR(O9=""),"",(O9-O8)*100) -> 2520 | AT8: =IF(OR(AP8="",AQ8=""),"",AP8+AQ8+AR8+AS8) -> 4740 | AU8: =IF(OR(P9=""),"",(P9-P8)*1000) -> 1900 | AV8: =IF(OR(Q9=""),"",(Q9-Q8)*1000) -> 2500 | AW8: =IF(OR(R9=""),"",(R9-R8)*1000) -> 2700 | AX8: =IF(OR(S9=""),"",(S9-S8)*1000) -> 3500 | AY8: =IF(OR(T9=""),"",(T9-T8)*1000) -> 0 | AZ8: =IF(OR(AU8="",AV8="",AW8=""),"",AU8+AV8+AW8+AX8+AY8) -> 10600 | BA8: =IF(OR(U9=""),"",(U9-U8)*2000) -> 6400 | BB8: =IF(OR(V9=""),"",(V9-V8)*80) -> 904 | BC8: =IF(OR(Z8=""),"",(Z9-Z8)*40) -> 1556 | BD8: =IF(OR(BE8="",BC8=""),"",BE8-BC8-BB8-BA8-AZ8-AT8-AO8-AJ8) -> 16628.8 | BE8: =IF(OR(B9=""),"",(B9-B8)*10000) -> 45100 | BF8: =IF(OR(AC9=""),"",AC9-AC8) -> 52.3 | BG8: =IF(OR($AD8=0),"",BE8/$AD8) -> 0.36569149 | BH8: =IF(OR($AD8=0),"",AJ8/$AD8) -> 0.034632849 | BI8: =IF(OR($AD8=0),"",AO8/$AD8) -> 0 | BJ8: =IF(OR($AD8=0),"",AT8/$AD8) -> 0.038434094 | BK8: =IF(OR($AD8=0),"",AZ8/$AD8) -> 0.085949663 | BL8: =IF(OR($AD8=0),"",BA8/$AD8) -> 0.051894136 | BM8: =IF(OR($AD8=0),"",BB8/$AD8) -> 0.0073300467 | BN8: =IF(OR($AD8=0),"",BC8/$AD8) -> 0.012616762 | BO8: =IF(OR($AD8=0),"",BD8/$AD8) -> 0.13483394
A9: =A8+1 -> 44233 | B9: 15776.67 | C9: 85744.1 | D9: 54598.1 | E9: 55782 | F9: 3394.8 | G9: 108488.2 | H9: 5596.3 | I9: 2566.3 | J9: 967 | K9: 56 | L9: 87189.9 | M9: 61126.5 | N9: 69175.1 | O9: 98942.3 | P9: 5160 | Q9: 6999.6 | R9: 4244.4 | S9: 4897.4 | T9: 6009.1 | U9: 16635 | V9: 48952.3 | W9: 49387.8 | X9: 860.3 | Y9: 749.5 | Z9: =IF(OR(W9=""),"",(W9+X9+Y9)) -> 50997.6 | AA9: 55800.1 | AB9: 1077 | AC9: =IF(OR(AA9=""),"",(AA9+AB9)) -> 56877.1 | AD9: 91756 | AE9: =IF(OR(C10=""),"",(C10-C9)*80) -> 3520 | AF9: =IF(OR(D10=""),"",(D10-D9)*80) -> 0 | AG9: =IF(OR(E10=""),"",(E10-E9)*80) -> 0 | AH9: =IF(OR(F10=""),"",(F10-F9)*80) -> 3.2 | AI9: =IF(OR(G10=""),"",(G10-G9)*80) -> 1904 | AJ9: =IF(OR(AE9="",AF9="",AG9=""),"",AE9+AF9+AG9+AH9+AI9) -> 5427.2 | AK9: =IF(OR(H10=""),"",(H10-H9)*80) -> 0 | AL9: =IF(OR(I10=""),"",(I10-I9)*80) -> 0 | AM9: =IF(OR(J10=""),"",(J10-J9)*80) -> 0 | AN9: =IF(OR(K10=""),"",(K10-K9)*80) -> 0 | AO9: =IF(OR(AK9="",AL9=""),"",AK9+AL9+AM9+AN9) -> 0 | AP9: =IF(OR(L10=""),"",(L10-L9)*100) -> 1790 | AQ9: =IF(OR(M10=""),"",(M10-M9)*100) -> 0 | AR9: =IF(OR(N10=""),"",(N10-N9)*100) -> 110 | AS9: =IF(OR(O10=""),"",(O10-O9)*100) -> 1650 | AT9: =IF(OR(AP9="",AQ9=""),"",AP9+AQ9+AR9+AS9) -> 3550 | AU9: =IF(OR(P10=""),"",(P10-P9)*1000) -> 1100 | AV9: =IF(OR(Q10=""),"",(Q10-Q9)*1000) -> 100 | AW9: =IF(OR(R10=""),"",(R10-R9)*1000) -> 3000 | AX9: =IF(OR(S10=""),"",(S10-S9)*1000) -> 4300 | AY9: =IF(OR(T10=""),"",(T10-T9)*1000) -> 0 | AZ9: =IF(OR(AU9="",AV9="",AW9=""),"",AU9+AV9+AW9+AX9+AY9) -> 8500 | BA9: =IF(OR(U10=""),"",(U10-U9)*2000) -> 4800 | BB9: =IF(OR(V10=""),"",(V10-V9)*80) -> 1112 | BC9: =IF(OR(Z9=""),"",(Z10-Z9)*40) -> 1336 | BD9: =IF(OR(BE9="",BC9=""),"",BE9-BC9-BB9-BA9-AZ9-AT9-AO9-AJ9) -> 15374.8 | BE9: =IF(OR(B10=""),"",(B10-B9)*10000) -> 40100 | BF9: =IF(OR(AC10=""),"",AC10-AC9) -> 53.1 | BG9: =IF(OR($AD9=0),"",BE9/$AD9) -> 0.43702864 | BH9: =IF(OR($AD9=0),"",AJ9/$AD9) -> 0.059148176 | BI9: =IF(OR($AD9=0),"",AO9/$AD9) -> 0 | BJ9: =IF(OR($AD9=0),"",AT9/$AD9) -> 0.038689568 | BK9: =IF(OR($AD9=0),"",AZ9/$AD9) -> 0.092636994 | BL9: =IF(OR($AD9=0),"",BA9/$AD9) -> 0.052312655 | BM9: =IF(OR($AD9=0),"",BB9/$AD9) -> 0.012119098 | BN9: =IF(OR($AD9=0),"",BC9/$AD9) -> 0.014560356 | BO9: =IF(OR($AD9=0),"",BD9/$AD9) -> 0.16756179
A10: =A9+1 -> 44234 | B10: 15780.68 | C10: 85788.1 | D10: 54598.1 | E10: 55782 | F10: 3394.84 | G10: 108512 | H10: 5596.3 | I10: 2566.3 | J10: 967 | K10: 56 | L10: 87207.8 | M10: 61126.5 | N10: 69176.2 | O10: 98958.8 | P10: 5161.1 | Q10: 6999.7 | R10: 4247.4 | S10: 4901.7 | T10: 6009.1 | U10: 16637.4 | V10: 48966.2 | W10: 49405.3 | X10: 873.6 | Y10: 752.1 | Z10: =IF(OR(W10=""),"",(W10+X10+Y10)) -> 51031 | AA10: 55844.2 | AB10: 1086 | AC10: =IF(OR(AA10=""),"",(AA10+AB10)) -> 56930.2 | AD10: 110987 | AE10: =IF(OR(C11=""),"",(C11-C10)*80) -> 40 | AF10: =IF(OR(D11=""),"",(D11-D10)*80) -> 2664 | AG10: =IF(OR(E11=""),"",(E11-E10)*80) -> 0 | AH10: =IF(OR(F11=""),"",(F11-F10)*80) -> 4.8 | AI10: =IF(OR(G11=""),"",(G11-G10)*80) -> 2008 | AJ10: =IF(OR(AE10="",AF10="",AG10=""),"",AE10+AF10+AG10+AH10+AI10) -> 4716.8 | AK10: =IF(OR(H11=""),"",(H11-H10)*80) -> 0 | AL10: =IF(OR(I11=""),"",(I11-I10)*80) -> 0 | AM10: =IF(OR(J11=""),"",(J11-J10)*80) -> 0 | AN10: =IF(OR(K11=""),"",(K11-K10)*80) -> 0 | AO10: =IF(OR(AK10="",AL10=""),"",AK10+AL10+AM10+AN10) -> 0 | AP10: =IF(OR(L11=""),"",(L11-L10)*100) -> 2000 | AQ10: =IF(OR(M11=""),"",(M11-M10)*100) -> 0 | AR10: =IF(OR(N11=""),"",(N11-N10)*100) -> 0 | AS10: =IF(OR(O11=""),"",(O11-O10)*100) -> 2130 | AT10: =IF(OR(AP10="",AQ10=""),"",AP10+AQ10+AR10+AS10) -> 4130 | AU10: =IF(OR(P11=""),"",(P11-P10)*1000) -> 3600 | AV10: =IF(OR(Q11=""),"",(Q11-Q10)*1000) -> 4600 | AW10: =IF(OR(R11=""),"",(R11-R10)*1000) -> 400 | AX10: =IF(OR(S11=""),"",(S11-S10)*1000) -> 2300 | AY10: =IF(OR(T11=""),"",(T11-T10)*1000) -> 0 | AZ10: =IF(OR(AU10="",AV10="",AW10=""),"",AU10+AV10+AW10+AX10+AY10) -> 10900 | BA10: =IF(OR(U11=""),"",(U11-U10)*2000) -> 5400 | BB10: =IF(OR(V11=""),"",(V11-V10)*80) -> 1088 | BC10: =IF(OR(Z10=""),"",(Z11-Z10)*40) -> 1504 | BD10: =IF(OR(BE10="",BC10=""),"",BE10-BC10-BB10-BA10-AZ10-AT10-AO10-AJ10) -> 14861.2 | BE10: =IF(OR(B11=""),"",(B11-B10)*10000) -> 42600 | BF10: =IF(OR(AC11=""),"",AC11-AC10) -> 68.6 | BG10: =IF(OR($AD10=0),"",BE10/$AD10) -> 0.38382874 | BH10: =IF(OR($AD10=0),"",AJ10/$AD10) -> 0.042498671 | BI10: =IF(OR($AD10=0),"",AO10/$AD10) -> 0 | BJ10: =IF(OR($AD10=0),"",AT10/$AD10) -> 0.037211565 | BK10: =IF(OR($AD10=0),"",AZ10/$AD10) -> 0.0982097 | BL10: =IF(OR($AD10=0),"",BA10/$AD10) -> 0.048654347 | BM10: =IF(OR($AD10=0),"",BB10/$AD10) -> 0.0098029499 | BN10: =IF(OR($AD10=0),"",BC10/$AD10) -> 0.013551137 | BO10: =IF(OR($AD10=0),"",BD10/$AD10) -> 0.13390037
A11: =A10+1 -> 44235 | B11: 15784.94 | C11: 85788.6 | D11: 54631.4 | E11: 55782 | F11: 3394.9 | G11: 108537.1 | H11: 5596.3 | I11: 2566.3 | J11: 967 | K11: 56 | L11: 87227.8 | M11: 61126.5 | N11: 69176.2 | O11: 98980.1 | P11: 5164.7 | Q11: 7004.3 | R11: 4247.8 | S11: 4904 | T11: 6009.1 | U11: 16640.1 | V11: 48979.8 | W11: 49422.6 | X11: 887.1 | Y11: 758.9 | Z11: =IF(OR(W11=""),"",(W11+X11+Y11)) -> 51068.6 | AA11: 55886.8 | AB11: 1112 | AC11: =IF(OR(AA11=""),"",(AA11+AB11)) -> 56998.8 | AD11: 97203 | AE11: =IF(OR(C12=""),"",(C12-C11)*80) -> 0 | AF11: =IF(OR(D12=""),"",(D12-D11)*80) -> 2528 | AG11: =IF(OR(E12=""),"",(E12-E11)*80) -> 0 | AH11: =IF(OR(F12=""),"",(F12-F11)*80) -> 4.8 | AI11: =IF(OR(G12=""),"",(G12-G11)*80) -> 1848 | AJ11: =IF(OR(AE11="",AF11="",AG11=""),"",AE11+AF11+AG11+AH11+AI11) -> 4380.8 | AK11: =IF(OR(H12=""),"",(H12-H11)*80) -> 0 | AL11: =IF(OR(I12=""),"",(I12-I11)*80) -> 0 | AM11: =IF(OR(J12=""),"",(J12-J11)*80) -> 0 | AN11: =IF(OR(K12=""),"",(K12-K11)*80) -> 0 | AO11: =IF(OR(AK11="",AL11=""),"",AK11+AL11+AM11+AN11) -> 0 | AP11: =IF(OR(L12=""),"",(L12-L11)*100) -> 1540 | AQ11: =IF(OR(M12=""),"",(M12-M11)*100) -> 0 | AR11: =IF(OR(N12=""),"",(N12-N11)*100) -> 0 | AS11: =IF(OR(O12=""),"",(O12-O11)*100) -> 2080 | AT11: =IF(OR(AP11="",AQ11=""),"",AP11+AQ11+AR11+AS11) -> 3620 | AU11: =IF(OR(P12=""),"",(P12-P11)*1000) -> 2200 | AV11: =IF(OR(Q12=""),"",(Q12-Q11)*1000) -> 5300 | AW11: =IF(OR(R12=""),"",(R12-R11)*1000) -> 2700 | AX11: =IF(OR(S12=""),"",(S12-S11)*1000) -> 1700 | AY11: =IF(OR(T12=""),"",(T12-T11)*1000) -> 0 | AZ11: =IF(OR(AU11="",AV11="",AW11=""),"",AU11+AV11+AW11+AX11+AY11) -> 11900 | BA11: =IF(OR(U12=""),"",(U12-U11)*2000) -> 5000 | BB11: =IF(OR(V12=""),"",(V12-V11)*80) -> 1120 | BC11: =IF(OR(Z11=""),"",(Z12-Z11)*40) -> 1604 | BD11: =IF(OR(BE11="",BC11=""),"",BE11-BC11-BB11-BA11-AZ11-AT11-AO11-AJ11) -> 16175.2 | BE11: =IF(OR(B12=""),"",(B12-B11)*10000) -> 43800 | BF11: =IF(OR(AC12=""),"",AC12-AC11) -> 75 | BG11: =IF(OR($AD11=0),"",BE11/$AD11) -> 0.45060338 | BH11: =IF(OR($AD11=0),"",AJ11/$AD11) -> 0.045068568 | BI11: =IF(OR($AD11=0),"",AO11/$AD11) -> 0 | BJ11: =IF(OR($AD11=0),"",AT11/$AD11) -> 0.037241649 | BK11: =IF(OR($AD11=0),"",AZ11/$AD11) -> 0.12242421 | BL11: =IF(OR($AD11=0),"",BA11/$AD11) -> 0.051438742 | BM11: =IF(OR($AD11=0),"",BB11/$AD11) -> 0.011522278 | BN11: =IF(OR($AD11=0),"",BC11/$AD11) -> 0.016501548 | BO11: =IF(OR($AD11=0),"",BD11/$AD11) -> 0.16640639
A12: =A11+1 -> 44236 | B12: 15789.32 | C12: 85788.6 | D12: 54663 | E12: 55782 | F12: 3394.96 | G12: 108560.2 | H12: 5596.3 | I12: 2566.3 | J12: 967 | K12: 56 | L12: 87243.2 | M12: 61126.5 | N12: 69176.2 | O12: 99000.9 | P12: 5166.9 | Q12: 7009.6 | R12: 4250.5 | S12: 4905.7 | T12: 6009.1 | U12: 16642.6 | V12: 48993.8 | W12: 49440.6 | X12: 900.7 | Y12: 767.4 | Z12: =IF(OR(W12=""),"",(W12+X12+Y12)) -> 51108.7 | AA12: 55929.8 | AB12: 1144 | AC12: =IF(OR(AA12=""),"",(AA12+AB12)) -> 57073.8 | AD12: 90919 | AE12: =IF(OR(C13=""),"",(C13-C12)*80) -> 0 | AF12: =IF(OR(D13=""),"",(D13-D12)*80) -> 2960 | AG12: =IF(OR(E13=""),"",(E13-E12)*80) -> 0 | AH12: =IF(OR(F13=""),"",(F13-F12)*80) -> 4.8 | AI12: =IF(OR(G13=""),"",(G13-G12)*80) -> 1728 | AJ12: =IF(OR(AE12="",AF12="",AG12=""),"",AE12+AF12+AG12+AH12+AI12) -> 4692.8 | AK12: =IF(OR(H13=""),"",(H13-H12)*80) -> 0 | AL12: =IF(OR(I13=""),"",(I13-I12)*80) -> 0 | AM12: =IF(OR(J13=""),"",(J13-J12)*80) -> 0 | AN12: =IF(OR(K13=""),"",(K13-K12)*80) -> 0 | AO12: =IF(OR(AK12="",AL12=""),"",AK12+AL12+AM12+AN12) -> 0 | AP12: =IF(OR(L13=""),"",(L13-L12)*100) -> 1690 | AQ12: =IF(OR(M13=""),"",(M13-M12)*100) -> 0 | AR12: =IF(OR(N13=""),"",(N13-N12)*100) -> 0 | AS12: =IF(OR(O13=""),"",(O13-O12)*100) -> 1730 | AT12: =IF(OR(AP12="",AQ12=""),"",AP12+AQ12+AR12+AS12) -> 3420 | AU12: =IF(OR(P13=""),"",(P13-P12)*1000) -> 2200 | AV12: =IF(OR(Q13=""),"",(Q13-Q12)*1000) -> 1200 | AW12: =IF(OR(R13=""),"",(R13-R12)*1000) -> 4200 | AX12: =IF(OR(S13=""),"",(S13-S12)*1000) -> 400 | AY12: =IF(OR(T13=""),"",(T13-T12)*1000) -> 0 | AZ12: =IF(OR(AU12="",AV12="",AW12=""),"",AU12+AV12+AW12+AX12+AY12) -> 8000 | BA12: =IF(OR(U13=""),"",(U13-U12)*2000) -> 3800 | BB12: =IF(OR(V13=""),"",(V13-V12)*80) -> 720 | BC12: =IF(OR(Z12=""),"",(Z13-Z12)*40) -> 1544 | BD12: =IF(OR(BE12="",BC12=""),"",BE12-BC12-BB12-BA12-AZ12-AT12-AO12-AJ12) -> 15423.2 | BE12: =IF(OR(B13=""),"",(B13-B12)*10000) -> 37600 | BF12: =IF(OR(AC13=""),"",AC13-AC12) -> 77.1 | BG12: =IF(OR($AD12=0),"",BE12/$AD12) -> 0.41355492 | BH12: =IF(OR($AD12=0),"",AJ12/$AD12) -> 0.051615174 | BI12: =IF(OR($AD12=0),"",AO12/$AD12) -> 0 | BJ12: =IF(OR($AD12=0),"",AT12/$AD12) -> 0.0376159 | BK12: =IF(OR($AD12=0),"",AZ12/$AD12) -> 0.087990409 | BL12: =IF(OR($AD12=0),"",BA12/$AD12) -> 0.041795444 | BM12: =IF(OR($AD12=0),"",BB12/$AD12) -> 0.0079191368 | BN12: =IF(OR($AD12=0),"",BC12/$AD12) -> 0.016982149 | BO12: =IF(OR($AD12=0),"",BD12/$AD12) -> 0.16963671
A13: =A12+1 -> 44237 | B13: 15793.08 | C13: 85788.6 | D13: 54700 | E13: 55782 | F13: 3395.02 | G13: 108581.8 | H13: 5596.3 | I13: 2566.3 | J13: 967 | K13: 56 | L13: 87260.1 | M13: 61126.5 | N13: 69176.2 | O13: 99018.2 | P13: 5169.1 | Q13: 7010.8 | R13: 4254.7 | S13: 4906.1 | T13: 6009.1 | U13: 16644.5 | V13: 49002.8 | W13: 49457.7 | X13: 913.9 | Y13: 775.7 | Z13: =IF(OR(W13=""),"",(W13+X13+Y13)) -> 51147.3 | AA13: 55973.9 | AB13: 1177 | AC13: =IF(OR(AA13=""),"",(AA13+AB13)) -> 57150.9 | AD13: 96180 | AE13: =IF(OR(C14=""),"",(C14-C13)*80) -> 0 | AF13: =IF(OR(D14=""),"",(D14-D13)*80) -> 2008 | AG13: =IF(OR(E14=""),"",(E14-E13)*80) -> 0 | AH13: =IF(OR(F14=""),"",(F14-F13)*80) -> 0 | AI13: =IF(OR(G14=""),"",(G14-G13)*80) -> 1464 | AJ13: =IF(OR(AE13="",AF13="",AG13=""),"",AE13+AF13+AG13+AH13+AI13) -> 3472 | AK13: =IF(OR(H14=""),"",(H14-H13)*80) -> 0 | AL13: =IF(OR(I14=""),"",(I14-I13)*80) -> 0 | AM13: =IF(OR(J14=""),"",(J14-J13)*80) -> 0 | AN13: =IF(OR(K14=""),"",(K14-K13)*80) -> 0 | AO13: =IF(OR(AK13="",AL13=""),"",AK13+AL13+AM13+AN13) -> 0 | AP13: =IF(OR(L14=""),"",(L14-L13)*100) -> 1740 | AQ13: =IF(OR(M14=""),"",(M14-M13)*100) -> 0 | AR13: =IF(OR(N14=""),"",(N14-N13)*100) -> 0 | AS13: =IF(OR(O14=""),"",(O14-O13)*100) -> 1670 | AT13: =IF(OR(AP13="",AQ13=""),"",AP13+AQ13+AR13+AS13) -> 3410 | AU13: =IF(OR(P14=""),"",(P14-P13)*1000) -> 300 | AV13: =IF(OR(Q14=""),"",(Q14-Q13)*1000) -> 0 | AW13: =IF(OR(R14=""),"",(R14-R13)*1000) -> 2000 | AX13: =IF(OR(S14=""),"",(S14-S13)*1000) -> 5500 | AY13: =IF(OR(T14=""),"",(T14-T13)*1000) -> 0 | AZ13: =IF(OR(AU13="",AV13="",AW13=""),"",AU13+AV13+AW13+AX13+AY13) -> 7800 | BA13: =IF(OR(U14=""),"",(U14-U13)*2000) -> 4000 | BB13: =IF(OR(V14=""),"",(V14-V13)*80) -> 608 | BC13: =IF(OR(Z13=""),"",(Z14-Z13)*40) -> 1564 | BD13: =IF(OR(BE13="",BC13=""),"",BE13-BC13-BB13-BA13-AZ13-AT13-AO13-AJ13) -> 17146 | BE13: =IF(OR(B14=""),"",(B14-B13)*10000) -> 38000 | BF13: =IF(OR(AC14=""),"",AC14-AC13) -> 78.3 | BG13: =IF(OR($AD13=0),"",BE13/$AD13) -> 0.39509253 | BH13: =IF(OR($AD13=0),"",AJ13/$AD13) -> 0.036098981 | BI13: =IF(OR($AD13=0),"",AO13/$AD13) -> 0 | BJ13: =IF(OR($AD13=0),"",AT13/$AD13) -> 0.035454356 | BK13: =IF(OR($AD13=0),"",AZ13/$AD13) -> 0.081097941 | BL13: =IF(OR($AD13=0),"",BA13/$AD13) -> 0.041588688 | BM13: =IF(OR($AD13=0),"",BB13/$AD13) -> 0.0063214806 | BN13: =IF(OR($AD13=0),"",BC13/$AD13) -> 0.016261177 | BO13: =IF(OR($AD13=0),"",BD13/$AD13) -> 0.17826991
A14: =A13+1 -> 44238 | B14: 15796.88 | C14: 85788.6 | D14: 54725.1 | E14: 55782 | F14: 3395.02 | G14: 108600.1 | H14: 5596.3 | I14: 2566.3 | J14: 967 | K14: 56 | L14: 87277.5 | M14: 61126.5 | N14: 69176.2 | O14: 99034.9 | P14: 5169.4 | Q14: 7010.8 | R14: 4256.7 | S14: 4911.6 | T14: 6009.1 | U14: 16646.5 | V14: 49010.4 | W14: 49475.1 | X14: 927.2 | Y14: 784.1 | Z14: =IF(OR(W14=""),"",(W14+X14+Y14)) -> 51186.4 | AA14: 56019.2 | AB14: 1210 | AC14: =IF(OR(AA14=""),"",(AA14+AB14)) -> 57229.2 | AD14: 100947 | AE14: =IF(OR(C15=""),"",(C15-C14)*80) -> 0 | AF14: =IF(OR(D15=""),"",(D15-D14)*80) -> 2440 | AG14: =IF(OR(E15=""),"",(E15-E14)*80) -> 0 | AH14: =IF(OR(F15=""),"",(F15-F14)*80) -> 6.4 | AI14: =IF(OR(G15=""),"",(G15-G14)*80) -> 1864 | AJ14: =IF(OR(AE14="",AF14="",AG14=""),"",AE14+AF14+AG14+AH14+AI14) -> 4310.4 | AK14: =IF(OR(H15=""),"",(H15-H14)*80) -> 0 | AL14: =IF(OR(I15=""),"",(I15-I14)*80) -> 0 | AM14: =IF(OR(J15=""),"",(J15-J14)*80) -> 0 | AN14: =IF(OR(K15=""),"",(K15-K14)*80) -> 0 | AO14: =IF(OR(AK14="",AL14=""),"",AK14+AL14+AM14+AN14) -> 0 | AP14: =IF(OR(L15=""),"",(L15-L14)*100) -> 1620 | AQ14: =IF(OR(M15=""),"",(M15-M14)*100) -> 0 | AR14: =IF(OR(N15=""),"",(N15-N14)*100) -> 0 | AS14: =IF(OR(O15=""),"",(O15-O14)*100) -> 2140 | AT14: =IF(OR(AP14="",AQ14=""),"",AP14+AQ14+AR14+AS14) -> 3760 | AU14: =IF(OR(P15=""),"",(P15-P14)*1000) -> 2200 | AV14: =IF(OR(Q15=""),"",(Q15-Q14)*1000) -> 1400 | AW14: =IF(OR(R15=""),"",(R15-R14)*1000) -> 3800 | AX14: =IF(OR(S15=""),"",(S15-S14)*1000) -> 5100 | AY14: =IF(OR(T15=""),"",(T15-T14)*1000) -> 0 | AZ14: =IF(OR(AU14="",AV14="",AW14=""),"",AU14+AV14+AW14+AX14+AY14) -> 12500 | BA14: =IF(OR(U15=""),"",(U15-U14)*2000) -> 4600 | BB14: =IF(OR(V15=""),"",(V15-V14)*80) -> 608 | BC14: =IF(OR(Z14=""),"",(Z15-Z14)*40) -> 1504 | BD14: =IF(OR(BE14="",BC14=""),"",BE14-BC14-BB14-BA14-AZ14-AT14-AO14-AJ14) -> 18917.6 | BE14: =IF(OR(B15=""),"",(B15-B14)*10000) -> 46200 | BF14: =IF(OR(AC15=""),"",AC15-AC14) -> 82 | BG14: =IF(OR($AD14=0),"",BE14/$AD14) -> 0.4576659 | BH14: =IF(OR($AD14=0),"",AJ14/$AD14) -> 0.042699634 | BI14: =IF(OR($AD14=0),"",AO14/$AD14) -> 0 | BJ14: =IF(OR($AD14=0),"",AT14/$AD14) -> 0.037247268 | BK14: =IF(OR($AD14=0),"",AZ14/$AD14) -> 0.12382735 | BL14: =IF(OR($AD14=0),"",BA14/$AD14) -> 0.045568467 | BM14: =IF(OR($AD14=0),"",BB14/$AD14) -> 0.0060229625 | BN14: =IF(OR($AD14=0),"",BC14/$AD14) -> 0.014898907 | BO14: =IF(OR($AD14=0),"",BD14/$AD14) -> 0.18740131
A15: =A14+1 -> 44239 | B15: 15801.5 | C15: 85788.6 | D15: 54755.6 | E15: 55782 | F15: 3395.1 | G15: 108623.4 | H15: 5596.3 | I15: 2566.3 | J15: 967 | K15: 56 | L15: 87293.7 | M15: 61126.5 | N15: 69176.2 | O15: 99056.3 | P15: 5171.6 | Q15: 7012.2 | R15: 4260.5 | S15: 4916.7 | T15: 6009.1 | U15: 16648.8 | V15: 49018 | W15: 49492.6 | X15: 939 | Y15: 792.4 | Z15: =IF(OR(W15=""),"",(W15+X15+Y15)) -> 51224 | AA15: 56064.2 | AB15: 1247 | AC15: =IF(OR(AA15=""),"",(AA15+AB15)) -> 57311.2 | AD15: 50890 | AE15: =IF(OR(C16=""),"",(C16-C15)*80) -> 0 | AF15: =IF(OR(D16=""),"",(D16-D15)*80) -> 552 | AG15: =IF(OR(E16=""),"",(E16-E15)*80) -> 0 | AH15: =IF(OR(F16=""),"",(F16-F15)*80) -> 7.2 | AI15: =IF(OR(G16=""),"",(G16-G15)*80) -> 1536 | AJ15: =IF(OR(AE15="",AF15="",AG15=""),"",AE15+AF15+AG15+AH15+AI15) -> 2095.2 | AK15: =IF(OR(H16=""),"",(H16-H15)*80) -> 0 | AL15: =IF(OR(I16=""),"",(I16-I15)*80) -> 0 | AM15: =IF(OR(J16=""),"",(J16-J15)*80) -> 0 | AN15: =IF(OR(K16=""),"",(K16-K15)*80) -> 0 | AO15: =IF(OR(AK15="",AL15=""),"",AK15+AL15+AM15+AN15) -> 0 | AP15: =IF(OR(L16=""),"",(L16-L15)*100) -> 2230 | AQ15: =IF(OR(M16=""),"",(M16-M15)*100) -> 10 | AR15: =IF(OR(N16=""),"",(N16-N15)*100) -> 0 | AS15: =IF(OR(O16=""),"",(O16-O15)*100) -> 60 | AT15: =IF(OR(AP15="",AQ15=""),"",AP15+AQ15+AR15+AS15) -> 2300 | AU15: =IF(OR(P16=""),"",(P16-P15)*1000) -> 3800 | AV15: =IF(OR(Q16=""),"",(Q16-Q15)*1000) -> 4600 | AW15: =IF(OR(R16=""),"",(R16-R15)*1000) -> 1000 | AX15: =IF(OR(S16=""),"",(S16-S15)*1000) -> 100 | AY15: =IF(OR(T16=""),"",(T16-T15)*1000) -> 0 | AZ15: =IF(OR(AU15="",AV15="",AW15=""),"",AU15+AV15+AW15+AX15+AY15) -> 9500 | BA15: =IF(OR(U16=""),"",(U16-U15)*2000) -> 2800 | BB15: =IF(OR(V16=""),"",(V16-V15)*80) -> 616 | BC15: =IF(OR(Z15=""),"",(Z16-Z15)*40) -> 1576 | BD15: =IF(OR(BE15="",BC15=""),"",BE15-BC15-BB15-BA15-AZ15-AT15-AO15-AJ15) -> 13712.8 | BE15: =IF(OR(B16=""),"",(B16-B15)*10000) -> 32600 | BF15: =IF(OR(AC16=""),"",AC16-AC15) -> 81.5 | BG15: =IF(OR($AD15=0),"",BE15/$AD15) -> 0.64059737 | BH15: =IF(OR($AD15=0),"",AJ15/$AD15) -> 0.041171153 | BI15: =IF(OR($AD15=0),"",AO15/$AD15) -> 0 | BJ15: =IF(OR($AD15=0),"",AT15/$AD15) -> 0.04519552 | BK15: =IF(OR($AD15=0),"",AZ15/$AD15) -> 0.18667715 | BL15: =IF(OR($AD15=0),"",BA15/$AD15) -> 0.055020633 | BM15: =IF(OR($AD15=0),"",BB15/$AD15) -> 0.012104539 | BN15: =IF(OR($AD15=0),"",BC15/$AD15) -> 0.030968756 | BO15: =IF(OR($AD15=0),"",BD15/$AD15) -> 0.26945962
A16: =A15+1 -> 44240 | B16: 15804.76 | C16: 85788.6 | D16: 54762.5 | E16: 55782 | F16: 3395.19 | G16: 108642.6 | H16: 5596.3 | I16: 2566.3 | J16: 967 | K16: 56 | L16: 87316 | M16: 61126.6 | N16: 69176.2 | O16: 99056.9 | P16: 5175.4 | Q16: 7016.8 | R16: 4261.5 | S16: 4916.8 | T16: 6009.1 | U16: 16650.2 | V16: 49025.7 | W16: 49510.3 | X16: 952.4 | Y16: 800.7 | Z16: =IF(OR(W16=""),"",(W16+X16+Y16)) -> 51263.4 | AA16: 56111.7 | AB16: 1281 | AC16: =IF(OR(AA16=""),"",(AA16+AB16)) -> 57392.7 | AD16: 69756 | AE16: =IF(OR(C17=""),"",(C17-C16)*80) -> 0 | AF16: =IF(OR(D17=""),"",(D17-D16)*80) -> 0 | AG16: =IF(OR(E17=""),"",(E17-E16)*80) -> 0 | AH16: =IF(OR(F17=""),"",(F17-F16)*80) -> 0 | AI16: =IF(OR(G17=""),"",(G17-G16)*80) -> 2288 | AJ16: =IF(OR(AE16="",AF16="",AG16=""),"",AE16+AF16+AG16+AH16+AI16) -> 2288 | AK16: =IF(OR(H17=""),"",(H17-H16)*80) -> 0 | AL16: =IF(OR(I17=""),"",(I17-I16)*80) -> 0 | AM16: =IF(OR(J17=""),"",(J17-J16)*80) -> 0 | AN16: =IF(OR(K17=""),"",(K17-K16)*80) -> 0 | AO16: =IF(OR(AK16="",AL16=""),"",AK16+AL16+AM16+AN16) -> 0 | AP16: =IF(OR(L17=""),"",(L17-L16)*100) -> 1210 | AQ16: =IF(OR(M17=""),"",(M17-M16)*100) -> 0 | AR16: =IF(OR(N17=""),"",(N17-N16)*100) -> 0 | AS16: =IF(OR(O17=""),"",(O17-O16)*100) -> 1760 | AT16: =IF(OR(AP16="",AQ16=""),"",AP16+AQ16+AR16+AS16) -> 2970 | AU16: =IF(OR(P17=""),"",(P17-P16)*1000) -> 3600 | AV16: =IF(OR(Q17=""),"",(Q17-Q16)*1000) -> 6900 | AW16: =IF(OR(R17=""),"",(R17-R16)*1000) -> 0 | AX16: =IF(OR(S17=""),"",(S17-S16)*1000) -> 0 | AY16: =IF(OR(T17=""),"",(T17-T16)*1000) -> 0 | AZ16: =IF(OR(AU16="",AV16="",AW16=""),"",AU16+AV16+AW16+AX16+AY16) -> 10500 | BA16: =IF(OR(U17=""),"",(U17-U16)*2000) -> 3600 | BB16: =IF(OR(V17=""),"",(V17-V16)*80) -> 616 | BC16: =IF(OR(Z16=""),"",(Z17-Z16)*40) -> 1500 | BD16: =IF(OR(BE16="",BC16=""),"",BE16-BC16-BB16-BA16-AZ16-AT16-AO16-AJ16) -> 11526 | BE16: =IF(OR(B17=""),"",(B17-B16)*10000) -> 33000 | BF16: =IF(OR(AC17=""),"",AC17-AC16) -> 79.8 | BG16: =IF(OR($AD16=0),"",BE16/$AD16) -> 0.47307758 | BH16: =IF(OR($AD16=0),"",AJ16/$AD16) -> 0.032800046 | BI16: =IF(OR($AD16=0),"",AO16/$AD16) -> 0 | BJ16: =IF(OR($AD16=0),"",AT16/$AD16) -> 0.042576983 | BK16: =IF(OR($AD16=0),"",AZ16/$AD16) -> 0.15052469 | BL16: =IF(OR($AD16=0),"",BA16/$AD16) -> 0.051608464 | BM16: =IF(OR($AD16=0),"",BB16/$AD16) -> 0.0088307816 | BN16: =IF(OR($AD16=0),"",BC16/$AD16) -> 0.021503527 | BO16: =IF(OR($AD16=0),"",BD16/$AD16) -> 0.1652331
A17: =A16+1 -> 44241 | B17: 15808.06 | C17: 85788.6 | D17: 54762.5 | E17: 55782 | F17: 3395.19 | G17: 108671.2 | H17: 5596.3 | I17: 2566.3 | J17: 967 | K17: 56 | L17: 87328.1 | M17: 61126.6 | N17: 69176.2 | O17: 99074.5 | P17: 5179 | Q17: 7023.7 | R17: 4261.5 | S17: 4916.8 | T17: 6009.1 | U17: 16652 | V17: 49033.4 | W17: 49527.2 | X17: 965 | Y17: 808.7 | Z17: =IF(OR(W17=""),"",(W17+X17+Y17)) -> 51300.9 | AA17: 56156.5 | AB17: 1316 | AC17: =IF(OR(AA17=""),"",(AA17+AB17)) -> 57472.5 | AD17: 51598 | AE17: =IF(OR(C18=""),"",(C18-C17)*80) -> 288 | AF17: =IF(OR(D18=""),"",(D18-D17)*80) -> 1960 | AG17: =IF(OR(E18=""),"",(E18-E17)*80) -> 1448 | AH17: =IF(OR(F18=""),"",(F18-F17)*80) -> 0 | AI17: =IF(OR(G18=""),"",(G18-G17)*80) -> 2384 | AJ17: =IF(OR(AE17="",AF17="",AG17=""),"",AE17+AF17+AG17+AH17+AI17) -> 6080 | AK17: =IF(OR(H18=""),"",(H18-H17)*80) -> 0 | AL17: =IF(OR(I18=""),"",(I18-I17)*80) -> 0 | AM17: =IF(OR(J18=""),"",(J18-J17)*80) -> 0 | AN17: =IF(OR(K18=""),"",(K18-K17)*80) -> 0 | AO17: =IF(OR(AK17="",AL17=""),"",AK17+AL17+AM17+AN17) -> 0 | AP17: =IF(OR(L18=""),"",(L18-L17)*100) -> 1790 | AQ17: =IF(OR(M18=""),"",(M18-M17)*100) -> 0 | AR17: =IF(OR(N18=""),"",(N18-N17)*100) -> 150 | AS17: =IF(OR(O18=""),"",(O18-O17)*100) -> 350 | AT17: =IF(OR(AP17="",AQ17=""),"",AP17+AQ17+AR17+AS17) -> 2290 | AU17: =IF(OR(P18=""),"",(P18-P17)*1000) -> 3800 | AV17: =IF(OR(Q18=""),"",(Q18-Q17)*1000) -> 7000 | AW17: =IF(OR(R18=""),"",(R18-R17)*1000) -> 0 | AX17: =IF(OR(S18=""),"",(S18-S17)*1000) -> 0 | AY17: =IF(OR(T18=""),"",(T18-T17)*1000) -> 0 | AZ17: =IF(OR(AU17="",AV17="",AW17=""),"",AU17+AV17+AW17+AX17+AY17) -> 10800 | BA17: =IF(OR(U18=""),"",(U18-U17)*2000) -> 3000 | BB17: =IF(OR(V18=""),"",(V18-V17)*80) -> 616 | BC17: =IF(OR(Z17=""),"",(Z18-Z17)*40) -> 1556 | BD17: =IF(OR(BE17="",BC17=""),"",BE17-BC17-BB17-BA17-AZ17-AT17-AO17-AJ17) -> 10858 | BE17: =IF(OR(B18=""),"",(B18-B17)*10000) -> 35200 | BF17: =IF(OR(AC18=""),"",AC18-AC17) -> 79.8 | BG17: =IF(OR($AD17=0),"",BE17/$AD17) -> 0.68219698 | BH17: =IF(OR($AD17=0),"",AJ17/$AD17) -> 0.11783402 | BI17: =IF(OR($AD17=0),"",AO17/$AD17) -> 0 | BJ17: =IF(OR($AD17=0),"",AT17/$AD17) -> 0.044381565 | BK17: =IF(OR($AD17=0),"",AZ17/$AD17) -> 0.20931044 | BL17: =IF(OR($AD17=0),"",BA17/$AD17) -> 0.058141788 | BM17: =IF(OR($AD17=0),"",BB17/$AD17) -> 0.011938447 | BN17: =IF(OR($AD17=0),"",BC17/$AD17) -> 0.030156208 | BO17: =IF(OR($AD17=0),"",BD17/$AD17) -> 0.21043451
... A31: =A30+1 -> 44255 | B31: 15866.1 | C31: 85885.8 | D31: 55179 | E31: 55800.2 | F31: 3422.1 | G31: 108981.2 | H31: 5596.3 | I31: 2566.3 | J31: 967 | K31: 56 | L31: 87551.1 | M31: 61126.9 | N31: 69244.1 | O31: 99388.1 | P31: 5224.6 | Q31: 7095.5 | R31: 4285.2 | S31: 4926.6 | T31: 6009.1 | U31: 16691.9 | V31: 49172.4 | W31: 49771 | X31: 1133.1 | Y31: 923.7 | Z31: =IF(OR(W31=""),"",(W31+X31+Y31)) -> 51827.8 | AA31: 56758.4 | AB31: 1777 | AC31: =IF(OR(AA31=""),"",(AA31+AB31)) -> 58535.4 | AD31: 205691 | AE31: =IF(OR(C32=""),"",(C32-C31)*80) -> 3792 | AF31: =IF(OR(D32=""),"",(D32-D31)*80) -> 192 | AG31: =IF(OR(E32=""),"",(E32-E31)*80) -> 0 | AH31: =IF(OR(F32=""),"",(F32-F31)*80) -> 2137.6 | AI31: =IF(OR(G32=""),"",(G32-G31)*80) -> 2144 | AJ31: =IF(OR(AE31="",AF31="",AG31=""),"",AE31+AF31+AG31+AH31+AI31) -> 8265.6 | AK31: =IF(OR(H32=""),"",(H32-H31)*80) -> 0 | AL31: =IF(OR(I32=""),"",(I32-I31)*80) -> 0 | AM31: =IF(OR(J32=""),"",(J32-J31)*80) -> 0 | AN31: =IF(OR(K32=""),"",(K32-K31)*80) -> 0 | AO31: =IF(OR(AK31="",AL31=""),"",AK31+AL31+AM31+AN31) -> 0 | AP31: =IF(OR(L32=""),"",(L32-L31)*100) -> 2860 | AQ31: =IF(OR(M32=""),"",(M32-M31)*100) -> 0 | AR31: =IF(OR(N32=""),"",(N32-N31)*100) -> 2320 | AS31: =IF(OR(O32=""),"",(O32-O31)*100) -> 2600 | AT31: =IF(OR(AP31="",AQ31=""),"",AP31+AQ31+AR31+AS31) -> 7780 | AU31: =IF(OR(P32=""),"",(P32-P31)*1000) -> 1300 | AV31: =IF(OR(Q32=""),"",(Q32-Q31)*1000) -> 0 | AW31: =IF(OR(R32=""),"",(R32-R31)*1000) -> 4900 | AX31: =IF(OR(S32=""),"",(S32-S31)*1000) -> 4000 | AY31: =IF(OR(T32=""),"",(T32-T31)*1000) -> 0 | AZ31: =IF(OR(AU31="",AV31="",AW31=""),"",AU31+AV31+AW31+AX31+AY31) -> 10200 | BA31: =IF(OR(U32=""),"",(U32-U31)*2000) -> 10000 | BB31: =IF(OR(V32=""),"",(V32-V31)*80) -> 832 | BC31: =IF(OR(Z31=""),"",(Z32-Z31)*40) -> 1456 | BD31: =IF(OR(BE31="",BC31=""),"",BE31-BC31-BB31-BA31-AZ31-AT31-AO31-AJ31) -> 16266.4 | BE31: =IF(OR(B32=""),"",(B32-B31)*10000) -> 54800 | BF31: =IF(OR(AC32=""),"",AC32-AC31) -> 55.6 | BG31: =IF(OR($AD31=0),"",BE31/$AD31) -> 0.26641905 | BH31: =IF(OR($AD31=0),"",AJ31/$AD31) -> 0.040184549 | BI31: =IF(OR($AD31=0),"",AO31/$AD31) -> 0 | BJ31: =IF(OR($AD31=0),"",AT31/$AD31) -> 0.037823726 | BK31: =IF(OR($AD31=0),"",AZ31/$AD31) -> 0.049588947 | BL31: =IF(OR($AD31=0),"",BA31/$AD31) -> 0.048616614 | BM31: =IF(OR($AD31=0),"",BB31/$AD31) -> 0.0040449023 | BN31: =IF(OR($AD31=0),"",BC31/$AD31) -> 0.007078579 | BO31: =IF(OR($AD31=0),"",BD31/$AD31) -> 0.079081729
A32: =A31+1 -> 44256 | B32: 15871.58 | C32: 85933.2 | D32: 55181.4 | E32: 55800.2 | F32: 3448.82 | G32: 109008 | H32: 5596.3 | I32: 2566.3 | J32: 967 | K32: 56 | L32: 87579.7 | M32: 61126.9 | N32: 69267.3 | O32: 99414.1 | P32: 5225.9 | Q32: 7095.5 | R32: 4290.1 | S32: 4930.6 | T32: 6009.1 | U32: 16696.9 | V32: 49182.8 | W32: 49788.2 | X32: 1144.3 | Y32: 931.7 | Z32: =IF(OR(W32=""),"",(W32+X32+Y32)) -> 51864.2 | AA32: 56799 | AB32: 1792 | AC32: =IF(OR(AA32=""),"",(AA32+AB32)) -> 58591 | AE32: =IF(OR(C33=""),"",(C33-C32)*80) | AF32: =IF(OR(D33=""),"",(D33-D32)*80) | AG32: =IF(OR(E33=""),"",(E33-E32)*80) | AH32: =IF(OR(F33=""),"",(F33-F32)*80) | AI32: =IF(OR(G33=""),"",(G33-G32)*80) | AJ32: =IF(OR(AE32="",AF32="",AG32=""),"",AE32+AF32+AG32+AH32+AI32) | AK32: =IF(OR(H33=""),"",(H33-H32)*80) | AL32: =IF(OR(I33=""),"",(I33-I32)*80) | AM32: =IF(OR(J33=""),"",(J33-J32)*80) | AN32: =IF(OR(K33=""),"",(K33-K32)*80) | AO32: =IF(OR(AK32="",AL32=""),"",AK32+AL32+AM32+AN32) | AP32: =IF(OR(L33=""),"",(L33-L32)*100) | AQ32: =IF(OR(M33=""),"",(M33-M32)*100) | AR32: =IF(OR(N33=""),"",(N33-N32)*100) | AS32: =IF(OR(O33=""),"",(O33-O32)*100) | AT32: =IF(OR(AP32="",AQ32=""),"",AP32+AQ32+AR32+AS32) | AU32: =IF(OR(P33=""),"",(P33-P32)*1000) | AV32: =IF(OR(Q33=""),"",(Q33-Q32)*1000) | AW32: =IF(OR(R33=""),"",(R33-R32)*1000) | AX32: =IF(OR(S33=""),"",(S33-S32)*1000) | AY32: =IF(OR(T33=""),"",(T33-T32)*1000) | AZ32: =IF(OR(AU32="",AV32="",AW32=""),"",AU32+AV32+AW32+AX32+AY32) | BA32: =IF(OR(U33=""),"",(U33-U32)*2000) | BB32: =IF(OR(V33=""),"",(V33-V32)*80) | BC32: =IF(OR(W33=""),"",(W33-W32)*40) | BD32: =IF(OR(BE32="",BC32=""),"",BE32-BC32-BB32-BA32-AZ32-AT32-AO32-AJ32) | BE32: =IF(OR(B33=""),"",(B33-B32)*10000) | BF32: =IF(OR(AC33=""),"",AC33-AC32) | BG32: =IF(OR($AD32=0),"",BE32/$AD32) | BH32: =IF(OR($AD32=0),"",AJ32/$AD32) | BI32: =IF(OR($AD32=0),"",AO32/$AD32) | BJ32: =IF(OR($AD32=0),"",AT32/$AD32) | BK32: =IF(OR($AD32=0),"",AZ32/$AD32) | BL32: =IF(OR($AD32=0),"",BA32/$AD32) | BM32: =IF(OR($AD32=0),"",BB32/$AD32) | BN32: =IF(OR($AD32=0),"",BC32/$AD32) | BO32: =IF(OR($AD32=0),"",BD32/$AD32)
Z33: =IF(OR(W33=""),"",(W33+X33+Y33)) | AC33: =IF(OR(AA33=""),"",(AA33+AB33)) | AE33: =IF(OR(C34=""),"",(C34-C33)*80) | AF33: =IF(OR(D34=""),"",(D34-D33)*80) | AG33: =IF(OR(E34=""),"",(E34-E33)*80) | AH33: =IF(OR(F34=""),"",(F34-F33)*80) | AI33: =IF(OR(G34=""),"",(G34-G33)*80) | AJ33: =IF(OR(AE33="",AF33="",AG33=""),"",AE33+AF33+AG33+AH33+AI33) | AK33: =IF(OR(H34=""),"",(H34-H33)*80) | AL33: =IF(OR(I34=""),"",(I34-I33)*80) | AM33: =IF(OR(J34=""),"",(J34-J33)*80) | AN33: =IF(OR(K34=""),"",(K34-K33)*80) | AO33: =IF(OR(AK33="",AL33=""),"",AK33+AL33+AM33+AN33) | AP33: =IF(OR(L34=""),"",(L34-L33)*100) | AQ33: =IF(OR(M34=""),"",(M34-M33)*100) | AR33: =IF(OR(N34=""),"",(N34-N33)*100) | AS33: =IF(OR(O34=""),"",(O34-O33)*100) | AT33: =IF(OR(AP33="",AQ33=""),"",AP33+AQ33+AR33+AS33) | AU33: =IF(OR(P34=""),"",(P34-P33)*1000) | AV33: =IF(OR(Q34=""),"",(Q34-Q33)*1000) | AW33: =IF(OR(R34=""),"",(R34-R33)*1000) | AX33: =IF(OR(S34=""),"",(S34-S33)*1000) | AY33: =IF(OR(T34=""),"",(T34-T33)*1000) | AZ33: =IF(OR(AU33="",AV33="",AW33=""),"",AU33+AV33+AW33+AX33+AY33) | BA33: =IF(OR(U34=""),"",(U34-U33)*2000) | BB33: =IF(OR(V34=""),"",(V34-V33)*80) | BC33: =IF(OR(W34=""),"",(W34-W33)*40) | BD33: =IF(OR(BE33="",BC33=""),"",BE33-BC33-BB33-BA33-AZ33-AT33-AO33-AJ33) | BE33: =IF(OR(B34=""),"",(B34-B33)*10000) | BF33: =IF(OR(AC34=""),"",AC34-AC33) | BG33: =IF(OR($AD33=0),"",BE33/$AD33) | BH33: =IF(OR($AD33=0),"",AJ33/$AD33) | BI33: =IF(OR($AD33=0),"",AO33/$AD33) | BJ33: =IF(OR($AD33=0),"",AT33/$AD33) | BK33: =IF(OR($AD33=0),"",AZ33/$AD33) | BL33: =IF(OR($AD33=0),"",BA33/$AD33) | BM33: =IF(OR($AD33=0),"",BB33/$AD33) | BN33: =IF(OR($AD33=0),"",BC33/$AD33) | BO33: =IF(OR($AD33=0),"",BD33/$AD33)
Z34: =IF(OR(W34=""),"",(W34+X34+Y34)) | AC34: =IF(OR(AA34=""),"",(AA34+AB34)) | AE34: =IF(OR(C35=""),"",(C35-C34)*80) | AF34: =IF(OR(D35=""),"",(D35-D34)*80) | AG34: =IF(OR(E35=""),"",(E35-E34)*80) | AH34: =IF(OR(F35=""),"",(F35-F34)*80) | AI34: =IF(OR(G35=""),"",(G35-G34)*80) | AJ34: =IF(OR(AE34="",AF34="",AG34=""),"",AE34+AF34+AG34+AH34+AI34) | AK34: =IF(OR(H35=""),"",(H35-H34)*80) | AL34: =IF(OR(I35=""),"",(I35-I34)*80) | AM34: =IF(OR(J35=""),"",(J35-J34)*80) | AN34: =IF(OR(K35=""),"",(K35-K34)*80) | AO34: =IF(OR(AK34="",AL34=""),"",AK34+AL34+AM34+AN34) | AP34: =IF(OR(L35=""),"",(L35-L34)*100) | AQ34: =IF(OR(M35=""),"",(M35-M34)*100) | AR34: =IF(OR(N35=""),"",(N35-N34)*100) | AS34: =IF(OR(O35=""),"",(O35-O34)*100) | AT34: =IF(OR(AP34="",AQ34=""),"",AP34+AQ34+AR34+AS34) | AU34: =IF(OR(P35=""),"",(P35-P34)*1000) | AV34: =IF(OR(Q35=""),"",(Q35-Q34)*1000) | AW34: =IF(OR(R35=""),"",(R35-R34)*1000) | AX34: =IF(OR(S35=""),"",(S35-S34)*1000) | AY34: =IF(OR(T35=""),"",(T35-T34)*1000) | AZ34: =IF(OR(AU34="",AV34="",AW34=""),"",AU34+AV34+AW34+AX34+AY34) | BA34: =IF(OR(U35=""),"",(U35-U34)*2000) | BB34: =IF(OR(V35=""),"",(V35-V34)*80) | BC34: =IF(OR(W35=""),"",(W35-W34)*40) | BD34: =IF(OR(BE34="",BC34=""),"",BE34-BC34-BB34-BA34-AZ34-AT34-AO34-AJ34) | BE34: =IF(OR(B35=""),"",(B35-B34)*10000) | BF34: =IF(OR(AC35=""),"",AC35-AC34) | BG34: =IF(OR($AD34=0),"",BE34/$AD34) | BH34: =IF(OR($AD34=0),"",AJ34/$AD34) | BI34: =IF(OR($AD34=0),"",AO34/$AD34) | BJ34: =IF(OR($AD34=0),"",AT34/$AD34) | BK34: =IF(OR($AD34=0),"",AZ34/$AD34) | BL34: =IF(OR($AD34=0),"",BA34/$AD34) | BM34: =IF(OR($AD34=0),"",BB34/$AD34) | BN34: =IF(OR($AD34=0),"",BC34/$AD34) | BO34: =IF(OR($AD34=0),"",BD34/$AD34)
Z35: =IF(OR(W35=""),"",(W35+X35+Y35)) | BE35: 总水量 | BF35: 总电量 | BG35: =SUM(BE4:BE34) -> 1179400 | BH35: =SUM(AJ4:AJ34) -> 133103.2 | BI35: =SUM(AO4:AO34) -> 0 | BJ35: =SUM(AT4:AT34) -> 121800 | BK35: =SUM(AZ4:AZ34) -> 300700 | BL35: =SUM(BA4:BA34) -> 161800 | BM35: =SUM(BB4:BB34) -> 21688 | BN35: =SUM(BC4:BC34) -> 42524 | BO35: =SUM(BD4:BD34) -> 397784.8
BE36: =SUM(AD4:AD34) -> 3158364 | BF36: 总单耗 | BG36: =IF(OR(BG35=0),"",ROUND(BG35/$BE$36,3)) -> 0.373 | BH36: =IF(OR(BH35=0),"",ROUND(BH35/$BE$36,4)) -> 0.0421 | BI36: =IF(OR(BI35=0),"",ROUND(BI35/$BE$36,4)) | BJ36: =IF(OR(BJ35=0),"",ROUND(BJ35/$BE$36,4)) -> 0.0386 | BK36: =IF(OR(BK35=0),"",ROUND(BK35/$BE$36,4)) -> 0.0952 | BL36: =IF(OR(BL35=0),"",ROUND(BL35/$BE$36,4)) -> 0.0512 | BM36: =IF(OR(BM35=0),"",ROUND(BM35/$BE$36,4)) -> 0.0069 | BN36: =IF(OR(BN35=0),"",ROUND(BN35/$BE$36,4)) -> 0.0135 | BO36: =IF(OR(BO35=0),"",ROUND(BO35/$BE$36,4)) -> 0.1259

Sheet 3
B2: 高配电 表计数 | C2: 一次提升 | H2: 二次提升 | L2: 三次提升 | P2: 高压鼓风机 | U2: 提标 电表 | V2: 脱水 电表 | W2: 旧除臭 电表 | X2: 新除臭电表 | Z2: 除臭 总电表 | AA2: 旧除臭 水表 | AB2: 新除臭 水表 | AC2: 除臭 总水表 | AD2: 实际处 理水量 | AE2: 一次提升用电 | AK2: 二次提升 | AP2: 三次提升 | AU2: 高压鼓风机 | BA2: 提标电量 | BB2: 脱水电量 | BC2: 除臭电量 | BD2: 其他用电量 | BE2: 总电量 | BF2: 除臭水量 | BG2: 总单耗 | BH2: 一次提 升单耗 | BI2: 二次提 升单耗 | BJ2: 三次提 升单耗 | BK2: 风机 单耗 | BL2: 提标 总单耗 | BM2: 脱水 单耗 | BN2: 除臭 单耗 | BO2: 其他 单耗
C3: 1#泵 | D3: 2#泵 | E3: 3#泵 | F3: 4#泵 | G3: 5#泵 | H3: 1#泵 | I3: 2#泵 | J3: 3#泵 | K3: 4#泵 | L3: 1#泵 | M3: 2#泵 | N3: 3#泵 | O3: 4#泵 | P3: 1#风机 | Q3: 2#风机 | R3: 3#风机 | S3: 4#风机 | T3: 5#风机 | X3: 1# | Y3: 2# | AE3: 1#泵 | AF3: 2#泵 | AG3: 3#泵 | AH3: 4#泵 | AI3: 5#泵 | AJ3: 提升电量 | AK3: 1#泵 | AL3: 2#泵 | AM3: 3#泵 | AN3: 4#泵 | AO3: 提升电量 | AP3: 1#泵 | AQ3: 2#泵 | AR3: 3#泵 | AS3: 4#泵 | AT3: 提升电量 | AU3: 1#风机 | AV3: 2#风机 | AW3: 3#风机 | AX3: 4#风机 | AY3: 5#风机 | AZ3: 风机电量
A4: ='2'!A32 -> 44256 | B4: 15871.58 | C4: 85933.2 | D4: 55181.4 | E4: 55800.2 | F4: 3448.82 | G4: 109008 | H4: 5596.3 | I4: 2566.3 | J4: 967 | K4: 56 | L4: 87579.7 | M4: 61126.9 | N4: 69267.3 | O4: 99414.1 | P4: 5225.9 | Q4: 7095.5 | R4: 4290.1 | S4: 4930.6 | T4: 6009.1 | U4: 16696.9 | V4: 49182.8 | W4: 49788.2 | X4: 1144.3 | Y4: 931.7 | Z4: =IF(OR(W4=""),"",(W4+X4+Y4)) -> 51864.2 | AA4: 56799 | AB4: 1792 | AC4: =IF(OR(AA4=""),"",(AA4+AB4)) -> 58591 | AD4: 202056 | AE4: =IF(OR(C5=""),"",(C5-C4)*80) -> 3752 | AF4: =IF(OR(D5=""),"",(D5-D4)*80) -> 3048 | AG4: =IF(OR(E5=""),"",(E5-E4)*80) -> 0 | AH4: =IF(OR(F5=""),"",(F5-F4)*80) -> 4.8 | AI4: =IF(OR(G5=""),"",(G5-G4)*80) -> 2352 | AJ4: =IF(OR(AE4="",AF4="",AG4=""),"",AE4+AF4+AG4+AH4+AI4) -> 9156.8 | AK4: =IF(OR(H5=""),"",(H5-H4)*80) -> 0 | AL4: =IF(OR(I5=""),"",(I5-I4)*80) -> 0 | AM4: =IF(OR(J5=""),"",(J5-J4)*80) -> 0 | AN4: =IF(OR(K5=""),"",(K5-K4)*80) -> 0 | AO4: =IF(OR(AK4="",AL4=""),"",AK4+AL4+AM4+AN4) -> 0 | AP4: =IF(OR(L5=""),"",(L5-L4)*100) -> 2760 | AQ4: =IF(OR(M5=""),"",(M5-M4)*100) -> 0 | AR4: =IF(OR(N5=""),"",(N5-N4)*100) -> 2320 | AS4: =IF(OR(O5=""),"",(O5-O4)*100) -> 2530 | AT4: =IF(OR(AP4="",AQ4=""),"",AP4+AQ4+AR4+AS4) -> 7610 | AU4: =IF(OR(P5=""),"",(P5-P4)*1000) -> 1000 | AV4: =IF(OR(Q5=""),"",(Q5-Q4)*1000) -> 2700 | AW4: =IF(OR(R5=""),"",(R5-R4)*1000) -> 3000 | AX4: =IF(OR(S5=""),"",(S5-S4)*1000) -> 5200 | AY4: =IF(OR(T5=""),"",(T5-T4)*1000) -> 0 | AZ4: =IF(OR(AU4="",AV4="",AW4=""),"",AU4+AV4+AW4+AX4+AY4) -> 11900 | BA4: =IF(OR(U5=""),"",(U5-U4)*2000) -> 10200 | BB4: =IF(OR(V5=""),"",(V5-V4)*80) -> 856 | BC4: =IF(OR(Z4=""),"",(Z5-Z4)*40) -> 1444 | BD4: =IF(OR(BE4="",BC4=""),"",BE4-BC4-BB4-BA4-AZ4-AT4-AO4-AJ4) -> 14833.2 | BE4: =IF(OR(B5=""),"",(B5-B4)*10000) -> 56000 | BF4: =IF(OR(AC5=""),"",AC5-AC4) -> 63.6 | BG4: =IF(OR($AD4=0),"",BE4/$AD4) -> 0.27715089 | BH4: =IF(OR($AD4=0),"",AJ4/$AD4) -> 0.04531813 | BI4: =IF(OR($AD4=0),"",AO4/$AD4) -> 0 | BJ4: =IF(OR($AD4=0),"",AT4/$AD4) -> 0.037662826 | BK4: =IF(OR($AD4=0),"",AZ4/$AD4) -> 0.058894564 | BL4: =IF(OR($AD4=0),"",BA4/$AD4) -> 0.050481055 | BM4: =IF(OR($AD4=0),"",BB4/$AD4) -> 0.0042364493 | BN4: =IF(OR($AD4=0),"",BC4/$AD4) -> 0.0071465336 | BO4: =IF(OR($AD4=0),"",BD4/$AD4) -> 0.073411332
A5: =A4+1 -> 44257 | B5: 15877.18 | C5: 85980.1 | D5: 55219.5 | E5: 55800.2 | F5: 3448.88 | G5: 109037.4 | H5: 5596.3 | I5: 2566.3 | J5: 967 | K5: 56 | L5: 87607.3 | M5: 61126.9 | N5: 69290.5 | O5: 99439.4 | P5: 5226.9 | Q5: 7098.2 | R5: 4293.1 | S5: 4935.8 | T5: 6009.1 | U5: 16702 | V5: 49193.5 | W5: 49805.5 | X5: 1155.2 | Y5: 939.6 | Z5: =IF(OR(W5=""),"",(W5+X5+Y5)) -> 51900.3 | AA5: 56838.6 | AB5: 1816 | AC5: =IF(OR(AA5=""),"",(AA5+AB5)) -> 58654.6 | AD5: 202265 | AE5: =IF(OR(C6=""),"",(C6-C5)*80) -> 3752 | AF5: =IF(OR(D6=""),"",(D6-D5)*80) -> 3064 | AG5: =IF(OR(E6=""),"",(E6-E5)*80) -> 0 | AH5: =IF(OR(F6=""),"",(F6-F5)*80) -> 1.6 | AI5: =IF(OR(G6=""),"",(G6-G5)*80) -> 2320 | AJ5: =IF(OR(AE5="",AF5="",AG5=""),"",AE5+AF5+AG5+AH5+AI5) -> 9137.6 | AK5: =IF(OR(H6=""),"",(H6-H5)*80) -> 0 | AL5: =IF(OR(I6=""),"",(I6-I5)*80) -> 0 | AM5: =IF(OR(J6=""),"",(J6-J5)*80) -> 0 | AN5: =IF(OR(K6=""),"",(K6-K5)*80) -> 0 | AO5: =IF(OR(AK5="",AL5=""),"",AK5+AL5+AM5+AN5) -> 0 | AP5: =IF(OR(L6=""),"",(L6-L5)*100) -> 2860 | AQ5: =IF(OR(M6=""),"",(M6-M5)*100) -> 0 | AR5: =IF(OR(N6=""),"",(N6-N5)*100) -> 2390 | AS5: =IF(OR(O6=""),"",(O6-O5)*100) -> 2510 | AT5: =IF(OR(AP5="",AQ5=""),"",AP5+AQ5+AR5+AS5) -> 7760 | AU5: =IF(OR(P6=""),"",(P6-P5)*1000) -> 0 | AV5: =IF(OR(Q6=""),"",(Q6-Q5)*1000) -> 2100 | AW5: =IF(OR(R6=""),"",(R6-R5)*1000) -> 3500 | AX5: =IF(OR(S6=""),"",(S6-S5)*1000) -> 5100 | AY5: =IF(OR(T6=""),"",(T6-T5)*1000) -> 0 | AZ5: =IF(OR(AU5="",AV5="",AW5=""),"",AU5+AV5+AW5+AX5+AY5) -> 10700 | BA5: =IF(OR(U6=""),"",(U6-U5)*2000) -> 9200 | BB5: =IF(OR(V6=""),"",(V6-V5)*80) -> 1056 | BC5: =IF(OR(Z5=""),"",(Z6-Z5)*40) -> 1456 | BD5: =IF(OR(BE5="",BC5=""),"",BE5-BC5-BB5-BA5-AZ5-AT5-AO5-AJ5) -> 15790.4 | BE5: =IF(OR(B6=""),"",(B6-B5)*10000) -> 55100 | BF5: =IF(OR(AC6=""),"",AC6-AC5) -> 62.1 | BG5: =IF(OR($AD5=0),"",BE5/$AD5) -> 0.2724149 | BH5: =IF(OR($AD5=0),"",AJ5/$AD5) -> 0.045176378 | BI5: =IF(OR($AD5=0),"",AO5/$AD5) -> 0 | BJ5: =IF(OR($AD5=0),"",AT5/$AD5) -> 0.038365511 | BK5: =IF(OR($AD5=0),"",AZ5/$AD5) -> 0.052900897 | BL5: =IF(OR($AD5=0),"",BA5/$AD5) -> 0.045484884 | BM5: =IF(OR($AD5=0),"",BB5/$AD5) -> 0.0052208736 | BN5: =IF(OR($AD5=0),"",BC5/$AD5) -> 0.0071984772 | BO5: =IF(OR($AD5=0),"",BD5/$AD5) -> 0.078067881
A6: =A5+1 -> 44258 | B6: 15882.69 | C6: 86027 | D6: 55257.8 | E6: 55800.2 | F6: 3448.9 | G6: 109066.4 | H6: 5596.3 | I6: 2566.3 | J6: 967 | K6: 56 | L6: 87635.9 | M6: 61126.9 | N6: 69314.4 | O6: 99464.5 | P6: 5226.9 | Q6: 7100.3 | R6: 4296.6 | S6: 4940.9 | T6: 6009.1 | U6: 16706.6 | V6: 49206.7 | W6: 49822.9 | X6: 1166.3 | Y6: 947.5 | Z6: =IF(OR(W6=""),"",(W6+X6+Y6)) -> 51936.7 | AA6: 56873.7 | AB6: 1843 | AC6: =IF(OR(AA6=""),"",(AA6+AB6)) -> 58716.7 | AD6: 200265 | AE6: =IF(OR(C7=""),"",(C7-C6)*80) -> 3864 | AF6: =IF(OR(D7=""),"",(D7-D6)*80) -> 864 | AG6: =IF(OR(E7=""),"",(E7-E6)*80) -> 0 | AH6: =IF(OR(F7=""),"",(F7-F6)*80) -> 1535.2 | AI6: =IF(OR(G7=""),"",(G7-G6)*80) -> 2000 | AJ6: =IF(OR(AE6="",AF6="",AG6=""),"",AE6+AF6+AG6+AH6+AI6) -> 8263.2 | AK6: =IF(OR(H7=""),"",(H7-H6)*80) -> 0 | AL6: =IF(OR(I7=""),"",(I7-I6)*80) -> 0 | AM6: =IF(OR(J7=""),"",(J7-J6)*80) -> 0 | AN6: =IF(OR(K7=""),"",(K7-K6)*80) -> 0 | AO6: =IF(OR(AK6="",AL6=""),"",AK6+AL6+AM6+AN6) -> 0 | AP6: =IF(OR(L7=""),"",(L7-L6)*100) -> 2830 | AQ6: =IF(OR(M7=""),"",(M7-M6)*100) -> 0 | AR6: =IF(OR(N7=""),"",(N7-N6)*100) -> 2410 | AS6: =IF(OR(O7=""),"",(O7-O6)*100) -> 2530 | AT6: =IF(OR(AP6="",AQ6=""),"",AP6+AQ6+AR6+AS6) -> 7770 | AU6: =IF(OR(P7=""),"",(P7-P6)*1000) -> 2500 | AV6: =IF(OR(Q7=""),"",(Q7-Q6)*1000) -> 3800 | AW6: =IF(OR(R7=""),"",(R7-R6)*1000) -> 3200 | AX6: =IF(OR(S7=""),"",(S7-S6)*1000) -> 4900 | AY6: =IF(OR(T7=""),"",(T7-T6)*1000) -> 0 | AZ6: =IF(OR(AU6="",AV6="",AW6=""),"",AU6+AV6+AW6+AX6+AY6) -> 14400 | BA6: =IF(OR(U7=""),"",(U7-U6)*2000) -> 9800 | BB6: =IF(OR(V7=""),"",(V7-V6)*80) -> 1064 | BC6: =IF(OR(Z6=""),"",(Z7-Z6)*40) -> 1432 | BD6: =IF(OR(BE6="",BC6=""),"",BE6-BC6-BB6-BA6-AZ6-AT6-AO6-AJ6) -> 16670.8 | BE6: =IF(OR(B7=""),"",(B7-B6)*10000) -> 59400 | BF6: =IF(OR(AC7=""),"",AC7-AC6) -> 66.9 | BG6: =IF(OR($AD6=0),"",BE6/$AD6) -> 0.296607 | BH6: =IF(OR($AD6=0),"",AJ6/$AD6) -> 0.041261329 | BI6: =IF(OR($AD6=0),"",AO6/$AD6) -> 0 | BJ6: =IF(OR($AD6=0),"",AT6/$AD6) -> 0.038798592 | BK6: =IF(OR($AD6=0),"",AZ6/$AD6) -> 0.071904726 | BL6: =IF(OR($AD6=0),"",BA6/$AD6) -> 0.048935161 | BM6: =IF(OR($AD6=0),"",BB6/$AD6) -> 0.0053129603 | BN6: =IF(OR($AD6=0),"",BC6/$AD6) -> 0.0071505256 | BO6: =IF(OR($AD6=0),"",BD6/$AD6) -> 0.083243702
A7: =A6+1 -> 44259 | B7: 15888.63 | C7: 86075.3 | D7: 55268.6 | E7: 55800.2 | F7: 3468.09 | G7: 109091.4 | H7: 5596.3 | I7: 2566.3 | J7: 967 | K7: 56 | L7: 87664.2 | M7: 61126.9 | N7: 69338.5 | O7: 99489.8 | P7: 5229.4 | Q7: 7104.1 | R7: 4299.8 | S7: 4945.8 | T7: 6009.1 | U7: 16711.5 | V7: 49220 | W7: 49840.4 | X7: 1176.4 | Y7: 955.7 | Z7: =IF(OR(W7=""),"",(W7+X7+Y7)) -> 51972.5 | AA7: 56910.6 | AB7: 1873 | AC7: =IF(OR(AA7=""),"",(AA7+AB7)) -> 58783.6 | AD7: 200695 | AE7: =IF(OR(C8=""),"",(C8-C7)*80) -> 3760 | AF7: =IF(OR(D8=""),"",(D8-D7)*80) -> 432 | AG7: =IF(OR(E8=""),"",(E8-E7)*80) -> 0 | AH7: =IF(OR(F8=""),"",(F8-F7)*80) -> 2012.8 | AI7: =IF(OR(G8=""),"",(G8-G7)*80) -> 2160 | AJ7: =IF(OR(AE7="",AF7="",AG7=""),"",AE7+AF7+AG7+AH7+AI7) -> 8364.8 | AK7: =IF(OR(H8=""),"",(H8-H7)*80) -> 0 | AL7: =IF(OR(I8=""),"",(I8-I7)*80) -> 0 | AM7: =IF(OR(J8=""),"",(J8-J7)*80) -> 0 | AN7: =IF(OR(K8=""),"",(K8-K7)*80) -> 0 | AO7: =IF(OR(AK7="",AL7=""),"",AK7+AL7+AM7+AN7) -> 0 | AP7: =IF(OR(L8=""),"",(L8-L7)*100) -> 2810 | AQ7: =IF(OR(M8=""),"",(M8-M7)*100) -> 0 | AR7: =IF(OR(N8=""),"",(N8-N7)*100) -> 2400 | AS7: =IF(OR(O8=""),"",(O8-O7)*100) -> 2540 | AT7: =IF(OR(AP7="",AQ7=""),"",AP7+AQ7+AR7+AS7) -> 7750 | AU7: =IF(OR(P8=""),"",(P8-P7)*1000) -> 500 | AV7: =IF(OR(Q8=""),"",(Q8-Q7)*1000) -> 900 | AW7: =IF(OR(R8=""),"",(R8-R7)*1000) -> 4300 | AX7: =IF(OR(S8=""),"",(S8-S7)*1000) -> 4500 | AY7: =IF(OR(T8=""),"",(T8-T7)*1000) -> 0 | AZ7: =IF(OR(AU7="",AV7="",AW7=""),"",AU7+AV7+AW7+AX7+AY7) -> 10200 | BA7: =IF(OR(U8=""),"",(U8-U7)*2000) -> 9400 | BB7: =IF(OR(V8=""),"",(V8-V7)*80) -> 1112 | BC7: =IF(OR(Z7=""),"",(Z8-Z7)*40) -> 1448 | BD7: =IF(OR(BE7="",BC7=""),"",BE7-BC7-BB7-BA7-AZ7-AT7-AO7-AJ7) -> 16725.2 | BE7: =IF(OR(B8=""),"",(B8-B7)*10000) -> 55000 | BF7: =IF(OR(AC8=""),"",AC8-AC7) -> 70.6 | BG7: =IF(OR($AD7=0),"",BE7/$AD7) -> 0.27404768 | BH7: =IF(OR($AD7=0),"",AJ7/$AD7) -> 0.041679165 | BI7: =IF(OR($AD7=0),"",AO7/$AD7) -> 0 | BJ7: =IF(OR($AD7=0),"",AT7/$AD7) -> 0.03861581 | BK7: =IF(OR($AD7=0),"",AZ7/$AD7) -> 0.050823389 | BL7: =IF(OR($AD7=0),"",BA7/$AD7) -> 0.046837241 | BM7: =IF(OR($AD7=0),"",BB7/$AD7) -> 0.0055407459 | BN7: =IF(OR($AD7=0),"",BC7/$AD7) -> 0.0072149281 | BO7: =IF(OR($AD7=0),"",BD7/$AD7) -> 0.083336406
A8: =A7+1 -> 44260 | B8: 15894.13 | C8: 86122.3 | D8: 55274 | E8: 55800.2 | F8: 3493.25 | G8: 109118.4 | H8: 5596.3 | I8: 2566.3 | J8: 967 | K8: 56 | L8: 87692.3 | M8: 61126.9 | N8: 69362.5 | O8: 99515.2 | P8: 5229.9 | Q8: 7105 | R8: 4304.1 | S8: 4950.3 | T8: 6009.1 | U8: 16716.2 | V8: 49233.9 | W8: 49857.7 | X8: 1187.3 | Y8: 963.7 | Z8: =IF(OR(W8=""),"",(W8+X8+Y8)) -> 52008.7 | AA8: 56949.2 | AB8: 1905 | AC8: =IF(OR(AA8=""),"",(AA8+AB8)) -> 58854.2 | AD8: 117541 | AE8: =IF(OR(C9=""),"",(C9-C8)*80) -> 3680 | AF8: =IF(OR(D9=""),"",(D9-D8)*80) -> 456 | AG8: =IF(OR(E9=""),"",(E9-E8)*80) -> 0 | AH8: =IF(OR(F9=""),"",(F9-F8)*80) -> 819.2 | AI8: =IF(OR(G9=""),"",(G9-G8)*80) -> 2064 | AJ8: =IF(OR(AE8="",AF8="",AG8=""),"",AE8+AF8+AG8+AH8+AI8) -> 7019.2 | AK8: =IF(OR(H9=""),"",(H9-H8)*80) -> 0 | AL8: =IF(OR(I9=""),"",(I9-I8)*80) -> 0 | AM8: =IF(OR(J9=""),"",(J9-J8)*80) -> 0 | AN8: =IF(OR(K9=""),"",(K9-K8)*80) -> 0 | AO8: =IF(OR(AK8="",AL8=""),"",AK8+AL8+AM8+AN8) -> 0 | AP8: =IF(OR(L9=""),"",(L9-L8)*100) -> 1790 | AQ8: =IF(OR(M9=""),"",(M9-M8)*100) -> 0 | AR8: =IF(OR(N9=""),"",(N9-N8)*100) -> 1290 | AS8: =IF(OR(O9=""),"",(O9-O8)*100) -> 1630 | AT8: =IF(OR(AP8="",AQ8=""),"",AP8+AQ8+AR8+AS8) -> 4710 | AU8: =IF(OR(P9=""),"",(P9-P8)*1000) -> 300 | AV8: =IF(OR(Q9=""),"",(Q9-Q8)*1000) -> 0 | AW8: =IF(OR(R9=""),"",(R9-R8)*1000) -> 2900 | AX8: =IF(OR(S9=""),"",(S9-S8)*1000) -> 3300 | AY8: =IF(OR(T9=""),"",(T9-T8)*1000) -> 0 | AZ8: =IF(OR(AU8="",AV8="",AW8=""),"",AU8+AV8+AW8+AX8+AY8) -> 6500 | BA8: =IF(OR(U9=""),"",(U9-U8)*2000) -> 5800 | BB8: =IF(OR(V9=""),"",(V9-V8)*80) -> 1088 | BC8: =IF(OR(Z8=""),"",(Z9-Z8)*40) -> 1400 | BD8: =IF(OR(BE8="",BC8=""),"",BE8-BC8-BB8-BA8-AZ8-AT8-AO8-AJ8) -> 14182.8 | BE8: =IF(OR(B9=""),"",(B9-B8)*10000) -> 40700 | BF8: =IF(OR(AC9=""),"",AC9-AC8) -> 70.3 | BG8: =IF(OR($AD8=0),"",BE8/$AD8) -> 0.34626216 | BH8: =IF(OR($AD8=0),"",AJ8/$AD8) -> 0.059717035 | BI8: =IF(OR($AD8=0),"",AO8/$AD8) -> 0 | BJ8: =IF(OR($AD8=0),"",AT8/$AD8) -> 0.040071124 | BK8: =IF(OR($AD8=0),"",AZ8/$AD8) -> 0.055299853 | BL8: =IF(OR($AD8=0),"",BA8/$AD8) -> 0.049344484 | BM8: =IF(OR($AD8=0),"",BB8/$AD8) -> 0.0092563446 | BN8: =IF(OR($AD8=0),"",BC8/$AD8) -> 0.011910738 | BO8: =IF(OR($AD8=0),"",BD8/$AD8) -> 0.12066258
A9: =A8+1 -> 44261 | B9: 15898.2 | C9: 86168.3 | D9: 55279.7 | E9: 55800.2 | F9: 3503.49 | G9: 109144.2 | H9: 5596.3 | I9: 2566.3 | J9: 967 | K9: 56 | L9: 87710.2 | M9: 61126.9 | N9: 69375.4 | O9: 99531.5 | P9: 5230.2 | Q9: 7105 | R9: 4307 | S9: 4953.6 | T9: 6009.1 | U9: 16719.1 | V9: 49247.5 | W9: 49874.8 | X9: 1197.5 | Y9: 971.4 | Z9: =IF(OR(W9=""),"",(W9+X9+Y9)) -> 52043.7 | AA9: 56989.5 | AB9: 1935 | AC9: =IF(OR(AA9=""),"",(AA9+AB9)) -> 58924.5 | AD9: 175683 | AE9: =IF(OR(C10=""),"",(C10-C9)*80) -> 3784 | AF9: =IF(OR(D10=""),"",(D10-D9)*80) -> 1960 | AG9: =IF(OR(E10=""),"",(E10-E9)*80) -> 0 | AH9: =IF(OR(F10=""),"",(F10-F9)*80) -> 4 | AI9: =IF(OR(G10=""),"",(G10-G9)*80) -> 2256 | AJ9: =IF(OR(AE9="",AF9="",AG9=""),"",AE9+AF9+AG9+AH9+AI9) -> 8004 | AK9: =IF(OR(H10=""),"",(H10-H9)*80) -> 0 | AL9: =IF(OR(I10=""),"",(I10-I9)*80) -> 0 | AM9: =IF(OR(J10=""),"",(J10-J9)*80) -> 0 | AN9: =IF(OR(K10=""),"",(K10-K9)*80) -> 0 | AO9: =IF(OR(AK9="",AL9=""),"",AK9+AL9+AM9+AN9) -> 0 | AP9: =IF(OR(L10=""),"",(L10-L9)*100) -> 2250 | AQ9: =IF(OR(M10=""),"",(M10-M9)*100) -> 0 | AR9: =IF(OR(N10=""),"",(N10-N9)*100) -> 1660 | AS9: =IF(OR(O10=""),"",(O10-O9)*100) -> 2420 | AT9: =IF(OR(AP9="",AQ9=""),"",AP9+AQ9+AR9+AS9) -> 6330 | AU9: =IF(OR(P10=""),"",(P10-P9)*1000) -> 0 | AV9: =IF(OR(Q10=""),"",(Q10-Q9)*1000) -> 3900 | AW9: =IF(OR(R10=""),"",(R10-R9)*1000) -> 2100 | AX9: =IF(OR(S10=""),"",(S10-S9)*1000) -> 5000 | AY9: =IF(OR(T10=""),"",(T10-T9)*1000) -> 0 | AZ9: =IF(OR(AU9="",AV9="",AW9=""),"",AU9+AV9+AW9+AX9+AY9) -> 11000 | BA9: =IF(OR(U10=""),"",(U10-U9)*2000) -> 7200 | BB9: =IF(OR(V10=""),"",(V10-V9)*80) -> 1128 | BC9: =IF(OR(Z9=""),"",(Z10-Z9)*40) -> 1428 | BD9: =IF(OR(BE9="",BC9=""),"",BE9-BC9-BB9-BA9-AZ9-AT9-AO9-AJ9) -> 15110 | BE9: =IF(OR(B10=""),"",(B10-B9)*10000) -> 50200 | BF9: =IF(OR(AC10=""),"",AC10-AC9) -> 72.1 | BG9: =IF(OR($AD9=0),"",BE9/$AD9) -> 0.28574193 | BH9: =IF(OR($AD9=0),"",AJ9/$AD9) -> 0.045559331 | BI9: =IF(OR($AD9=0),"",AO9/$AD9) -> 0 | BJ9: =IF(OR($AD9=0),"",AT9/$AD9) -> 0.036030805 | BK9: =IF(OR($AD9=0),"",AZ9/$AD9) -> 0.062612774 | BL9: =IF(OR($AD9=0),"",BA9/$AD9) -> 0.040982907 | BM9: =IF(OR($AD9=0),"",BB9/$AD9) -> 0.0064206554 | BN9: =IF(OR($AD9=0),"",BC9/$AD9) -> 0.0081282765 | BO9: =IF(OR($AD9=0),"",BD9/$AD9) -> 0.086007183
A10: =A9+1 -> 44262 | B10: 15903.22 | C10: 86215.6 | D10: 55304.2 | E10: 55800.2 | F10: 3503.54 | G10: 109172.4 | H10: 5596.3 | I10: 2566.3 | J10: 967 | K10: 56 | L10: 87732.7 | M10: 61126.9 | N10: 69392 | O10: 99555.7 | P10: 5230.2 | Q10: 7108.9 | R10: 4309.1 | S10: 4958.6 | T10: 6009.1 | U10: 16722.7 | V10: 49261.6 | W10: 49892.2 | X10: 1207.9 | Y10: 979.3 | Z10: =IF(OR(W10=""),"",(W10+X10+Y10)) -> 52079.4 | AA10: 57030.6 | AB10: 1966 | AC10: =IF(OR(AA10=""),"",(AA10+AB10)) -> 58996.6 | AD10: 166645 | AE10: =IF(OR(C11=""),"",(C11-C10)*80) -> 3872 | AF10: =IF(OR(D11=""),"",(D11-D10)*80) -> 2144 | AG10: =IF(OR(E11=""),"",(E11-E10)*80) -> -8 | AH10: =IF(OR(F11=""),"",(F11-F10)*80) -> 4.8 | AI10: =IF(OR(G11=""),"",(G11-G10)*80) -> 2040 | AJ10: =IF(OR(AE10="",AF10="",AG10=""),"",AE10+AF10+AG10+AH10+AI10) -> 8052.8 | AK10: =IF(OR(H11=""),"",(H11-H10)*80) -> 0 | AL10: =IF(OR(I11=""),"",(I11-I10)*80) -> 0 | AM10: =IF(OR(J11=""),"",(J11-J10)*80) -> 0 | AN10: =IF(OR(K11=""),"",(K11-K10)*80) -> 0 | AO10: =IF(OR(AK10="",AL10=""),"",AK10+AL10+AM10+AN10) -> 0 | AP10: =IF(OR(L11=""),"",(L11-L10)*100) -> 1800 | AQ10: =IF(OR(M11=""),"",(M11-M10)*100) -> 10 | AR10: =IF(OR(N11=""),"",(N11-N10)*100) -> 1910 | AS10: =IF(OR(O11=""),"",(O11-O10)*100) -> 2500 | AT10: =IF(OR(AP10="",AQ10=""),"",AP10+AQ10+AR10+AS10) -> 6220 | AU10: =IF(OR(P11=""),"",(P11-P10)*1000) -> 100 | AV10: =IF(OR(Q11=""),"",(Q11-Q10)*1000) -> 1400 | AW10: =IF(OR(R11=""),"",(R11-R10)*1000) -> 3700 | AX10: =IF(OR(S11=""),"",(S11-S10)*1000) -> 5100 | AY10: =IF(OR(T11=""),"",(T11-T10)*1000) -> 0 | AZ10: =IF(OR(AU10="",AV10="",AW10=""),"",AU10+AV10+AW10+AX10+AY10) -> 10300 | BA10: =IF(OR(U11=""),"",(U11-U10)*2000) -> 7400 | BB10: =IF(OR(V11=""),"",(V11-V10)*80) -> 1096 | BC10: =IF(OR(Z10=""),"",(Z11-Z10)*40) -> 1428 | BD10: =IF(OR(BE10="",BC10=""),"",BE10-BC10-BB10-BA10-AZ10-AT10-AO10-AJ10) -> 17403.2 | BE10: =IF(OR(B11=""),"",(B11-B10)*10000) -> 51900 | BF10: =IF(OR(AC11=""),"",AC11-AC10) -> 71 | BG10: =IF(OR($AD10=0),"",BE10/$AD10) -> 0.31144049 | BH10: =IF(OR($AD10=0),"",AJ10/$AD10) -> 0.048323082 | BI10: =IF(OR($AD10=0),"",AO10/$AD10) -> 0 | BJ10: =IF(OR($AD10=0),"",AT10/$AD10) -> 0.037324852 | BK10: =IF(OR($AD10=0),"",AZ10/$AD10) -> 0.061808035 | BL10: =IF(OR($AD10=0),"",BA10/$AD10) -> 0.044405773 | BM10: =IF(OR($AD10=0),"",BB10/$AD10) -> 0.006576855 | BN10: =IF(OR($AD10=0),"",BC10/$AD10) -> 0.008569114 | BO10: =IF(OR($AD10=0),"",BD10/$AD10) -> 0.10443278
A11: =A10+1 -> 44263 | B11: 15908.41 | C11: 86264 | D11: 55331 | E11: 55800.1 | F11: 3503.6 | G11: 109197.9 | H11: 5596.3 | I11: 2566.3 | J11: 967 | K11: 56 | L11: 87750.7 | M11: 61127 | N11: 69411.1 | O11: 99580.7 | P11: 5230.3 | Q11: 7110.3 | R11: 4312.8 | S11: 4963.7 | T11: 6009.1 | U11: 16726.4 | V11: 49275.3 | W11: 49909.7 | X11: 1218.3 | Y11: 987.1 | Z11: =IF(OR(W11=""),"",(W11+X11+Y11)) -> 52115.1 | AA11: 57072.6 | AB11: 1995 | AC11: =IF(OR(AA11=""),"",(AA11+AB11)) -> 59067.6 | AD11: 142367 | AE11: =IF(OR(C12=""),"",(C12-C11)*80) -> 3808 | AF11: =IF(OR(D12=""),"",(D12-D11)*80) -> 1152 | AG11: =IF(OR(E12=""),"",(E12-E11)*80) -> 8 | AH11: =IF(OR(F12=""),"",(F12-F11)*80) -> 4 | AI11: =IF(OR(G12=""),"",(G12-G11)*80) -> 2128 | AJ11: =IF(OR(AE11="",AF11="",AG11=""),"",AE11+AF11+AG11+AH11+AI11) -> 7100 | AK11: =IF(OR(H12=""),"",(H12-H11)*80) -> 0 | AL11: =IF(OR(I12=""),"",(I12-I11)*80) -> 0 | AM11: =IF(OR(J12=""),"",(J12-J11)*80) -> 0 | AN11: =IF(OR(K12=""),"",(K12-K11)*80) -> 0 | AO11: =IF(OR(AK11="",AL11=""),"",AK11+AL11+AM11+AN11) -> 0 | AP11: =IF(OR(L12=""),"",(L12-L11)*100) -> 1780 | AQ11: =IF(OR(M12=""),"",(M12-M11)*100) -> 10 | AR11: =IF(OR(N12=""),"",(N12-N11)*100) -> 2020 | AS11: =IF(OR(O12=""),"",(O12-O11)*100) -> 1610 | AT11: =IF(OR(AP11="",AQ11=""),"",AP11+AQ11+AR11+AS11) -> 5420 | AU11: =IF(OR(P12=""),"",(P12-P11)*1000) -> 3300 | AV11: =IF(OR(Q12=""),"",(Q12-Q11)*1000) -> 0 | AW11: =IF(OR(R12=""),"",(R12-R11)*1000) -> 4600 | AX11: =IF(OR(S12=""),"",(S12-S11)*1000) -> 400 | AY11: =IF(OR(T12=""),"",(T12-T11)*1000) -> 0 | AZ11: =IF(OR(AU11="",AV11="",AW11=""),"",AU11+AV11+AW11+AX11+AY11) -> 8300 | BA11: =IF(OR(U12=""),"",(U12-U11)*2000) -> 7200 | BB11: =IF(OR(V12=""),"",(V12-V11)*80) -> 1128 | BC11: =IF(OR(Z11=""),"",(Z12-Z11)*40) -> 1392 | BD11: =IF(OR(BE11="",BC11=""),"",BE11-BC11-BB11-BA11-AZ11-AT11-AO11-AJ11) -> 17460 | BE11: =IF(OR(B12=""),"",(B12-B11)*10000) -> 48000 | BF11: =IF(OR(AC12=""),"",AC12-AC11) -> 73.6 | BG11: =IF(OR($AD11=0),"",BE11/$AD11) -> 0.33715678 | BH11: =IF(OR($AD11=0),"",AJ11/$AD11) -> 0.049871108 | BI11: =IF(OR($AD11=0),"",AO11/$AD11) -> 0 | BJ11: =IF(OR($AD11=0),"",AT11/$AD11) -> 0.03807062 | BK11: =IF(OR($AD11=0),"",AZ11/$AD11) -> 0.058300027 | BL11: =IF(OR($AD11=0),"",BA11/$AD11) -> 0.050573518 | BM11: =IF(OR($AD11=0),"",BB11/$AD11) -> 0.0079231844 | BN11: =IF(OR($AD11=0),"",BC11/$AD11) -> 0.0097775468 | BO11: =IF(OR($AD11=0),"",BD11/$AD11) -> 0.12264078
A12: =A11+1 -> 44264 | B12: 15913.21 | C12: 86311.6 | D12: 55345.4 | E12: 55800.2 | F12: 3503.65 | G12: 109224.5 | H12: 5596.3 | I12: 2566.3 | J12: 967 | K12: 56 | L12: 87768.5 | M12: 61127.1 | N12: 69431.3 | O12: 99596.8 | P12: 5233.6 | Q12: 7110.3 | R12: 4317.4 | S12: 4964.1 | T12: 6009.1 | U12: 16730 | V12: 49289.4 | W12: 49927.4 | X12: 1227.5 | Y12: 995 | Z12: =IF(OR(W12=""),"",(W12+X12+Y12)) -> 52149.9 | AA12: 57115.2 | AB12: 2026 | AC12: =IF(OR(AA12=""),"",(AA12+AB12)) -> 59141.2 | AD12: 196635 | AE12: =IF(OR(C13=""),"",(C13-C12)*80) -> 3336 | AF12: =IF(OR(D13=""),"",(D13-D12)*80) -> 32 | AG12: =IF(OR(E13=""),"",(E13-E12)*80) -> 0 | AH12: =IF(OR(F13=""),"",(F13-F12)*80) -> 4 | AI12: =IF(OR(G13=""),"",(G13-G12)*80) -> 1960 | AJ12: =IF(OR(AE12="",AF12="",AG12=""),"",AE12+AF12+AG12+AH12+AI12) -> 5332 | AK12: =IF(OR(H13=""),"",(H13-H12)*80) -> 0 | AL12: =IF(OR(I13=""),"",(I13-I12)*80) -> 0 | AM12: =IF(OR(J13=""),"",(J13-J12)*80) -> 0 | AN12: =IF(OR(K13=""),"",(K13-K12)*80) -> 0 | AO12: =IF(OR(AK12="",AL12=""),"",AK12+AL12+AM12+AN12) -> 0 | AP12: =IF(OR(L13=""),"",(L13-L12)*100) -> 2330 | AQ12: =IF(OR(M13=""),"",(M13-M12)*100) -> 0 | AR12: =IF(OR(N13=""),"",(N13-N12)*100) -> 2440 | AS12: =IF(OR(O13=""),"",(O13-O12)*100) -> 2420 | AT12: =IF(OR(AP12="",AQ12=""),"",AP12+AQ12+AR12+AS12) -> 7190 | AU12: =IF(OR(P13=""),"",(P13-P12)*1000) -> 0 | AV12: =IF(OR(Q13=""),"",(Q13-Q12)*1000) -> 0 | AW12: =IF(OR(R13=""),"",(R13-R12)*1000) -> 4500 | AX12: =IF(OR(S13=""),"",(S13-S12)*1000) -> 5000 | AY12: =IF(OR(T13=""),"",(T13-T12)*1000) -> 0 | AZ12: =IF(OR(AU12="",AV12="",AW12=""),"",AU12+AV12+AW12+AX12+AY12) -> 9500 | BA12: =IF(OR(U13=""),"",(U13-U12)*2000) -> 8800 | BB12: =IF(OR(V13=""),"",(V13-V12)*80) -> 1104 | BC12: =IF(OR(Z12=""),"",(Z13-Z12)*40) -> 1384 | BD12: =IF(OR(BE12="",BC12=""),"",BE12-BC12-BB12-BA12-AZ12-AT12-AO12-AJ12) -> 20390 | BE12: =IF(OR(B13=""),"",(B13-B12)*10000) -> 53700 | BF12: =IF(OR(AC13=""),"",AC13-AC12) -> 72.7 | BG12: =IF(OR($AD12=0),"",BE12/$AD12) -> 0.27309482 | BH12: =IF(OR($AD12=0),"",AJ12/$AD12) -> 0.027116231 | BI12: =IF(OR($AD12=0),"",AO12/$AD12) -> 0 | BJ12: =IF(OR($AD12=0),"",AT12/$AD12) -> 0.03656521 | BK12: =IF(OR($AD12=0),"",AZ12/$AD12) -> 0.048312864 | BL12: =IF(OR($AD12=0),"",BA12/$AD12) -> 0.044752969 | BM12: =IF(OR($AD12=0),"",BB12/$AD12) -> 0.0056144633 | BN12: =IF(OR($AD12=0),"",BC12/$AD12) -> 0.0070384214 | BO12: =IF(OR($AD12=0),"",BD12/$AD12) -> 0.10369466
A13: =A12+1 -> 44265 | B13: 15918.58 | C13: 86353.3 | D13: 55345.8 | E13: 55800.2 | F13: 3503.7 | G13: 109249 | H13: 5596.3 | I13: 2566.3 | J13: 967 | K13: 56 | L13: 87791.8 | M13: 61127.1 | N13: 69455.7 | O13: 99621 | P13: 5233.6 | Q13: 7110.3 | R13: 4321.9 | S13: 4969.1 | T13: 6009.1 | U13: 16734.4 | V13: 49303.2 | W13: 49944.8 | X13: 1237 | Y13: 1002.7 | Z13: =IF(OR(W13=""),"",(W13+X13+Y13)) -> 52184.5 | AA13: 57155.9 | AB13: 2058 | AC13: =IF(OR(AA13=""),"",(AA13+AB13)) -> 59213.9 | AD13: 155592 | AE13: =IF(OR(C14=""),"",(C14-C13)*80) -> 400 | AF13: =IF(OR(D14=""),"",(D14-D13)*80) -> 2792 | AG13: =IF(OR(E14=""),"",(E14-E13)*80) -> 0 | AH13: =IF(OR(F14=""),"",(F14-F13)*80) -> 4357.6 | AI13: =IF(OR(G14=""),"",(G14-G13)*80) -> 1472 | AJ13: =IF(OR(AE13="",AF13="",AG13=""),"",AE13+AF13+AG13+AH13+AI13) -> 9021.6 | AK13: =IF(OR(H14=""),"",(H14-H13)*80) -> 0 | AL13: =IF(OR(I14=""),"",(I14-I13)*80) -> 0 | AM13: =IF(OR(J14=""),"",(J14-J13)*80) -> 0 | AN13: =IF(OR(K14=""),"",(K14-K13)*80) -> 0 | AO13: =IF(OR(AK13="",AL13=""),"",AK13+AL13+AM13+AN13) -> 0 | AP13: =IF(OR(L14=""),"",(L14-L13)*100) -> 1490 | AQ13: =IF(OR(M14=""),"",(M14-M13)*100) -> 10 | AR13: =IF(OR(N14=""),"",(N14-N13)*100) -> 1970 | AS13: =IF(OR(O14=""),"",(O14-O13)*100) -> 2250 | AT13: =IF(OR(AP13="",AQ13=""),"",AP13+AQ13+AR13+AS13) -> 5720 | AU13: =IF(OR(P14=""),"",(P14-P13)*1000) -> 3100 | AV13: =IF(OR(Q14=""),"",(Q14-Q13)*1000) -> 1700 | AW13: =IF(OR(R14=""),"",(R14-R13)*1000) -> 3700 | AX13: =IF(OR(S14=""),"",(S14-S13)*1000) -> 0 | AY13: =IF(OR(T14=""),"",(T14-T13)*1000) -> 0 | AZ13: =IF(OR(AU13="",AV13="",AW13=""),"",AU13+AV13+AW13+AX13+AY13) -> 8500 | BA13: =IF(OR(U14=""),"",(U14-U13)*2000) -> 7400 | BB13: =IF(OR(V14=""),"",(V14-V13)*80) -> 1136 | BC13: =IF(OR(Z13=""),"",(Z14-Z13)*40) -> 1392 | BD13: =IF(OR(BE13="",BC13=""),"",BE13-BC13-BB13-BA13-AZ13-AT13-AO13-AJ13) -> 14530.4 | BE13: =IF(OR(B14=""),"",(B14-B13)*10000) -> 47700 | BF13: =IF(OR(AC14=""),"",AC14-AC13) -> 72.6 | BG13: =IF(OR($AD13=0),"",BE13/$AD13) -> 0.30657103 | BH13: =IF(OR($AD13=0),"",AJ13/$AD13) -> 0.057982416 | BI13: =IF(OR($AD13=0),"",AO13/$AD13) -> 0 | BJ13: =IF(OR($AD13=0),"",AT13/$AD13) -> 0.036762816 | BK13: =IF(OR($AD13=0),"",AZ13/$AD13) -> 0.054630058 | BL13: =IF(OR($AD13=0),"",BA13/$AD13) -> 0.047560286 | BM13: =IF(OR($AD13=0),"",BB13/$AD13) -> 0.0073011466 | BN13: =IF(OR($AD13=0),"",BC13/$AD13) -> 0.0089464754 | BO13: =IF(OR($AD13=0),"",BD13/$AD13) -> 0.093387835
A14: =A13+1 -> 44266 | B14: 15923.35 | C14: 86358.3 | D14: 55380.7 | E14: 55800.2 | F14: 3558.17 | G14: 109267.4 | H14: 5596.3 | I14: 2566.3 | J14: 967 | K14: 56 | L14: 87806.7 | M14: 61127.2 | N14: 69475.4 | O14: 99643.5 | P14: 5236.7 | Q14: 7112 | R14: 4325.6 | S14: 4969.1 | T14: 6009.1 | U14: 16738.1 | V14: 49317.4 | W14: 49962.1 | X14: 1246.7 | Y14: 1010.5 | Z14: =IF(OR(W14=""),"",(W14+X14+Y14)) -> 52219.3 | AA14: 57197.5 | AB14: 2089 | AC14: =IF(OR(AA14=""),"",(AA14+AB14)) -> 59286.5 | AD14: 173011 | AE14: =IF(OR(C15=""),"",(C15-C14)*80) -> 0 | AF14: =IF(OR(D15=""),"",(D15-D14)*80) -> 2680 | AG14: =IF(OR(E15=""),"",(E15-E14)*80) -> 0 | AH14: =IF(OR(F15=""),"",(F15-F14)*80) -> 2229.6 | AI14: =IF(OR(G15=""),"",(G15-G14)*80) -> 1520 | AJ14: =IF(OR(AE14="",AF14="",AG14=""),"",AE14+AF14+AG14+AH14+AI14) -> 6429.6 | AK14: =IF(OR(H15=""),"",(H15-H14)*80) -> 0 | AL14: =IF(OR(I15=""),"",(I15-I14)*80) -> 0 | AM14: =IF(OR(J15=""),"",(J15-J14)*80) -> 0 | AN14: =IF(OR(K15=""),"",(K15-K14)*80) -> 0 | AO14: =IF(OR(AK14="",AL14=""),"",AK14+AL14+AM14+AN14) -> 0 | AP14: =IF(OR(L15=""),"",(L15-L14)*100) -> 1680 | AQ14: =IF(OR(M15=""),"",(M15-M14)*100) -> 10 | AR14: =IF(OR(N15=""),"",(N15-N14)*100) -> 2100 | AS14: =IF(OR(O15=""),"",(O15-O14)*100) -> 2470 | AT14: =IF(OR(AP14="",AQ14=""),"",AP14+AQ14+AR14+AS14) -> 6260 | AU14: =IF(OR(P15=""),"",(P15-P14)*1000) -> 2100 | AV14: =IF(OR(Q15=""),"",(Q15-Q14)*1000) -> 0 | AW14: =IF(OR(R15=""),"",(R15-R14)*1000) -> 4800 | AX14: =IF(OR(S15=""),"",(S15-S14)*1000) -> 2300 | AY14: =IF(OR(T15=""),"",(T15-T14)*1000) -> 0 | AZ14: =IF(OR(AU14="",AV14="",AW14=""),"",AU14+AV14+AW14+AX14+AY14) -> 9200 | BA14: =IF(OR(U15=""),"",(U15-U14)*2000) -> 8200 | BB14: =IF(OR(V15=""),"",(V15-V14)*80) -> 1128 | BC14: =IF(OR(Z14=""),"",(Z15-Z14)*40) -> 1380 | BD14: =IF(OR(BE14="",BC14=""),"",BE14-BC14-BB14-BA14-AZ14-AT14-AO14-AJ14) -> 17602.4 | BE14: =IF(OR(B15=""),"",(B15-B14)*10000) -> 50200 | BF14: =IF(OR(AC15=""),"",AC15-AC14) -> 60.6 | BG14: =IF(OR($AD14=0),"",BE14/$AD14) -> 0.29015496 | BH14: =IF(OR($AD14=0),"",AJ14/$AD14) -> 0.037162955 | BI14: =IF(OR($AD14=0),"",AO14/$AD14) -> 0 | BJ14: =IF(OR($AD14=0),"",AT14/$AD14) -> 0.03618267 | BK14: =IF(OR($AD14=0),"",AZ14/$AD14) -> 0.05317581 | BL14: =IF(OR($AD14=0),"",BA14/$AD14) -> 0.04739583 | BM14: =IF(OR($AD14=0),"",BB14/$AD14) -> 0.0065198167 | BN14: =IF(OR($AD14=0),"",BC14/$AD14) -> 0.0079763714 | BO14: =IF(OR($AD14=0),"",BD14/$AD14) -> 0.10174151
A15: =A14+1 -> 44267 | B15: 15928.37 | C15: 86358.3 | D15: 55414.2 | E15: 55800.2 | F15: 3586.04 | G15: 109286.4 | H15: 5596.3 | I15: 2566.3 | J15: 967 | K15: 56 | L15: 87823.5 | M15: 61127.3 | N15: 69496.4 | O15: 99668.2 | P15: 5238.8 | Q15: 7112 | R15: 4330.4 | S15: 4971.4 | T15: 6009.1 | U15: 16742.2 | V15: 49331.5 | W15: 49979.4 | X15: 1256.2 | Y15: 1018.2 | Z15: =IF(OR(W15=""),"",(W15+X15+Y15)) -> 52253.8 | AA15: 57234.1 | AB15: 2113 | AC15: =IF(OR(AA15=""),"",(AA15+AB15)) -> 59347.1 | AD15: 170745 | AE15: =IF(OR(C16=""),"",(C16-C15)*80) -> 0 | AF15: =IF(OR(D16=""),"",(D16-D15)*80) -> 1688 | AG15: =IF(OR(E16=""),"",(E16-E15)*80) -> 0 | AH15: =IF(OR(F16=""),"",(F16-F15)*80) -> 2409.6 | AI15: =IF(OR(G16=""),"",(G16-G15)*80) -> 2152 | AJ15: =IF(OR(AE15="",AF15="",AG15=""),"",AE15+AF15+AG15+AH15+AI15) -> 6249.6 | AK15: =IF(OR(H16=""),"",(H16-H15)*80) -> 0 | AL15: =IF(OR(I16=""),"",(I16-I15)*80) -> 0 | AM15: =IF(OR(J16=""),"",(J16-J15)*80) -> 0 | AN15: =IF(OR(K16=""),"",(K16-K15)*80) -> 0 | AO15: =IF(OR(AK15="",AL15=""),"",AK15+AL15+AM15+AN15) -> 0 | AP15: =IF(OR(L16=""),"",(L16-L15)*100) -> 1510 | AQ15: =IF(OR(M16=""),"",(M16-M15)*100) -> -10 | AR15: =IF(OR(N16=""),"",(N16-N15)*100) -> 2470 | AS15: =IF(OR(O16=""),"",(O16-O15)*100) -> 2490 | AT15: =IF(OR(AP15="",AQ15=""),"",AP15+AQ15+AR15+AS15) -> 6460 | AU15: =IF(OR(P16=""),"",(P16-P15)*1000) -> 3700 | AV15: =IF(OR(Q16=""),"",(Q16-Q15)*1000) -> 0 | AW15: =IF(OR(R16=""),"",(R16-R15)*1000) -> 200 | AX15: =IF(OR(S16=""),"",(S16-S15)*1000) -> 5100 | AY15: =IF(OR(T16=""),"",(T16-T15)*1000) -> 0 | AZ15: =IF(OR(AU15="",AV15="",AW15=""),"",AU15+AV15+AW15+AX15+AY15) -> 9000 | BA15: =IF(OR(U16=""),"",(U16-U15)*2000) -> 8800 | BB15: =IF(OR(V16=""),"",(V16-V15)*80) -> 1128 | BC15: =IF(OR(Z15=""),"",(Z16-Z15)*40) -> 1404 | BD15: =IF(OR(BE15="",BC15=""),"",BE15-BC15-BB15-BA15-AZ15-AT15-AO15-AJ15) -> 17358.4 | BE15: =IF(OR(B16=""),"",(B16-B15)*10000) -> 50400 | BF15: =IF(OR(AC16=""),"",AC16-AC15) -> 46.9 | BG15: =IF(OR($AD15=0),"",BE15/$AD15) -> 0.29517702 | BH15: =IF(OR($AD15=0),"",AJ15/$AD15) -> 0.03660195 | BI15: =IF(OR($AD15=0),"",AO15/$AD15) -> 0 | BJ15: =IF(OR($AD15=0),"",AT15/$AD15) -> 0.037834197 | BK15: =IF(OR($AD15=0),"",AZ15/$AD15) -> 0.052710182 | BL15: =IF(OR($AD15=0),"",BA15/$AD15) -> 0.051538844 | BM15: =IF(OR($AD15=0),"",BB15/$AD15) -> 0.0066063428 | BN15: =IF(OR($AD15=0),"",BC15/$AD15) -> 0.0082227884 | BO15: =IF(OR($AD15=0),"",BD15/$AD15) -> 0.10166271
A16: =A15+1 -> 44268 | B16: 15933.41 | C16: 86358.3 | D16: 55435.3 | E16: 55800.2 | F16: 3616.16 | G16: 109313.3 | H16: 5596.3 | I16: 2566.3 | J16: 967 | K16: 56 | L16: 87838.6 | M16: 61127.2 | N16: 69521.1 | O16: 99693.1 | P16: 5242.5 | Q16: 7112 | R16: 4330.6 | S16: 4976.5 | T16: 6009.1 | U16: 16746.6 | V16: 49345.6 | W16: 49997.2 | X16: 1265.7 | Y16: 1026 | Z16: =IF(OR(W16=""),"",(W16+X16+Y16)) -> 52288.9 | AA16: 57277 | AB16: 2117 | AC16: =IF(OR(AA16=""),"",(AA16+AB16)) -> 59394 | AD16: 171333 | AE16: =IF(OR(C17=""),"",(C17-C16)*80) -> 0 | AF16: =IF(OR(D17=""),"",(D17-D16)*80) -> 2232 | AG16: =IF(OR(E17=""),"",(E17-E16)*80) -> 0 | AH16: =IF(OR(F17=""),"",(F17-F16)*80) -> 2455.2 | AI16: =IF(OR(G17=""),"",(G17-G16)*80) -> 1712 | AJ16: =IF(OR(AE16="",AF16="",AG16=""),"",AE16+AF16+AG16+AH16+AI16) -> 6399.2 | AK16: =IF(OR(H17=""),"",(H17-H16)*80) -> 0 | AL16: =IF(OR(I17=""),"",(I17-I16)*80) -> 0 | AM16: =IF(OR(J17=""),"",(J17-J16)*80) -> 0 | AN16: =IF(OR(K17=""),"",(K17-K16)*80) -> 0 | AO16: =IF(OR(AK16="",AL16=""),"",AK16+AL16+AM16+AN16) -> 0 | AP16: =IF(OR(L17=""),"",(L17-L16)*100) -> 1400 | AQ16: =IF(OR(M17=""),"",(M17-M16)*100) -> 0 | AR16: =IF(OR(N17=""),"",(N17-N16)*100) -> 2420 | AS16: =IF(OR(O17=""),"",(O17-O16)*100) -> 2410 | AT16: =IF(OR(AP16="",AQ16=""),"",AP16+AQ16+AR16+AS16) -> 6230 | AU16: =IF(OR(P17=""),"",(P17-P16)*1000) -> 1200 | AV16: =IF(OR(Q17=""),"",(Q17-Q16)*1000) -> 100 | AW16: =IF(OR(R17=""),"",(R17-R16)*1000) -> 2700 | AX16: =IF(OR(S17=""),"",(S17-S16)*1000) -> 4700 | AY16: =IF(OR(T17=""),"",(T17-T16)*1000) -> 0 | AZ16: =IF(OR(AU16="",AV16="",AW16=""),"",AU16+AV16+AW16+AX16+AY16) -> 8700 | BA16: =IF(OR(U17=""),"",(U17-U16)*2000) -> 8000 | BB16: =IF(OR(V17=""),"",(V17-V16)*80) -> 1120 | BC16: =IF(OR(Z16=""),"",(Z17-Z16)*40) -> 1344 | BD16: =IF(OR(BE16="",BC16=""),"",BE16-BC16-BB16-BA16-AZ16-AT16-AO16-AJ16) -> 17306.8 | BE16: =IF(OR(B17=""),"",(B17-B16)*10000) -> 49100 | BF16: =IF(OR(AC17=""),"",AC17-AC16) -> 44.1 | BG16: =IF(OR($AD16=0),"",BE16/$AD16) -> 0.28657643 | BH16: =IF(OR($AD16=0),"",AJ16/$AD16) -> 0.037349489 | BI16: =IF(OR($AD16=0),"",AO16/$AD16) -> 0 | BJ16: =IF(OR($AD16=0),"",AT16/$AD16) -> 0.036361938 | BK16: =IF(OR($AD16=0),"",AZ16/$AD16) -> 0.050778309 | BL16: =IF(OR($AD16=0),"",BA16/$AD16) -> 0.046692698 | BM16: =IF(OR($AD16=0),"",BB16/$AD16) -> 0.0065369777 | BN16: =IF(OR($AD16=0),"",BC16/$AD16) -> 0.0078443732 | BO16: =IF(OR($AD16=0),"",BD16/$AD16) -> 0.10101265
... A30: =A29+1 -> 44282 | B30: 16007.22 | C30: 86819.5 | D30: 55743.2 | E30: 55874.8 | F30: 3805.09 | G30: 109664.3 | H30: 5596.3 | I30: 2566.3 | J30: 967 | K30: 56 | L30: 88120.8 | M30: 61127.3 | N30: 69824.4 | O30: 100030.3 | P30: 5266.5 | Q30: 7123.5 | R30: 4362.3 | S30: 4993 | T30: 6117.7 | U30: 16804.9 | V30: 49522.9 | W30: 50241.3 | X30: 1386.8 | Y30: 1128.4 | Z30: =IF(OR(W30=""),"",(W30+X30+Y30)) -> 52756.5 | AA30: 57891.2 | AB30: 2227 | AC30: =IF(OR(AA30=""),"",(AA30+AB30)) -> 60118.2 | AD30: 159074 | AE30: =IF(OR(C31=""),"",(C31-C30)*80) -> 3920 | AF30: =IF(OR(D31=""),"",(D31-D30)*80) -> 960 | AG30: =IF(OR(E31=""),"",(E31-E30)*80) -> 0 | AH30: =IF(OR(F31=""),"",(F31-F30)*80) -> 1376.8 | AI30: =IF(OR(G31=""),"",(G31-G30)*80) -> 1824 | AJ30: =IF(OR(AE30="",AF30="",AG30=""),"",AE30+AF30+AG30+AH30+AI30) -> 8080.8 | AK30: =IF(OR(H31=""),"",(H31-H30)*80) -> 0 | AL30: =IF(OR(I31=""),"",(I31-I30)*80) -> 0 | AM30: =IF(OR(J31=""),"",(J31-J30)*80) -> 0 | AN30: =IF(OR(K31=""),"",(K31-K30)*80) -> 0 | AO30: =IF(OR(AK30="",AL30=""),"",AK30+AL30+AM30+AN30) -> 0 | AP30: =IF(OR(L31=""),"",(L31-L30)*100) -> 1730 | AQ30: =IF(OR(M31=""),"",(M31-M30)*100) -> 0 | AR30: =IF(OR(N31=""),"",(N31-N30)*100) -> 1680 | AS30: =IF(OR(O31=""),"",(O31-O30)*100) -> 2410 | AT30: =IF(OR(AP30="",AQ30=""),"",AP30+AQ30+AR30+AS30) -> 5820 | AU30: =IF(OR(P31=""),"",(P31-P30)*1000) -> 600 | AV30: =IF(OR(Q31=""),"",(Q31-Q30)*1000) -> 1200 | AW30: =IF(OR(R31=""),"",(R31-R30)*1000) -> 4000 | AX30: =IF(OR(S31=""),"",(S31-S30)*1000) -> 0 | AY30: =IF(OR(T31=""),"",(T31-T30)*1000) -> 8700 | AZ30: =IF(OR(AU30="",AV30="",AW30=""),"",AU30+AV30+AW30+AX30+AY30) -> 14500 | BA30: =IF(OR(U31=""),"",(U31-U30)*2000) -> 7200 | BB30: =IF(OR(V31=""),"",(V31-V30)*80) -> 920 | BC30: =IF(OR(Z30=""),"",(Z31-Z30)*40) -> 1296 | BD30: =IF(OR(BE30="",BC30=""),"",BE30-BC30-BB30-BA30-AZ30-AT30-AO30-AJ30) -> 14383.2 | BE30: =IF(OR(B31=""),"",(B31-B30)*10000) -> 52200 | BF30: =IF(OR(AC31=""),"",AC31-AC30) -> 68.1 | BG30: =IF(OR($AD30=0),"",BE30/$AD30) -> 0.32814916 | BH30: =IF(OR($AD30=0),"",AJ30/$AD30) -> 0.050798999 | BI30: =IF(OR($AD30=0),"",AO30/$AD30) -> 0 | BJ30: =IF(OR($AD30=0),"",AT30/$AD30) -> 0.036586746 | BK30: =IF(OR($AD30=0),"",AZ30/$AD30) -> 0.091152545 | BL30: =IF(OR($AD30=0),"",BA30/$AD30) -> 0.045261954 | BM30: =IF(OR($AD30=0),"",BB30/$AD30) -> 0.0057834718 | BN30: =IF(OR($AD30=0),"",BC30/$AD30) -> 0.0081471516 | BO30: =IF(OR($AD30=0),"",BD30/$AD30) -> 0.090418296
A31: =A30+1 -> 44283 | B31: 16012.44 | C31: 86868.5 | D31: 55755.2 | E31: 55874.8 | F31: 3822.3 | G31: 109687.1 | H31: 5596.3 | I31: 2566.3 | J31: 967 | K31: 56 | L31: 88138.1 | M31: 61127.3 | N31: 69841.2 | O31: 100054.4 | P31: 5267.1 | Q31: 7124.7 | R31: 4366.3 | S31: 4993 | T31: 6126.4 | U31: 16808.5 | V31: 49534.4 | W31: 50257.7 | X31: 1395.5 | Y31: 1135.7 | Z31: =IF(OR(W31=""),"",(W31+X31+Y31)) -> 52788.9 | AA31: 57934.3 | AB31: 2252 | AC31: =IF(OR(AA31=""),"",(AA31+AB31)) -> 60186.3 | AD31: 164269 | AE31: =IF(OR(C32=""),"",(C32-C31)*80) -> 3952 | AF31: =IF(OR(D32=""),"",(D32-D31)*80) -> 1704 | AG31: =IF(OR(E32=""),"",(E32-E31)*80) -> 0 | AH31: =IF(OR(F32=""),"",(F32-F31)*80) -> 520 | AI31: =IF(OR(G32=""),"",(G32-G31)*80) -> 2264 | AJ31: =IF(OR(AE31="",AF31="",AG31=""),"",AE31+AF31+AG31+AH31+AI31) -> 8440 | AK31: =IF(OR(H32=""),"",(H32-H31)*80) -> 0 | AL31: =IF(OR(I32=""),"",(I32-I31)*80) -> 0 | AN31: =IF(OR(K32=""),"",(K32-K31)*80) -> 0 | AO31: =IF(OR(AK31="",AL31=""),"",AK31+AL31+AM31+AN31) -> 0 | AP31: =IF(OR(L32=""),"",(L32-L31)*100) -> 1740 | AQ31: =IF(OR(M32=""),"",(M32-M31)*100) -> 0 | AR31: =IF(OR(N32=""),"",(N32-N31)*100) -> 1920 | AS31: =IF(OR(O32=""),"",(O32-O31)*100) -> 2440 | AT31: =IF(OR(AP31="",AQ31=""),"",AP31+AQ31+AR31+AS31) -> 6100 | AU31: =IF(OR(P32=""),"",(P32-P31)*1000) -> 0 | AV31: =IF(OR(Q32=""),"",(Q32-Q31)*1000) -> 0 | AW31: =IF(OR(R32=""),"",(R32-R31)*1000) -> 4600 | AX31: =IF(OR(S32=""),"",(S32-S31)*1000) -> 0 | AY31: =IF(OR(T32=""),"",(T32-T31)*1000) -> 8800 | AZ31: =IF(OR(AU31="",AV31="",AW31=""),"",AU31+AV31+AW31+AX31+AY31) -> 13400 | BA31: =IF(OR(U32=""),"",(U32-U31)*2000) -> 8600 | BB31: =IF(OR(V32=""),"",(V32-V31)*80) -> 1016 | BC31: =IF(OR(Z31=""),"",(Z32-Z31)*40) -> 1348 | BD31: =IF(OR(BE31="",BC31=""),"",BE31-BC31-BB31-BA31-AZ31-AT31-AO31-AJ31) -> 14496 | BE31: =IF(OR(B32=""),"",(B32-B31)*10000) -> 53400 | BF31: =IF(OR(AC32=""),"",AC32-AC31) -> 64.4 | BG31: =IF(OR($AD31=0),"",BE31/$AD31) -> 0.32507655 | BH31: =IF(OR($AD31=0),"",AJ31/$AD31) -> 0.05137914 | BI31: =IF(OR($AD31=0),"",AO31/$AD31) -> 0 | BJ31: =IF(OR($AD31=0),"",AT31/$AD31) -> 0.037134213 | BK31: =IF(OR($AD31=0),"",AZ31/$AD31) -> 0.081573517 | BL31: =IF(OR($AD31=0),"",BA31/$AD31) -> 0.052353152 | BM31: =IF(OR($AD31=0),"",BB31/$AD31) -> 0.0061849771 | BN31: =IF(OR($AD31=0),"",BC31/$AD31) -> 0.0082060523 | BO31: =IF(OR($AD31=0),"",BD31/$AD31) -> 0.0882455
A32: =A31+1 -> 44284 | B32: 16017.78 | C32: 86917.9 | D32: 55776.5 | E32: 55874.8 | F32: 3828.8 | G32: 109715.4 | H32: 5596.3 | I32: 2566.3 | J32: 967 | K32: 56 | L32: 88155.5 | M32: 61127.3 | N32: 69860.4 | O32: 100078.8 | P32: 5267.1 | Q32: 7124.7 | R32: 4370.9 | S32: 4993 | T32: 6135.2 | U32: 16812.8 | V32: 49547.1 | W32: 50275.1 | X32: 1404.3 | Y32: 1143.2 | Z32: =IF(OR(W32=""),"",(W32+X32+Y32)) -> 52822.6 | AA32: 57975.7 | AB32: 2275 | AC32: =IF(OR(AA32=""),"",(AA32+AB32)) -> 60250.7 | AD32: 165370 | AE32: =IF(OR(C33=""),"",(C33-C32)*80) -> 3888 | AF32: =IF(OR(D33=""),"",(D33-D32)*80) -> 248 | AG32: =IF(OR(E33=""),"",(E33-E32)*80) -> 0 | AH32: =IF(OR(F33=""),"",(F33-F32)*80) -> 1798.4 | AI32: =IF(OR(G33=""),"",(G33-G32)*80) -> 1872 | AJ32: =IF(OR(AE32="",AF32="",AG32=""),"",AE32+AF32+AG32+AH32+AI32) -> 7806.4 | AK32: =IF(OR(H33=""),"",(H33-H32)*80) -> 0 | AL32: =IF(OR(I33=""),"",(I33-I32)*80) -> 0 | AM32: =IF(OR(J33=""),"",(J33-J32)*80) -> 0 | AN32: =IF(OR(K33=""),"",(K33-K32)*80) -> 0 | AO32: =IF(OR(AK32="",AL32=""),"",AK32+AL32+AM32+AN32) -> 0 | AP32: =IF(OR(L33=""),"",(L33-L32)*100) -> 1800 | AQ32: =IF(OR(M33=""),"",(M33-M32)*100) -> 0 | AR32: =IF(OR(N33=""),"",(N33-N32)*100) -> 2020 | AS32: =IF(OR(O33=""),"",(O33-O32)*100) -> 2330 | AT32: =IF(OR(AP32="",AQ32=""),"",AP32+AQ32+AR32+AS32) -> 6150 | AU32: =IF(OR(P33=""),"",(P33-P32)*1000) -> 1100 | AV32: =IF(OR(Q33=""),"",(Q33-Q32)*1000) -> 0 | AW32: =IF(OR(R33=""),"",(R33-R32)*1000) -> 3500 | AX32: =IF(OR(S33=""),"",(S33-S32)*1000) -> 0 | AY32: =IF(OR(T33=""),"",(T33-T32)*1000) -> 9100 | AZ32: =IF(OR(AU32="",AV32="",AW32=""),"",AU32+AV32+AW32+AX32+AY32) -> 13700 | BA32: =IF(OR(U33=""),"",(U33-U32)*2000) -> 8800 | BB32: =IF(OR(V33=""),"",(V33-V32)*80) -> 712 | BC32: =IF(OR(Z32=""),"",(Z33-Z32)*40) -> 1308 | BD32: =IF(OR(BE32="",BC32=""),"",BE32-BC32-BB32-BA32-AZ32-AT32-AO32-AJ32) -> 14123.6 | BE32: =IF(OR(B33=""),"",(B33-B32)*10000) -> 52600 | BF32: =IF(OR(AC33=""),"",AC33-AC32) -> 68.3 | BG32: =IF(OR($AD32=0),"",BE32/$AD32) -> 0.31807462 | BH32: =IF(OR($AD32=0),"",AJ32/$AD32) -> 0.04720566 | BI32: =IF(OR($AD32=0),"",AO32/$AD32) -> 0 | BJ32: =IF(OR($AD32=0),"",AT32/$AD32) -> 0.037189333 | BK32: =IF(OR($AD32=0),"",AZ32/$AD32) -> 0.08284453 | BL32: =IF(OR($AD32=0),"",BA32/$AD32) -> 0.053214005 | BM32: =IF(OR($AD32=0),"",BB32/$AD32) -> 0.0043054968 | BN32: =IF(OR($AD32=0),"",BC32/$AD32) -> 0.0079095362 | BO32: =IF(OR($AD32=0),"",BD32/$AD32) -> 0.085406059
A33: =A32+1 -> 44285 | B33: 16023.04 | C33: 86966.5 | D33: 55779.6 | E33: 55874.8 | F33: 3851.28 | G33: 109738.8 | H33: 5596.3 | I33: 2566.3 | J33: 967 | K33: 56 | L33: 88173.5 | M33: 61127.3 | N33: 69880.6 | O33: 100102.1 | P33: 5268.2 | Q33: 7124.7 | R33: 4374.4 | S33: 4993 | T33: 6144.3 | U33: 16817.2 | V33: 49556 | W33: 50292.2 | X33: 1412.7 | Y33: 1150.4 | Z33: =IF(OR(W33=""),"",(W33+X33+Y33)) -> 52855.3 | AA33: 58017 | AB33: 2302 | AC33: =IF(OR(AA33=""),"",(AA33+AB33)) -> 60319 | AD33: 166798 | AE33: =IF(OR(C34=""),"",(C34-C33)*80) -> 3816 | AF33: =IF(OR(D34=""),"",(D34-D33)*80) -> 104 | AG33: =IF(OR(E34=""),"",(E34-E33)*80) -> 0 | AH33: =IF(OR(F34=""),"",(F34-F33)*80) -> 1839.2 | AI33: =IF(OR(G34=""),"",(G34-G33)*80) -> 2152 | AJ33: =IF(OR(AE33="",AF33="",AG33=""),"",AE33+AF33+AG33+AH33+AI33) -> 7911.2 | AK33: =IF(OR(H34=""),"",(H34-H33)*80) -> 0 | AL33: =IF(OR(I34=""),"",(I34-I33)*80) -> 0 | AM33: =IF(OR(J34=""),"",(J34-J33)*80) -> 0 | AN33: =IF(OR(K34=""),"",(K34-K33)*80) -> 0 | AO33: =IF(OR(AK33="",AL33=""),"",AK33+AL33+AM33+AN33) -> 0 | AP33: =IF(OR(L34=""),"",(L34-L33)*100) -> 1920 | AQ33: =IF(OR(M34=""),"",(M34-M33)*100) -> 0 | AR33: =IF(OR(N34=""),"",(N34-N33)*100) -> 2020 | AS33: =IF(OR(O34=""),"",(O34-O33)*100) -> 2340 | AT33: =IF(OR(AP33="",AQ33=""),"",AP33+AQ33+AR33+AS33) -> 6280 | AU33: =IF(OR(P34=""),"",(P34-P33)*1000) -> 900 | AV33: =IF(OR(Q34=""),"",(Q34-Q33)*1000) -> 0 | AW33: =IF(OR(R34=""),"",(R34-R33)*1000) -> 3300 | AX33: =IF(OR(S34=""),"",(S34-S33)*1000) -> 0 | AY33: =IF(OR(T34=""),"",(T34-T33)*1000) -> 8400 | AZ33: =IF(OR(AU33="",AV33="",AW33=""),"",AU33+AV33+AW33+AX33+AY33) -> 12600 | BA33: =IF(OR(U34=""),"",(U34-U33)*2000) -> 9000 | BB33: =IF(OR(V34=""),"",(V34-V33)*80) -> 592 | BC33: =IF(OR(Z33=""),"",(Z34-Z33)*40) -> 1304 | BD33: =IF(OR(BE33="",BC33=""),"",BE33-BC33-BB33-BA33-AZ33-AT33-AO33-AJ33) -> 13712.8 | BE33: =IF(OR(B34=""),"",(B34-B33)*10000) -> 51400 | BF33: =IF(OR(AC34=""),"",AC34-AC33) -> 67.3 | BG33: =IF(OR($AD33=0),"",BE33/$AD33) -> 0.30815717 | BH33: =IF(OR($AD33=0),"",AJ33/$AD33) -> 0.047429825 | BI33: =IF(OR($AD33=0),"",AO33/$AD33) -> 0 | BJ33: =IF(OR($AD33=0),"",AT33/$AD33) -> 0.037650332 | BK33: =IF(OR($AD33=0),"",AZ33/$AD33) -> 0.075540474 | BL33: =IF(OR($AD33=0),"",BA33/$AD33) -> 0.053957482 | BM33: =IF(OR($AD33=0),"",BB33/$AD33) -> 0.0035492032 | BN33: =IF(OR($AD33=0),"",BC33/$AD33) -> 0.0078178395 | BO33: =IF(OR($AD33=0),"",BD33/$AD33) -> 0.082212017
A34: =A33+1 -> 44286 | B34: 16028.18 | C34: 87014.2 | D34: 55780.9 | E34: 55874.8 | F34: 3874.27 | G34: 109765.7 | H34: 5596.3 | I34: 2566.3 | J34: 967 | K34: 56 | L34: 88192.7 | M34: 61127.3 | N34: 69900.8 | O34: 100125.5 | P34: 5269.1 | Q34: 7124.7 | R34: 4377.7 | S34: 4993 | T34: 6152.7 | U34: 16821.7 | V34: 49563.4 | W34: 50309.2 | X34: 1421.2 | Y34: 1157.5 | Z34: =IF(OR(W34=""),"",(W34+X34+Y34)) -> 52887.9 | AA34: 58060.3 | AB34: 2326 | AC34: =IF(OR(AA34=""),"",(AA34+AB34)) -> 60386.3 | AD34: 176179 | AE34: =IF(OR(C35=""),"",(C35-C34)*80) -> 3848 | AF34: =IF(OR(D35=""),"",(D35-D34)*80) -> 288 | AG34: =IF(OR(E35=""),"",(E35-E34)*80) -> 0 | AH34: =IF(OR(F35=""),"",(F35-F34)*80) -> 1888.8 | AI34: =IF(OR(G35=""),"",(G35-G34)*80) -> 2176 | AJ34: =IF(OR(AE34="",AF34="",AG34=""),"",AE34+AF34+AG34+AH34+AI34) -> 8200.8 | AK34: =IF(OR(H35=""),"",(H35-H34)*80) -> 0 | AL34: =IF(OR(I35=""),"",(I35-I34)*80) -> 0 | AM34: =IF(OR(J35=""),"",(J35-J34)*80) -> 0 | AN34: =IF(OR(K35=""),"",(K35-K34)*80) -> 0 | AO34: =IF(OR(AK34="",AL34=""),"",AK34+AL34+AM34+AN34) -> 0 | AP34: =IF(OR(L35=""),"",(L35-L34)*100) -> 1930 | AQ34: =IF(OR(M35=""),"",(M35-M34)*100) -> 2630 | AR34: =IF(OR(N35=""),"",(N35-N34)*100) -> 200 | AS34: =IF(OR(O35=""),"",(O35-O34)*100) -> 2450 | AT34: =IF(OR(AP34="",AQ34=""),"",AP34+AQ34+AR34+AS34) -> 7210 | AU34: =IF(OR(P35=""),"",(P35-P34)*1000) -> 1000 | AV34: =IF(OR(Q35=""),"",(Q35-Q34)*1000) -> 0 | AW34: =IF(OR(R35=""),"",(R35-R34)*1000) -> 2900 | AX34: =IF(OR(S35=""),"",(S35-S34)*1000) -> 0 | AY34: =IF(OR(T35=""),"",(T35-T34)*1000) -> 8400 | AZ34: =IF(OR(AU34="",AV34="",AW34=""),"",AU34+AV34+AW34+AX34+AY34) -> 12300 | BA34: =IF(OR(U35=""),"",(U35-U34)*2000) -> 9800 | BB34: =IF(OR(V35=""),"",(V35-V34)*80) -> 568 | BC34: =IF(OR(Z34=""),"",(Z35-Z34)*40) -> 1300 | BD34: =IF(OR(BE34="",BC34=""),"",BE34-BC34-BB34-BA34-AZ34-AT34-AO34-AJ34) -> 13121.2 | BE34: =IF(OR(B35=""),"",(B35-B34)*10000) -> 52500 | BF34: =IF(OR(AC35=""),"",AC35-AC34) -> 67 | BG34: =IF(OR($AD34=0),"",BE34/$AD34) -> 0.29799238 | BH34: =IF(OR($AD34=0),"",AJ34/$AD34) -> 0.046548113 | BI34: =IF(OR($AD34=0),"",AO34/$AD34) -> 0 | BJ34: =IF(OR($AD34=0),"",AT34/$AD34) -> 0.040924287 | BK34: =IF(OR($AD34=0),"",AZ34/$AD34) -> 0.069815358 | BL34: =IF(OR($AD34=0),"",BA34/$AD34) -> 0.055625245 | BM34: =IF(OR($AD34=0),"",BB34/$AD34) -> 0.0032239938 | BN34: =IF(OR($AD34=0),"",BC34/$AD34) -> 0.007378859 | BO34: =IF(OR($AD34=0),"",BD34/$AD34) -> 0.074476527
A35: =A34+1 -> 44287 | B35: 16033.43 | C35: 87062.3 | D35: 55784.5 | E35: 55874.8 | F35: 3897.88 | G35: 109792.9 | H35: 5596.3 | I35: 2566.3 | J35: 967 | K35: 56 | L35: 88212 | M35: 61153.6 | N35: 69902.8 | O35: 100150 | P35: 5270.1 | Q35: 7124.7 | R35: 4380.6 | S35: 4993 | T35: 6161.1 | U35: 16826.6 | V35: 49570.5 | W35: 50326.3 | X35: 1429.6 | Y35: 1164.5 | Z35: =IF(OR(W35=""),"",(W35+X35+Y35)) -> 52920.4 | AA35: 58103.3 | AB35: 2350 | AC35: =IF(OR(AA35=""),"",(AA35+AB35)) -> 60453.3 | BE35: 总水量 | BF35: 总电量 | BG35: =SUM(BE4:BE34) -> 1618500 | BH35: =SUM(AJ4:AJ34) -> 243260.8 | BI35: =SUM(AO4:AO34) -> 0 | BJ35: =SUM(AT4:AT34) -> 203040 | BK35: =SUM(AZ4:AZ34) -> 378300 | BL35: =SUM(BA4:BA34) -> 259400 | BM35: =SUM(BB4:BB34) -> 31016 | BN35: =SUM(BC4:BC34) -> 42248 | BO35: =SUM(BD4:BD34) -> 461235.2
BE36: =SUM(AD4:AD34) -> 5399710 | BF36: 总单耗 | BG36: =IF(OR(BG35=0),"",ROUND(BG35/$BE$36,3)) -> 0.3 | BH36: =IF(OR(BH35=0),"",ROUND(BH35/$BE$36,4)) -> 0.0451 | BI36: =IF(OR(BI35=0),"",ROUND(BI35/$BE$36,4)) | BJ36: =IF(OR(BJ35=0),"",ROUND(BJ35/$BE$36,4)) -> 0.0376 | BK36: =IF(OR(BK35=0),"",ROUND(BK35/$BE$36,4)) -> 0.0701 | BL36: =IF(OR(BL35=0),"",ROUND(BL35/$BE$36,4)) -> 0.048 | BM36: =IF(OR(BM35=0),"",ROUND(BM35/$BE$36,4)) -> 0.0057 | BN36: =IF(OR(BN35=0),"",ROUND(BN35/$BE$36,4)) -> 0.0078 | BO36: =IF(OR(BO35=0),"",ROUND(BO35/$BE$36,4)) -> 0.0854

Sheet 4
B2: 高配电 表计数 | C2: 一次提升 | H2: 二次提升 | L2: 三次提升 | P2: 高压鼓风机 | U2: 提标 电表 | V2: 脱水 电表 | W2: 旧除臭 电表 | X2: 新除臭电表 | Z2: 除臭 总电表 | AA2: 旧除臭 水表 | AB2: 新除臭 水表 | AC2: 除臭 总水表 | AD2: 实际处 理水量 | AE2: 一次提升用电 | AK2: 二次提升 | AP2: 三次提升 | AU2: 高压鼓风机 | BA2: 提标电量 | BB2: 脱水电量 | BC2: 除臭电量 | BD2: 其他用电量 | BE2: 总电量 | BF2: 除臭水量 | BG2: 总单耗 | BH2: 一次提 升单耗 | BI2: 二次提 升单耗 | BJ2: 三次提 升单耗 | BK2: 风机 单耗 | BL2: 提标 总单耗 | BM2: 脱水 单耗 | BN2: 除臭 单耗 | BO2: 其他 单耗
C3: 1#泵 | D3: 2#泵 | E3: 3#泵 | F3: 4#泵 | G3: 5#泵 | H3: 1#泵 | I3: 2#泵 | J3: 3#泵 | K3: 4#泵 | L3: 1#泵 | M3: 2#泵 | N3: 3#泵 | O3: 4#泵 | P3: 1#风机 | Q3: 2#风机 | R3: 3#风机 | S3: 4#风机 | T3: 5#风机 | X3: 1# | Y3: 2# | AE3: 1#泵 | AF3: 2#泵 | AG3: 3#泵 | AH3: 4#泵 | AI3: 5#泵 | AJ3: 提升电量 | AK3: 1#泵 | AL3: 2#泵 | AM3: 3#泵 | AN3: 4#泵 | AO3: 提升电量 | AP3: 1#泵 | AQ3: 2#泵 | AR3: 3#泵 | AS3: 4#泵 | AT3: 提升电量 | AU3: 1#风机 | AV3: 2#风机 | AW3: 3#风机 | AX3: 4#风机 | AY3: 5#风机 | AZ3: 风机电量
A4: ='3'!A35 -> 44287 | B4: 16033.43 | C4: 87062.3 | D4: 55784.5 | E4: 55874.8 | F4: 3897.88 | G4: 109792.9 | H4: 5596.3 | I4: 2566.3 | J4: 967 | K4: 56 | L4: 88212 | M4: 61153.6 | N4: 69902.8 | O4: 100150 | P4: 5270.1 | Q4: 7124.7 | R4: 4380.6 | S4: 4993 | T4: 6161.1 | U4: 16826.6 | V4: 49570.5 | W4: 50326.3 | X4: 1429.6 | Y4: 1164.5 | Z4: =IF(OR(W4=""),"",(W4+X4+Y4)) -> 52920.4 | AA4: 58103.3 | AB4: 2350 | AC4: 60453.3 | AD4: 200903 | AE4: =IF(OR(C5=""),"",(C5-C4)*80) -> 3936 | AF4: =IF(OR(D5=""),"",(D5-D4)*80) -> 1520 | AG4: =IF(OR(E5=""),"",(E5-E4)*80) -> 0 | AH4: =IF(OR(F5=""),"",(F5-F4)*80) -> 1249.6 | AI4: =IF(OR(G5=""),"",(G5-G4)*80) -> 2000 | AJ4: =IF(OR(AE4="",AF4="",AG4=""),"",AE4+AF4+AG4+AH4+AI4) -> 8705.6 | AK4: =IF(OR(H5=""),"",(H5-H4)*80) -> 0 | AL4: =IF(OR(I5=""),"",(I5-I4)*80) -> 0 | AM4: =IF(OR(J5=""),"",(J5-J4)*80) -> 0 | AN4: =IF(OR(K5=""),"",(K5-K4)*80) -> 0 | AO4: =IF(OR(AK4="",AL4=""),"",AK4+AL4+AM4+AN4) -> 0 | AP4: =IF(OR(L5=""),"",(L5-L4)*100) -> 2490 | AQ4: =IF(OR(M5=""),"",(M5-M4)*100) -> 3440 | AR4: =IF(OR(N5=""),"",(N5-N4)*100) -> 0 | AS4: =IF(OR(O5=""),"",(O5-O4)*100) -> 2430 | AT4: =IF(OR(AP4="",AQ4=""),"",AP4+AQ4+AR4+AS4) -> 8360 | AU4: =IF(OR(P5=""),"",(P5-P4)*1000) -> 3000 | AV4: =IF(OR(Q5=""),"",(Q5-Q4)*1000) -> 0 | AW4: =IF(OR(R5=""),"",(R5-R4)*1000) -> 1500 | AX4: =IF(OR(S5=""),"",(S5-S4)*1000) -> 0 | AY4: =IF(OR(T5=""),"",(T5-T4)*1000) -> 9200 | AZ4: =IF(OR(AU4="",AV4="",AW4=""),"",AU4+AV4+AW4+AX4+AY4) -> 13700 | BA4: =IF(OR(U5=""),"",(U5-U4)*2000) -> 11000 | BB4: =IF(OR(V5=""),"",(V5-V4)*80) -> 936 | BC4: =IF(OR(Z4=""),"",(Z5-Z4)*40) -> 1336 | BD4: =IF(OR(BE4="",BC4=""),"",BE4-BC4-BB4-BA4-AZ4-AT4-AO4-AJ4) -> 11562.4 | BE4: =IF(OR(B5=""),"",(B5-B4)*10000) -> 55600 | BF4: =IF(OR(AC5=""),"",AC5-AC4) -> 62.5 | BG4: =IF(OR($AD4=0),"",BE4/$AD4) -> 0.27675047 | BH4: =IF(OR($AD4=0),"",AJ4/$AD4) -> 0.043332354 | BI4: =IF(OR($AD4=0),"",AO4/$AD4) -> 0 | BJ4: =IF(OR($AD4=0),"",AT4/$AD4) -> 0.041612121 | BK4: =IF(OR($AD4=0),"",AZ4/$AD4) -> 0.068192113 | BL4: =IF(OR($AD4=0),"",BA4/$AD4) -> 0.054752791 | BM4: =IF(OR($AD4=0),"",BB4/$AD4) -> 0.0046589648 | BN4: =IF(OR($AD4=0),"",BC4/$AD4) -> 0.0066499754 | BO4: =IF(OR($AD4=0),"",BD4/$AD4) -> 0.057552152
A5: =A4+1 -> 44288 | B5: 16038.99 | C5: 87111.5 | D5: 55803.5 | E5: 55874.8 | F5: 3913.5 | G5: 109817.9 | H5: 5596.3 | I5: 2566.3 | J5: 967 | K5: 56 | L5: 88236.9 | M5: 61188 | N5: 69902.8 | O5: 100174.3 | P5: 5273.1 | Q5: 7124.7 | R5: 4382.1 | S5: 4993 | T5: 6170.3 | U5: 16832.1 | V5: 49582.2 | W5: 50343.7 | X5: 1438.4 | Y5: 1171.7 | Z5: =IF(OR(W5=""),"",(W5+X5+Y5)) -> 52953.8 | AA5: 58142.8 | AB5: 2373 | AC5: =IF(OR(AA5=""),"",(AA5+AB5)) -> 60515.8 | AD5: 201734 | AE5: =IF(OR(C6=""),"",(C6-C5)*80) -> 3800 | AF5: =IF(OR(D6=""),"",(D6-D5)*80) -> 3048 | AG5: =IF(OR(E6=""),"",(E6-E5)*80) -> 0 | AH5: =IF(OR(F6=""),"",(F6-F5)*80) -> 10.4 | AI5: =IF(OR(G6=""),"",(G6-G5)*80) -> 2520 | AJ5: =IF(OR(AE5="",AF5="",AG5=""),"",AE5+AF5+AG5+AH5+AI5) -> 9378.4 | AK5: =IF(OR(H6=""),"",(H6-H5)*80) -> 0 | AL5: =IF(OR(I6=""),"",(I6-I5)*80) -> 0 | AM5: =IF(OR(J6=""),"",(J6-J5)*80) -> 0 | AN5: =IF(OR(K6=""),"",(K6-K5)*80) -> 0 | AO5: =IF(OR(AK5="",AL5=""),"",AK5+AL5+AM5+AN5) -> 0 | AP5: =IF(OR(L6=""),"",(L6-L5)*100) -> 2740 | AQ5: =IF(OR(M6=""),"",(M6-M5)*100) -> 60 | AR5: =IF(OR(N6=""),"",(N6-N5)*100) -> 2450 | AS5: =IF(OR(O6=""),"",(O6-O5)*100) -> 2410 | AT5: =IF(OR(AP5="",AQ5=""),"",AP5+AQ5+AR5+AS5) -> 7660 | AU5: =IF(OR(P6=""),"",(P6-P5)*1000) -> 0 | AV5: =IF(OR(Q6=""),"",(Q6-Q5)*1000) -> 4800 | AW5: =IF(OR(R6=""),"",(R6-R5)*1000) -> 1600 | AX5: =IF(OR(S6=""),"",(S6-S5)*1000) -> 0 | AY5: =IF(OR(T6=""),"",(T6-T5)*1000) -> 9200 | AZ5: =IF(OR(AU5="",AV5="",AW5=""),"",AU5+AV5+AW5+AX5+AY5) -> 15600 | BA5: =IF(OR(U6=""),"",(U6-U5)*2000) -> 10000 | BB5: =IF(OR(V6=""),"",(V6-V5)*80) -> 1080 | BC5: =IF(OR(Z5=""),"",(Z6-Z5)*40) -> 1292 | BD5: =IF(OR(BE5="",BC5=""),"",BE5-BC5-BB5-BA5-AZ5-AT5-AO5-AJ5) -> 9489.6 | BE5: =IF(OR(B6=""),"",(B6-B5)*10000) -> 54500 | BF5: =IF(OR(AC6=""),"",AC6-AC5) -> 62.7 | BG5: =IF(OR($AD5=0),"",BE5/$AD5) -> 0.27015773 | BH5: =IF(OR($AD5=0),"",AJ5/$AD5) -> 0.046488941 | BI5: =IF(OR($AD5=0),"",AO5/$AD5) -> 0 | BJ5: =IF(OR($AD5=0),"",AT5/$AD5) -> 0.037970793 | BK5: =IF(OR($AD5=0),"",AZ5/$AD5) -> 0.077329553 | BL5: =IF(OR($AD5=0),"",BA5/$AD5) -> 0.049570226 | BM5: =IF(OR($AD5=0),"",BB5/$AD5) -> 0.0053535844 | BN5: =IF(OR($AD5=0),"",BC5/$AD5) -> 0.0064044732 | BO5: =IF(OR($AD5=0),"",BD5/$AD5) -> 0.047040162
A6: =A5+1 -> 44289 | B6: 16044.44 | C6: 87159 | D6: 55841.6 | E6: 55874.8 | F6: 3913.63 | G6: 109849.4 | H6: 5596.3 | I6: 2566.3 | J6: 967 | K6: 56 | L6: 88264.3 | M6: 61188.6 | N6: 69927.3 | O6: 100198.4 | P6: 5273.1 | Q6: 7129.5 | R6: 4383.7 | S6: 4993 | T6: 6179.5 | U6: 16837.1 | V6: 49595.7 | W6: 50360.6 | X6: 1446.9 | Y6: 1178.6 | Z6: =IF(OR(W6=""),"",(W6+X6+Y6)) -> 52986.1 | AA6: 58182.5 | AB6: 2396 | AC6: =IF(OR(AA6=""),"",(AA6+AB6)) -> 60578.5 | AD6: 194068 | AE6: =IF(OR(C7=""),"",(C7-C6)*80) -> 3592 | AF6: =IF(OR(D7=""),"",(D7-D6)*80) -> 1008 | AG6: =IF(OR(E7=""),"",(E7-E6)*80) -> 0 | AH6: =IF(OR(F7=""),"",(F7-F6)*80) -> 1272.8 | AI6: =IF(OR(G7=""),"",(G7-G6)*80) -> 2528 | AJ6: =IF(OR(AE6="",AF6="",AG6=""),"",AE6+AF6+AG6+AH6+AI6) -> 8400.8 | AK6: =IF(OR(H7=""),"",(H7-H6)*80) -> 0 | AL6: =IF(OR(I7=""),"",(I7-I6)*80) -> 0 | AM6: =IF(OR(J7=""),"",(J7-J6)*80) -> 0 | AN6: =IF(OR(K7=""),"",(K7-K6)*80) -> 0 | AO6: =IF(OR(AK6="",AL6=""),"",AK6+AL6+AM6+AN6) -> 0 | AP6: =IF(OR(L7=""),"",(L7-L6)*100) -> 2680 | AQ6: =IF(OR(M7=""),"",(M7-M6)*100) -> 0 | AR6: =IF(OR(N7=""),"",(N7-N6)*100) -> 2350 | AS6: =IF(OR(O7=""),"",(O7-O6)*100) -> 2430 | AT6: =IF(OR(AP6="",AQ6=""),"",AP6+AQ6+AR6+AS6) -> 7460 | AU6: =IF(OR(P7=""),"",(P7-P6)*1000) -> 2200 | AV6: =IF(OR(Q7=""),"",(Q7-Q6)*1000) -> 0 | AW6: =IF(OR(R7=""),"",(R7-R6)*1000) -> 2100 | AX6: =IF(OR(S7=""),"",(S7-S6)*1000) -> 0 | AY6: =IF(OR(T7=""),"",(T7-T6)*1000) -> 9300 | AZ6: =IF(OR(AU6="",AV6="",AW6=""),"",AU6+AV6+AW6+AX6+AY6) -> 13600 | BA6: =IF(OR(U7=""),"",(U7-U6)*2000) -> 9000 | BB6: =IF(OR(V7=""),"",(V7-V6)*80) -> 1072 | BC6: =IF(OR(Z6=""),"",(Z7-Z6)*40) -> 1316 | BD6: =IF(OR(BE6="",BC6=""),"",BE6-BC6-BB6-BA6-AZ6-AT6-AO6-AJ6) -> 12651.2 | BE6: =IF(OR(B7=""),"",(B7-B6)*10000) -> 53500 | BF6: =IF(OR(AC7=""),"",AC7-AC6) -> 66.9 | BG6: =IF(OR($AD6=0),"",BE6/$AD6) -> 0.27567657 | BH6: =IF(OR($AD6=0),"",AJ6/$AD6) -> 0.04328792 | BI6: =IF(OR($AD6=0),"",AO6/$AD6) -> 0 | BJ6: =IF(OR($AD6=0),"",AT6/$AD6) -> 0.038440134 | BK6: =IF(OR($AD6=0),"",AZ6/$AD6) -> 0.070078529 | BL6: =IF(OR($AD6=0),"",BA6/$AD6) -> 0.046375497 | BM6: =IF(OR($AD6=0),"",BB6/$AD6) -> 0.005523837 | BN6: =IF(OR($AD6=0),"",BC6/$AD6) -> 0.0067811283 | BO6: =IF(OR($AD6=0),"",BD6/$AD6) -> 0.065189521
A7: =A6+1 -> 44290 | B7: 16049.79 | C7: 87203.9 | D7: 55854.2 | E7: 55874.8 | F7: 3929.54 | G7: 109881 | H7: 5596.3 | I7: 2566.3 | J7: 967 | K7: 56 | L7: 88291.1 | M7: 61188.6 | N7: 69950.8 | O7: 100222.7 | P7: 5275.3 | Q7: 7129.5 | R7: 4385.8 | S7: 4993 | T7: 6188.8 | U7: 16841.6 | V7: 49609.1 | W7: 50378.1 | X7: 1455.3 | Y7: 1185.6 | Z7: =IF(OR(W7=""),"",(W7+X7+Y7)) -> 53019 | AA7: 58222.4 | AB7: 2423 | AC7: =IF(OR(AA7=""),"",(AA7+AB7)) -> 60645.4 | AD7: 151796 | AE7: =IF(OR(C8=""),"",(C8-C7)*80) -> 3072 | AF7: =IF(OR(D8=""),"",(D8-D7)*80) -> 1032 | AG7: =IF(OR(E8=""),"",(E8-E7)*80) -> 0 | AH7: =IF(OR(F8=""),"",(F8-F7)*80) -> 1756.8 | AI7: =IF(OR(G8=""),"",(G8-G7)*80) -> 1872 | AJ7: =IF(OR(AE7="",AF7="",AG7=""),"",AE7+AF7+AG7+AH7+AI7) -> 7732.8 | AK7: =IF(OR(H8=""),"",(H8-H7)*80) -> 0 | AL7: =IF(OR(I8=""),"",(I8-I7)*80) -> 0 | AM7: =IF(OR(J8=""),"",(J8-J7)*80) -> 0 | AN7: =IF(OR(K8=""),"",(K8-K7)*80) -> 0 | AO7: =IF(OR(AK7="",AL7=""),"",AK7+AL7+AM7+AN7) -> 0 | AP7: =IF(OR(L8=""),"",(L8-L7)*100) -> 1880 | AQ7: =IF(OR(M8=""),"",(M8-M7)*100) -> 0 | AR7: =IF(OR(N8=""),"",(N8-N7)*100) -> 1690 | AS7: =IF(OR(O8=""),"",(O8-O7)*100) -> 2190 | AT7: =IF(OR(AP7="",AQ7=""),"",AP7+AQ7+AR7+AS7) -> 5760 | AU7: =IF(OR(P8=""),"",(P8-P7)*1000) -> 1600 | AV7: =IF(OR(Q8=""),"",(Q8-Q7)*1000) -> 0 | AW7: =IF(OR(R8=""),"",(R8-R7)*1000) -> 3000 | AX7: =IF(OR(S8=""),"",(S8-S7)*1000) -> 0 | AY7: =IF(OR(T8=""),"",(T8-T7)*1000) -> 9200 | AZ7: =IF(OR(AU7="",AV7="",AW7=""),"",AU7+AV7+AW7+AX7+AY7) -> 13800 | BA7: =IF(OR(U8=""),"",(U8-U7)*2000) -> 7800 | BB7: =IF(OR(V8=""),"",(V8-V7)*80) -> 1096 | BC7: =IF(OR(Z7=""),"",(Z8-Z7)*40) -> 1348 | BD7: =IF(OR(BE7="",BC7=""),"",BE7-BC7-BB7-BA7-AZ7-AT7-AO7-AJ7) -> 14963.2 | BE7: =IF(OR(B8=""),"",(B8-B7)*10000) -> 52500 | BF7: =IF(OR(AC8=""),"",AC8-AC7) -> 63.5 | BG7: =IF(OR($AD7=0),"",BE7/$AD7) -> 0.34585892 | BH7: =IF(OR($AD7=0),"",AJ7/$AD7) -> 0.050942054 | BI7: =IF(OR($AD7=0),"",AO7/$AD7) -> 0 | BJ7: =IF(OR($AD7=0),"",AT7/$AD7) -> 0.037945664 | BK7: =IF(OR($AD7=0),"",AZ7/$AD7) -> 0.090911486 | BL7: =IF(OR($AD7=0),"",BA7/$AD7) -> 0.051384753 | BM7: =IF(OR($AD7=0),"",BB7/$AD7) -> 0.0072202166 | BN7: =IF(OR($AD7=0),"",BC7/$AD7) -> 0.0088803394 | BO7: =IF(OR($AD7=0),"",BD7/$AD7) -> 0.098574402
A8: =A7+1 -> 44291 | B8: 16055.04 | C8: 87242.3 | D8: 55867.1 | E8: 55874.8 | F8: 3951.5 | G8: 109904.4 | H8: 5596.3 | I8: 2566.3 | J8: 967 | K8: 56 | L8: 88309.9 | M8: 61188.6 | N8: 69967.7 | O8: 100244.6 | P8: 5276.9 | Q8: 7129.5 | R8: 4388.8 | S8: 4993 | T8: 6198 | U8: 16845.5 | V8: 49622.8 | W8: 50395.4 | X8: 1464.3 | Y8: 1193 | Z8: =IF(OR(W8=""),"",(W8+X8+Y8)) -> 53052.7 | AA8: 58262.9 | AB8: 2446 | AC8: =IF(OR(AA8=""),"",(AA8+AB8)) -> 60708.9 | AD8: 117644 | AE8: =IF(OR(C9=""),"",(C9-C8)*80) -> 3864 | AF8: =IF(OR(D9=""),"",(D9-D8)*80) -> 0 | AG8: =IF(OR(E9=""),"",(E9-E8)*80) -> 0 | AH8: =IF(OR(F9=""),"",(F9-F8)*80) -> 12 | AI8: =IF(OR(G9=""),"",(G9-G8)*80) -> 1872 | AJ8: =IF(OR(AE8="",AF8="",AG8=""),"",AE8+AF8+AG8+AH8+AI8) -> 5748 | AK8: =IF(OR(H9=""),"",(H9-H8)*80) -> 0 | AL8: =IF(OR(I9=""),"",(I9-I8)*80) -> 0 | AM8: =IF(OR(J9=""),"",(J9-J8)*80) -> 0 | AN8: =IF(OR(K9=""),"",(K9-K8)*80) -> 0 | AO8: =IF(OR(AK8="",AL8=""),"",AK8+AL8+AM8+AN8) -> 0 | AP8: =IF(OR(L9=""),"",(L9-L8)*100) -> 2390 | AQ8: =IF(OR(M9=""),"",(M9-M8)*100) -> 0 | AR8: =IF(OR(N9=""),"",(N9-N8)*100) -> 0 | AS8: =IF(OR(O9=""),"",(O9-O8)*100) -> 2110 | AT8: =IF(OR(AP8="",AQ8=""),"",AP8+AQ8+AR8+AS8) -> 4500 | AU8: =IF(OR(P9=""),"",(P9-P8)*1000) -> 3900 | AV8: =IF(OR(Q9=""),"",(Q9-Q8)*1000) -> 0 | AW8: =IF(OR(R9=""),"",(R9-R8)*1000) -> 0 | AX8: =IF(OR(S9=""),"",(S9-S8)*1000) -> 0 | AY8: =IF(OR(T9=""),"",(T9-T8)*1000) -> 8600 | AZ8: =IF(OR(AU8="",AV8="",AW8=""),"",AU8+AV8+AW8+AX8+AY8) -> 12500 | BA8: =IF(OR(U9=""),"",(U9-U8)*2000) -> 5600 | BB8: =IF(OR(V9=""),"",(V9-V8)*80) -> 1048 | BC8: =IF(OR(Z8=""),"",(Z9-Z8)*40) -> 1332 | BD8: =IF(OR(BE8="",BC8=""),"",BE8-BC8-BB8-BA8-AZ8-AT8-AO8-AJ8) -> 13272 | BE8: =IF(OR(B9=""),"",(B9-B8)*10000) -> 44000 | BF8: =IF(OR(AC9=""),"",AC9-AC8) -> 63.5 | BG8: =IF(OR($AD8=0),"",BE8/$AD8) -> 0.37400972 | BH8: =IF(OR($AD8=0),"",AJ8/$AD8) -> 0.04885927 | BI8: =IF(OR($AD8=0),"",AO8/$AD8) -> 0 | BJ8: =IF(OR($AD8=0),"",AT8/$AD8) -> 0.038250995 | BK8: =IF(OR($AD8=0),"",AZ8/$AD8) -> 0.10625276 | BL8: =IF(OR($AD8=0),"",BA8/$AD8) -> 0.047601238 | BM8: =IF(OR($AD8=0),"",BB8/$AD8) -> 0.0089082316 | BN8: =IF(OR($AD8=0),"",BC8/$AD8) -> 0.011322294 | BO8: =IF(OR($AD8=0),"",BD8/$AD8) -> 0.11281493
A9: =A8+1 -> 44292 | B9: 16059.44 | C9: 87290.6 | D9: 55867.1 | E9: 55874.8 | F9: 3951.65 | G9: 109927.8 | H9: 5596.3 | I9: 2566.3 | J9: 967 | K9: 56 | L9: 88333.8 | M9: 61188.6 | N9: 69967.7 | O9: 100265.7 | P9: 5280.8 | Q9: 7129.5 | R9: 4388.8 | S9: 4993 | T9: 6206.6 | U9: 16848.3 | V9: 49635.9 | W9: 50413 | X9: 1473 | Y9: 1200 | Z9: =IF(OR(W9=""),"",(W9+X9+Y9)) -> 53086 | AA9: 58303.4 | AB9: 2469 | AC9: =IF(OR(AA9=""),"",(AA9+AB9)) -> 60772.4 | AD9: 151035 | AE9: =IF(OR(C10=""),"",(C10-C9)*80) -> 2936 | AF9: =IF(OR(D10=""),"",(D10-D9)*80) -> 2240 | AG9: =IF(OR(E10=""),"",(E10-E9)*80) -> 0 | AH9: =IF(OR(F10=""),"",(F10-F9)*80) -> 16.8 | AI9: =IF(OR(G10=""),"",(G10-G9)*80) -> 1704 | AJ9: =IF(OR(AE9="",AF9="",AG9=""),"",AE9+AF9+AG9+AH9+AI9) -> 6896.8 | AK9: =IF(OR(H10=""),"",(H10-H9)*80) -> 0 | AL9: =IF(OR(I10=""),"",(I10-I9)*80) -> 0 | AM9: =IF(OR(J10=""),"",(J10-J9)*80) -> 0 | AN9: =IF(OR(K10=""),"",(K10-K9)*80) -> 0 | AO9: =IF(OR(AK9="",AL9=""),"",AK9+AL9+AM9+AN9) -> 0 | AP9: =IF(OR(L10=""),"",(L10-L9)*100) -> 2090 | AQ9: =IF(OR(M10=""),"",(M10-M9)*100) -> 10 | AR9: =IF(OR(N10=""),"",(N10-N9)*100) -> 1090 | AS9: =IF(OR(O10=""),"",(O10-O9)*100) -> 2470 | AT9: =IF(OR(AP9="",AQ9=""),"",AP9+AQ9+AR9+AS9) -> 5660 | AU9: =IF(OR(P10=""),"",(P10-P9)*1000) -> 3200 | AV9: =IF(OR(Q10=""),"",(Q10-Q9)*1000) -> 2100 | AW9: =IF(OR(R10=""),"",(R10-R9)*1000) -> 500 | AX9: =IF(OR(S10=""),"",(S10-S9)*1000) -> 0 | AY9: =IF(OR(T10=""),"",(T10-T9)*1000) -> 6900 | AZ9: =IF(OR(AU9="",AV9="",AW9=""),"",AU9+AV9+AW9+AX9+AY9) -> 12700 | BA9: =IF(OR(U10=""),"",(U10-U9)*2000) -> 6600 | BB9: =IF(OR(V10=""),"",(V10-V9)*80) -> 1088 | BC9: =IF(OR(Z9=""),"",(Z10-Z9)*40) -> 1292 | BD9: =IF(OR(BE9="",BC9=""),"",BE9-BC9-BB9-BA9-AZ9-AT9-AO9-AJ9) -> 13463.2 | BE9: =IF(OR(B10=""),"",(B10-B9)*10000) -> 47700 | BF9: =IF(OR(AC10=""),"",AC10-AC9) -> 60 | BG9: =IF(OR($AD9=0),"",BE9/$AD9) -> 0.31582084 | BH9: =IF(OR($AD9=0),"",AJ9/$AD9) -> 0.045663588 | BI9: =IF(OR($AD9=0),"",AO9/$AD9) -> 0 | BJ9: =IF(OR($AD9=0),"",AT9/$AD9) -> 0.037474758 | BK9: =IF(OR($AD9=0),"",AZ9/$AD9) -> 0.08408647 | BL9: =IF(OR($AD9=0),"",BA9/$AD9) -> 0.04369848 | BM9: =IF(OR($AD9=0),"",BB9/$AD9) -> 0.0072036283 | BN9: =IF(OR($AD9=0),"",BC9/$AD9) -> 0.0085543086 | BO9: =IF(OR($AD9=0),"",BD9/$AD9) -> 0.089139603
A10: =A9+1 -> 44293 | B10: 16064.21 | C10: 87327.3 | D10: 55895.1 | E10: 55874.8 | F10: 3951.86 | G10: 109949.1 | H10: 5596.3 | I10: 2566.3 | J10: 967 | K10: 56 | L10: 88354.7 | M10: 61188.7 | N10: 69978.6 | O10: 100290.4 | P10: 5284 | Q10: 7131.6 | R10: 4389.3 | S10: 4993 | T10: 6213.5 | U10: 16851.6 | V10: 49649.5 | W10: 50430 | X10: 1481.4 | Y10: 1206.9 | Z10: =IF(OR(W10=""),"",(W10+X10+Y10)) -> 53118.3 | AA10: 58341.4 | AB10: 2491 | AC10: =IF(OR(AA10=""),"",(AA10+AB10)) -> 60832.4 | AD10: 142999 | AE10: =IF(OR(C11=""),"",(C11-C10)*80) -> 3784 | AF10: =IF(OR(D11=""),"",(D11-D10)*80) -> 3088 | AG10: =IF(OR(E11=""),"",(E11-E10)*80) -> 0 | AH10: =IF(OR(F11=""),"",(F11-F10)*80) -> 4.8 | AI10: =IF(OR(G11=""),"",(G11-G10)*80) -> 1272 | AJ10: =IF(OR(AE10="",AF10="",AG10=""),"",AE10+AF10+AG10+AH10+AI10) -> 8148.8 | AK10: =IF(OR(H11=""),"",(H11-H10)*80) -> 0 | AL10: =IF(OR(I11=""),"",(I11-I10)*80) -> 0 | AM10: =IF(OR(J11=""),"",(J11-J10)*80) -> 0 | AN10: =IF(OR(K11=""),"",(K11-K10)*80) -> 0 | AO10: =IF(OR(AK10="",AL10=""),"",AK10+AL10+AM10+AN10) -> 0 | AP10: =IF(OR(L11=""),"",(L11-L10)*100) -> 920 | AQ10: =IF(OR(M11=""),"",(M11-M10)*100) -> 0 | AR10: =IF(OR(N11=""),"",(N11-N10)*100) -> 2310 | AS10: =IF(OR(O11=""),"",(O11-O10)*100) -> 2520 | AT10: =IF(OR(AP10="",AQ10=""),"",AP10+AQ10+AR10+AS10) -> 5750 | AU10: =IF(OR(P11=""),"",(P11-P10)*1000) -> 3200 | AV10: =IF(OR(Q11=""),"",(Q11-Q10)*1000) -> 5700 | AW10: =IF(OR(R11=""),"",(R11-R10)*1000) -> 400 | AX10: =IF(OR(S11=""),"",(S11-S10)*1000) -> 0 | AY10: =IF(OR(T11=""),"",(T11-T10)*1000) -> 3500 | AZ10: =IF(OR(AU10="",AV10="",AW10=""),"",AU10+AV10+AW10+AX10+AY10) -> 12800 | BA10: =IF(OR(U11=""),"",(U11-U10)*2000) -> 7200 | BB10: =IF(OR(V11=""),"",(V11-V10)*80) -> 1112 | BC10: =IF(OR(Z10=""),"",(Z11-Z10)*40) -> 1320 | BD10: =IF(OR(BE10="",BC10=""),"",BE10-BC10-BB10-BA10-AZ10-AT10-AO10-AJ10) -> 12169.2 | BE10: =IF(OR(B11=""),"",(B11-B10)*10000) -> 48500 | BF10: =IF(OR(AC11=""),"",AC11-AC10) -> 61.9 | BG10: =IF(OR($AD10=0),"",BE10/$AD10) -> 0.33916321 | BH10: =IF(OR($AD10=0),"",AJ10/$AD10) -> 0.056985014 | BI10: =IF(OR($AD10=0),"",AO10/$AD10) -> 0 | BJ10: =IF(OR($AD10=0),"",AT10/$AD10) -> 0.040210071 | BK10: =IF(OR($AD10=0),"",AZ10/$AD10) -> 0.089511115 | BL10: =IF(OR($AD10=0),"",BA10/$AD10) -> 0.050350002 | BM10: =IF(OR($AD10=0),"",BB10/$AD10) -> 0.0077762782 | BN10: =IF(OR($AD10=0),"",BC10/$AD10) -> 0.0092308338 | BO10: =IF(OR($AD10=0),"",BD10/$AD10) -> 0.085099896
A11: =A10+1 -> 44294 | B11: 16069.06 | C11: 87374.6 | D11: 55933.7 | E11: 55874.8 | F11: 3951.92 | G11: 109965 | H11: 5596.3 | I11: 2566.3 | J11: 967 | K11: 56 | L11: 88363.9 | M11: 61188.7 | N11: 70001.7 | O11: 100315.6 | P11: 5287.2 | Q11: 7137.3 | R11: 4389.7 | S11: 4993 | T11: 6217 | U11: 16855.2 | V11: 49663.4 | W11: 50447.4 | X11: 1490 | Y11: 1213.9 | Z11: =IF(OR(W11=""),"",(W11+X11+Y11)) -> 53151.3 | AA11: 58380.3 | AB11: 2514 | AC11: =IF(OR(AA11=""),"",(AA11+AB11)) -> 60894.3 | AD11: 185975 | AE11: =IF(OR(C12=""),"",(C12-C11)*80) -> 3992 | AF11: =IF(OR(D12=""),"",(D12-D11)*80) -> 408 | AG11: =IF(OR(E12=""),"",(E12-E11)*80) -> 0 | AH11: =IF(OR(F12=""),"",(F12-F11)*80) -> 1954.4 | AI11: =IF(OR(G12=""),"",(G12-G11)*80) -> 2096 | AJ11: =IF(OR(AE11="",AF11="",AG11=""),"",AE11+AF11+AG11+AH11+AI11) -> 8450.4 | AK11: =IF(OR(H12=""),"",(H12-H11)*80) -> 0 | AL11: =IF(OR(I12=""),"",(I12-I11)*80) -> 0 | AM11: =IF(OR(J12=""),"",(J12-J11)*80) -> 0 | AN11: =IF(OR(K12=""),"",(K12-K11)*80) -> 0 | AO11: =IF(OR(AK11="",AL11=""),"",AK11+AL11+AM11+AN11) -> 0 | AP11: =IF(OR(L12=""),"",(L12-L11)*100) -> 2290 | AQ11: =IF(OR(M12=""),"",(M12-M11)*100) -> 0 | AR11: =IF(OR(N12=""),"",(N12-N11)*100) -> 2110 | AS11: =IF(OR(O12=""),"",(O12-O11)*100) -> 2510 | AT11: =IF(OR(AP11="",AQ11=""),"",AP11+AQ11+AR11+AS11) -> 6910 | AU11: =IF(OR(P12=""),"",(P12-P11)*1000) -> 1000 | AV11: =IF(OR(Q12=""),"",(Q12-Q11)*1000) -> 0 | AW11: =IF(OR(R12=""),"",(R12-R11)*1000) -> 3300 | AX11: =IF(OR(S12=""),"",(S12-S11)*1000) -> 0 | AY11: =IF(OR(T12=""),"",(T12-T11)*1000) -> 8800 | AZ11: =IF(OR(AU11="",AV11="",AW11=""),"",AU11+AV11+AW11+AX11+AY11) -> 13100 | BA11: =IF(OR(U12=""),"",(U12-U11)*2000) -> 9000 | BB11: =IF(OR(V12=""),"",(V12-V11)*80) -> 1080 | BC11: =IF(OR(Z11=""),"",(Z12-Z11)*40) -> 1320 | BD11: =IF(OR(BE11="",BC11=""),"",BE11-BC11-BB11-BA11-AZ11-AT11-AO11-AJ11) -> 14839.6 | BE11: =IF(OR(B12=""),"",(B12-B11)*10000) -> 54700 | BF11: =IF(OR(AC12=""),"",AC12-AC11) -> 64.2 | BG11: =IF(OR($AD11=0),"",BE11/$AD11) -> 0.29412555 | BH11: =IF(OR($AD11=0),"",AJ11/$AD11) -> 0.045438365 | BI11: =IF(OR($AD11=0),"",AO11/$AD11) -> 0 | BJ11: =IF(OR($AD11=0),"",AT11/$AD11) -> 0.037155532 | BK11: =IF(OR($AD11=0),"",AZ11/$AD11) -> 0.070439575 | BL11: =IF(OR($AD11=0),"",BA11/$AD11) -> 0.048393601 | BM11: =IF(OR($AD11=0),"",BB11/$AD11) -> 0.0058072322 | BN11: =IF(OR($AD11=0),"",BC11/$AD11) -> 0.0070977282 | BO11: =IF(OR($AD11=0),"",BD11/$AD11) -> 0.079793521
A12: =A11+1 -> 44295 | B12: 16074.53 | C12: 87424.5 | D12: 55938.8 | E12: 55874.8 | F12: 3976.35 | G12: 109991.2 | H12: 5596.3 | I12: 2566.3 | J12: 967 | K12: 56 | L12: 88386.8 | M12: 61188.7 | N12: 70022.8 | O12: 100340.7 | P12: 5288.2 | Q12: 7137.3 | R12: 4393 | S12: 4993 | T12: 6225.8 | U12: 16859.7 | V12: 49676.9 | W12: 50464.9 | X12: 1498.2 | Y12: 1221.2 | Z12: =IF(OR(W12=""),"",(W12+X12+Y12)) -> 53184.3 | AA12: 58418.5 | AB12: 2540 | AC12: =IF(OR(AA12=""),"",(AA12+AB12)) -> 60958.5 | AD12: 203596 | AE12: =IF(OR(C13=""),"",(C13-C12)*80) -> 3832 | AF12: =IF(OR(D13=""),"",(D13-D12)*80) -> 712 | AG12: =IF(OR(E13=""),"",(E13-E12)*80) -> 0 | AH12: =IF(OR(F13=""),"",(F13-F12)*80) -> 2335.2 | AI12: =IF(OR(G13=""),"",(G13-G12)*80) -> 2328 | AJ12: =IF(OR(AE12="",AF12="",AG12=""),"",AE12+AF12+AG12+AH12+AI12) -> 9207.2 | AK12: =IF(OR(H13=""),"",(H13-H12)*80) -> 0 | AL12: =IF(OR(I13=""),"",(I13-I12)*80) -> 0 | AM12: =IF(OR(J13=""),"",(J13-J12)*80) -> 0 | AN12: =IF(OR(K13=""),"",(K13-K12)*80) -> 0 | AO12: =IF(OR(AK12="",AL12=""),"",AK12+AL12+AM12+AN12) -> 0 | AP12: =IF(OR(L13=""),"",(L13-L12)*100) -> 2570 | AQ12: =IF(OR(M13=""),"",(M13-M12)*100) -> 0 | AR12: =IF(OR(N13=""),"",(N13-N12)*100) -> 2410 | AS12: =IF(OR(O13=""),"",(O13-O12)*100) -> 2470 | AT12: =IF(OR(AP12="",AQ12=""),"",AP12+AQ12+AR12+AS12) -> 7450 | AU12: =IF(OR(P13=""),"",(P13-P12)*1000) -> 0 | AV12: =IF(OR(Q13=""),"",(Q13-Q12)*1000) -> 0 | AW12: =IF(OR(R13=""),"",(R13-R12)*1000) -> 4500 | AX12: =IF(OR(S13=""),"",(S13-S12)*1000) -> 600 | AY12: =IF(OR(T13=""),"",(T13-T12)*1000) -> 8900 | AZ12: =IF(OR(AU12="",AV12="",AW12=""),"",AU12+AV12+AW12+AX12+AY12) -> 14000 | BA12: =IF(OR(U13=""),"",(U13-U12)*2000) -> 8400 | BB12: =IF(OR(V13=""),"",(V13-V12)*80) -> 624 | BC12: =IF(OR(Z12=""),"",(Z13-Z12)*40) -> 1336 | BD12: =IF(OR(BE12="",BC12=""),"",BE12-BC12-BB12-BA12-AZ12-AT12-AO12-AJ12) -> 13082.8 | BE12: =IF(OR(B13=""),"",(B13-B12)*10000) -> 54100 | BF12: =IF(OR(AC13=""),"",AC13-AC12) -> 66 | BG12: =IF(OR($AD12=0),"",BE12/$AD12) -> 0.26572231 | BH12: =IF(OR($AD12=0),"",AJ12/$AD12) -> 0.045222892 | BI12: =IF(OR($AD12=0),"",AO12/$AD12) -> 0 | BJ12: =IF(OR($AD12=0),"",AT12/$AD12) -> 0.036592075 | BK12: =IF(OR($AD12=0),"",AZ12/$AD12) -> 0.06876363 | BL12: =IF(OR($AD12=0),"",BA12/$AD12) -> 0.041258178 | BM12: =IF(OR($AD12=0),"",BB12/$AD12) -> 0.0030648932 | BN12: =IF(OR($AD12=0),"",BC12/$AD12) -> 0.006562015 | BO12: =IF(OR($AD12=0),"",BD12/$AD12) -> 0.06425863
A13: =A12+1 -> 44296 | B13: 16079.94 | C13: 87472.4 | D13: 55947.7 | E13: 55874.8 | F13: 4005.54 | G13: 110020.3 | H13: 5596.3 | I13: 2566.3 | J13: 967 | K13: 56 | L13: 88412.5 | M13: 61188.7 | N13: 70046.9 | O13: 100365.4 | P13: 5288.2 | Q13: 7137.3 | R13: 4397.5 | S13: 4993.6 | T13: 6234.7 | U13: 16863.9 | V13: 49684.7 | W13: 50482.1 | X13: 1507.4 | Y13: 1228.2 | Z13: =IF(OR(W13=""),"",(W13+X13+Y13)) -> 53217.7 | AA13: 58459.5 | AB13: 2565 | AC13: =IF(OR(AA13=""),"",(AA13+AB13)) -> 61024.5 | AD13: 209033 | AE13: =IF(OR(C14=""),"",(C14-C13)*80) -> 3744 | AF13: =IF(OR(D14=""),"",(D14-D13)*80) -> 2832 | AG13: =IF(OR(E14=""),"",(E14-E13)*80) -> 0 | AH13: =IF(OR(F14=""),"",(F14-F13)*80) -> 2429.6 | AI13: =IF(OR(G14=""),"",(G14-G13)*80) -> 1568 | AJ13: =IF(OR(AE13="",AF13="",AG13=""),"",AE13+AF13+AG13+AH13+AI13) -> 10573.6 | AK13: =IF(OR(H14=""),"",(H14-H13)*80) -> 0 | AL13: =IF(OR(I14=""),"",(I14-I13)*80) -> 0 | AM13: =IF(OR(J14=""),"",(J14-J13)*80) -> 0 | AN13: =IF(OR(K14=""),"",(K14-K13)*80) -> 0 | AO13: =IF(OR(AK13="",AL13=""),"",AK13+AL13+AM13+AN13) -> 0 | AP13: =IF(OR(L14=""),"",(L14-L13)*100) -> 2950 | AQ13: =IF(OR(M14=""),"",(M14-M13)*100) -> 0 | AR13: =IF(OR(N14=""),"",(N14-N13)*100) -> 2330 | AS13: =IF(OR(O14=""),"",(O14-O13)*100) -> 2390 | AT13: =IF(OR(AP13="",AQ13=""),"",AP13+AQ13+AR13+AS13) -> 7670 | AU13: =IF(OR(P14=""),"",(P14-P13)*1000) -> 200 | AV13: =IF(OR(Q14=""),"",(Q14-Q13)*1000) -> 0 | AW13: =IF(OR(R14=""),"",(R14-R13)*1000) -> 4400 | AX13: =IF(OR(S14=""),"",(S14-S13)*1000) -> 0 | AY13: =IF(OR(T14=""),"",(T14-T13)*1000) -> 9200 | AZ13: =IF(OR(AU13="",AV13="",AW13=""),"",AU13+AV13+AW13+AX13+AY13) -> 13800 | BA13: =IF(OR(U14=""),"",(U14-U13)*2000) -> 9200 | BB13: =IF(OR(V14=""),"",(V14-V13)*80) -> 568 | BC13: =IF(OR(Z13=""),"",(Z14-Z13)*40) -> 1280 | BD13: =IF(OR(BE13="",BC13=""),"",BE13-BC13-BB13-BA13-AZ13-AT13-AO13-AJ13) -> 13208.4 | BE13: =IF(OR(B14=""),"",(B14-B13)*10000) -> 56300 | BF13: =IF(OR(AC14=""),"",AC14-AC13) -> 63.3 | BG13: =IF(OR($AD13=0),"",BE13/$AD13) -> 0.26933546 | BH13: =IF(OR($AD13=0),"",AJ13/$AD13) -> 0.050583401 | BI13: =IF(OR($AD13=0),"",AO13/$AD13) -> 0 | BJ13: =IF(OR($AD13=0),"",AT13/$AD13) -> 0.036692771 | BK13: =IF(OR($AD13=0),"",AZ13/$AD13) -> 0.066018284 | BL13: =IF(OR($AD13=0),"",BA13/$AD13) -> 0.044012189 | BM13: =IF(OR($AD13=0),"",BB13/$AD13) -> 0.0027172743 | BN13: =IF(OR($AD13=0),"",BC13/$AD13) -> 0.0061234351 | BO13: =IF(OR($AD13=0),"",BD13/$AD13) -> 0.063188109
A14: =A13+1 -> 44297 | B14: 16085.57 | C14: 87519.2 | D14: 55983.1 | E14: 55874.8 | F14: 4035.91 | G14: 110039.9 | H14: 5596.3 | I14: 2566.3 | J14: 967 | K14: 56 | L14: 88442 | M14: 61188.7 | N14: 70070.2 | O14: 100389.3 | P14: 5288.4 | Q14: 7137.3 | R14: 4401.9 | S14: 4993.6 | T14: 6243.9 | U14: 16868.5 | V14: 49691.8 | W14: 50499 | X14: 1515.7 | Y14: 1235 | Z14: =IF(OR(W14=""),"",(W14+X14+Y14)) -> 53249.7 | AA14: 58499.8 | AB14: 2588 | AC14: =IF(OR(AA14=""),"",(AA14+AB14)) -> 61087.8 | AD14: 203259 | AE14: =IF(OR(C15=""),"",(C15-C14)*80) -> 3856 | AF14: =IF(OR(D15=""),"",(D15-D14)*80) -> 2000 | AG14: =IF(OR(E15=""),"",(E15-E14)*80) -> 0 | AH14: =IF(OR(F15=""),"",(F15-F14)*80) -> 2210.4 | AI14: =IF(OR(G15=""),"",(G15-G14)*80) -> 1640 | AJ14: =IF(OR(AE14="",AF14="",AG14=""),"",AE14+AF14+AG14+AH14+AI14) -> 9706.4 | AK14: =IF(OR(H15=""),"",(H15-H14)*80) -> 0 | AL14: =IF(OR(I15=""),"",(I15-I14)*80) -> 0 | AM14: =IF(OR(J15=""),"",(J15-J14)*80) -> 0 | AN14: =IF(OR(K15=""),"",(K15-K14)*80) -> 0 | AO14: =IF(OR(AK14="",AL14=""),"",AK14+AL14+AM14+AN14) -> 0 | AP14: =IF(OR(L15=""),"",(L15-L14)*100) -> 2790 | AQ14: =IF(OR(M15=""),"",(M15-M14)*100) -> 600 | AR14: =IF(OR(N15=""),"",(N15-N14)*100) -> 1950 | AS14: =IF(OR(O15=""),"",(O15-O14)*100) -> 2480 | AT14: =IF(OR(AP14="",AQ14=""),"",AP14+AQ14+AR14+AS14) -> 7820 | AU14: =IF(OR(P15=""),"",(P15-P14)*1000) -> 800 | AV14: =IF(OR(Q15=""),"",(Q15-Q14)*1000) -> 700 | AW14: =IF(OR(R15=""),"",(R15-R14)*1000) -> 3800 | AX14: =IF(OR(S15=""),"",(S15-S14)*1000) -> 0 | AY14: =IF(OR(T15=""),"",(T15-T14)*1000) -> 9200 | AZ14: =IF(OR(AU14="",AV14="",AW14=""),"",AU14+AV14+AW14+AX14+AY14) -> 14500 | BA14: =IF(OR(U15=""),"",(U15-U14)*2000) -> 9600 | BB14: =IF(OR(V15=""),"",(V15-V14)*80) -> 560 | BC14: =IF(OR(Z14=""),"",(Z15-Z14)*40) -> 1320 | BD14: =IF(OR(BE14="",BC14=""),"",BE14-BC14-BB14-BA14-AZ14-AT14-AO14-AJ14) -> 13493.6 | BE14: =IF(OR(B15=""),"",(B15-B14)*10000) -> 57000 | BF14: =IF(OR(AC15=""),"",AC15-AC14) -> 66.5 | BG14: =IF(OR($AD14=0),"",BE14/$AD14) -> 0.28043039 | BH14: =IF(OR($AD14=0),"",AJ14/$AD14) -> 0.047753851 | BI14: =IF(OR($AD14=0),"",AO14/$AD14) -> 0 | BJ14: =IF(OR($AD14=0),"",AT14/$AD14) -> 0.038473081 | BK14: =IF(OR($AD14=0),"",AZ14/$AD14) -> 0.071337555 | BL14: =IF(OR($AD14=0),"",BA14/$AD14) -> 0.047230381 | BM14: =IF(OR($AD14=0),"",BB14/$AD14) -> 0.0027551056 | BN14: =IF(OR($AD14=0),"",BC14/$AD14) -> 0.0064941774 | BO14: =IF(OR($AD14=0),"",BD14/$AD14) -> 0.066386236
A15: =A14+1 -> 44298 | B15: 16091.27 | C15: 87567.4 | D15: 56008.1 | E15: 55874.8 | F15: 4063.54 | G15: 110060.4 | H15: 5596.3 | I15: 2566.3 | J15: 967 | K15: 56 | L15: 88469.9 | M15: 61194.7 | N15: 70089.7 | O15: 100414.1 | P15: 5289.2 | Q15: 7138 | R15: 4405.7 | S15: 4993.6 | T15: 6253.1 | U15: 16873.3 | V15: 49698.8 | W15: 50516.3 | X15: 1524.4 | Y15: 1242 | Z15: =IF(OR(W15=""),"",(W15+X15+Y15)) -> 53282.7 | AA15: 58541.3 | AB15: 2613 | AC15: =IF(OR(AA15=""),"",(AA15+AB15)) -> 61154.3 | AD15: 200061 | AE15: =IF(OR(C16=""),"",(C16-C15)*80) -> 3880 | AF15: =IF(OR(D16=""),"",(D16-D15)*80) -> 2920 | AG15: =IF(OR(E16=""),"",(E16-E15)*80) -> 0 | AH15: =IF(OR(F16=""),"",(F16-F15)*80) -> 4 | AI15: =IF(OR(G16=""),"",(G16-G15)*80) -> 1768 | AJ15: =IF(OR(AE15="",AF15="",AG15=""),"",AE15+AF15+AG15+AH15+AI15) -> 8572 | AK15: =IF(OR(H16=""),"",(H16-H15)*80) -> 0 | AL15: =IF(OR(I16=""),"",(I16-I15)*80) -> 0 | AM15: =IF(OR(J16=""),"",(J16-J15)*80) -> 0 | AN15: =IF(OR(K16=""),"",(K16-K15)*80) -> 0 | AO15: =IF(OR(AK15="",AL15=""),"",AK15+AL15+AM15+AN15) -> 0 | AP15: =IF(OR(L16=""),"",(L16-L15)*100) -> 2560 | AQ15: =IF(OR(M16=""),"",(M16-M15)*100) -> 270 | AR15: =IF(OR(N16=""),"",(N16-N15)*100) -> 2150 | AS15: =IF(OR(O16=""),"",(O16-O15)*100) -> 2410 | AT15: =IF(OR(AP15="",AQ15=""),"",AP15+AQ15+AR15+AS15) -> 7390 | AU15: =IF(OR(P16=""),"",(P16-P15)*1000) -> 0 | AV15: =IF(OR(Q16=""),"",(Q16-Q15)*1000) -> 800 | AW15: =IF(OR(R16=""),"",(R16-R15)*1000) -> 4700 | AX15: =IF(OR(S16=""),"",(S16-S15)*1000) -> 0 | AY15: =IF(OR(T16=""),"",(T16-T15)*1000) -> 8400 | AZ15: =IF(OR(AU15="",AV15="",AW15=""),"",AU15+AV15+AW15+AX15+AY15) -> 13900 | BA15: =IF(OR(U16=""),"",(U16-U15)*2000) -> 10400 | BB15: =IF(OR(V16=""),"",(V16-V15)*80) -> 552 | BC15: =IF(OR(Z15=""),"",(Z16-Z15)*40) -> 1320 | BD15: =IF(OR(BE15="",BC15=""),"",BE15-BC15-BB15-BA15-AZ15-AT15-AO15-AJ15) -> 11966 | BE15: =IF(OR(B16=""),"",(B16-B15)*10000) -> 54100 | BF15: =IF(OR(AC16=""),"",AC16-AC15) -> 63.4 | BG15: =IF(OR($AD15=0),"",BE15/$AD15) -> 0.27041752 | BH15: =IF(OR($AD15=0),"",AJ15/$AD15) -> 0.042846932 | BI15: =IF(OR($AD15=0),"",AO15/$AD15) -> 0 | BJ15: =IF(OR($AD15=0),"",AT15/$AD15) -> 0.036938734 | BK15: =IF(OR($AD15=0),"",AZ15/$AD15) -> 0.069478809 | BL15: =IF(OR($AD15=0),"",BA15/$AD15) -> 0.051984145 | BM15: =IF(OR($AD15=0),"",BB15/$AD15) -> 0.0027591585 | BN15: =IF(OR($AD15=0),"",BC15/$AD15) -> 0.0065979876 | BO15: =IF(OR($AD15=0),"",BD15/$AD15) -> 0.059811757
A16: =A15+1 -> 44299 | B16: 16096.68 | C16: 87615.9 | D16: 56044.6 | E16: 55874.8 | F16: 4063.59 | G16: 110082.5 | H16: 5596.3 | I16: 2566.3 | J16: 967 | K16: 56 | L16: 88495.5 | M16: 61197.4 | N16: 70111.2 | O16: 100438.2 | P16: 5289.2 | Q16: 7138.8 | R16: 4410.4 | S16: 4993.6 | T16: 6261.5 | U16: 16878.5 | V16: 49705.7 | W16: 50533.5 | X16: 1533.1 | Y16: 1249.1 | Z16: =IF(OR(W16=""),"",(W16+X16+Y16)) -> 53315.7 | AA16: 58580.7 | AB16: 2637 | AC16: =IF(OR(AA16=""),"",(AA16+AB16)) -> 61217.7 | AD16: 203450 | AE16: =IF(OR(C17=""),"",(C17-C16)*80) -> 3800 | AF16: =IF(OR(D17=""),"",(D17-D16)*80) -> 2992 | AG16: =IF(OR(E17=""),"",(E17-E16)*80) -> 0 | AH16: =IF(OR(F17=""),"",(F17-F16)*80) -> 48 | AI16: =IF(OR(G17=""),"",(G17-G16)*80) -> 1960 | AJ16: =IF(OR(AE16="",AF16="",AG16=""),"",AE16+AF16+AG16+AH16+AI16) -> 8800 | AK16: =IF(OR(H17=""),"",(H17-H16)*80) -> 0 | AL16: =IF(OR(I17=""),"",(I17-I16)*80) -> 0 | AM16: =IF(OR(J17=""),"",(J17-J16)*80) -> 0 | AN16: =IF(OR(K17=""),"",(K17-K16)*80) -> 0 | AO16: =IF(OR(AK16="",AL16=""),"",AK16+AL16+AM16+AN16) -> 0 | AP16: =IF(OR(L17=""),"",(L17-L16)*100) -> 2760 | AQ16: =IF(OR(M17=""),"",(M17-M16)*100) -> 0 | AR16: =IF(OR(N17=""),"",(N17-N16)*100) -> 2470 | AS16: =IF(OR(O17=""),"",(O17-O16)*100) -> 2400 | AT16: =IF(OR(AP16="",AQ16=""),"",AP16+AQ16+AR16+AS16) -> 7630 | AU16: =IF(OR(P17=""),"",(P17-P16)*1000) -> 1100 | AV16: =IF(OR(Q17=""),"",(Q17-Q16)*1000) -> 0 | AW16: =IF(OR(R17=""),"",(R17-R16)*1000) -> 3300 | AX16: =IF(OR(S17=""),"",(S17-S16)*1000) -> 0 | AY16: =IF(OR(T17=""),"",(T17-T16)*1000) -> 9200 | AZ16: =IF(OR(AU16="",AV16="",AW16=""),"",AU16+AV16+AW16+AX16+AY16) -> 13600 | BA16: =IF(OR(U17=""),"",(U17-U16)*2000) -> 9400 | BB16: =IF(OR(V17=""),"",(V17-V16)*80) -> 840 | BC16: =IF(OR(Z16=""),"",(Z17-Z16)*40) -> 1336 | BD16: =IF(OR(BE16="",BC16=""),"",BE16-BC16-BB16-BA16-AZ16-AT16-AO16-AJ16) -> 12594 | BE16: =IF(OR(B17=""),"",(B17-B16)*10000) -> 54200 | BF16: =IF(OR(AC17=""),"",AC17-AC16) -> 57.5 | BG16: =IF(OR($AD16=0),"",BE16/$AD16) -> 0.26640452 | BH16: =IF(OR($AD16=0),"",AJ16/$AD16) -> 0.043253871 | BI16: =IF(OR($AD16=0),"",AO16/$AD16) -> 0 | BJ16: =IF(OR($AD16=0),"",AT16/$AD16) -> 0.037503072 | BK16: =IF(OR($AD16=0),"",AZ16/$AD16) -> 0.066846891 | BL16: =IF(OR($AD16=0),"",BA16/$AD16) -> 0.046202998 | BM16: =IF(OR($AD16=0),"",BB16/$AD16) -> 0.0041287786 | BN16: =IF(OR($AD16=0),"",BC16/$AD16) -> 0.006566724 | BO16: =IF(OR($AD16=0),"",BD16/$AD16) -> 0.061902187
... A33: =A32+1 -> 44316 | B33: 16192.54 | C33: 88420.8 | D33: 56473.3 | E33: 55874.8 | F33: 4401.14 | G33: 110500.2 | H33: 5596.3 | I33: 2566.3 | J33: 967 | K33: 56 | L33: 88953.3 | M33: 61202.3 | N33: 70519.5 | O33: 100851.5 | P33: 5312.5 | Q33: 7177.3 | R33: 4461.3 | S33: 4993.6 | T33: 6413.8 | U33: 16958.3 | V33: 49880.2 | W33: 50821.8 | X33: 1677.3 | Y33: 1383.5 | Z33: =IF(OR(W33=""),"",(W33+X33+Y33)) -> 53882.6 | AA33: 59290 | AB33: 2860 | AC33: =IF(OR(AA33=""),"",(AA33+AB33)) -> 62150 | AD33: 201865 | AE33: =IF(OR(C34=""),"",(C34-C33)*80) -> 3712 | AF33: =IF(OR(D34=""),"",(D34-D33)*80) -> 1232 | AG33: =IF(OR(E34=""),"",(E34-E33)*80) -> 0 | AH33: =IF(OR(F34=""),"",(F34-F33)*80) -> 1279.2 | AI33: =IF(OR(G34=""),"",(G34-G33)*80) -> 2008 | AJ33: =IF(OR(AE33="",AF33="",AG33=""),"",AE33+AF33+AG33+AH33+AI33) -> 8231.2 | AK33: =IF(OR(H34=""),"",(H34-H33)*80) -> 0 | AL33: =IF(OR(I34=""),"",(I34-I33)*80) -> 0 | AM33: =IF(OR(J34=""),"",(J34-J33)*80) -> 0 | AN33: =IF(OR(K34=""),"",(K34-K33)*80) -> 0 | AO33: =IF(OR(AK33="",AL33=""),"",AK33+AL33+AM33+AN33) -> 0 | AP33: =IF(OR(L34=""),"",(L34-L33)*100) -> 2710 | AQ33: =IF(OR(M34=""),"",(M34-M33)*100) -> 0 | AR33: =IF(OR(N34=""),"",(N34-N33)*100) -> 2520 | AS33: =IF(OR(O34=""),"",(O34-O33)*100) -> 2370 | AT33: =IF(OR(AP33="",AQ33=""),"",AP33+AQ33+AR33+AS33) -> 7600 | AU33: =IF(OR(P34=""),"",(P34-P33)*1000) -> 100 | AV33: =IF(OR(Q34=""),"",(Q34-Q33)*1000) -> 0 | AW33: =IF(OR(R34=""),"",(R34-R33)*1000) -> 4300 | AX33: =IF(OR(S34=""),"",(S34-S33)*1000) -> 0 | AY33: =IF(OR(T34=""),"",(T34-T33)*1000) -> 8500 | AZ33: =IF(OR(AU33="",AV33="",AW33=""),"",AU33+AV33+AW33+AX33+AY33) -> 12900 | BA33: =IF(OR(U34=""),"",(U34-U33)*2000) -> 9400 | BB33: =IF(OR(V34=""),"",(V34-V33)*80) -> 776 | BC33: =IF(OR(Z33=""),"",(Z34-Z33)*40) -> 1316 | BD33: =IF(OR(BE33="",BC33=""),"",BE33-BC33-BB33-BA33-AZ33-AT33-AO33-AJ33) -> 11676.8 | BE33: =IF(OR(B34=""),"",(B34-B33)*10000) -> 51900 | BF33: =IF(OR(AC34=""),"",AC34-AC33) -> 50.8 | BG33: =IF(OR($AD33=0),"",BE33/$AD33) -> 0.25710252 | BH33: =IF(OR($AD33=0),"",AJ33/$AD33) -> 0.040775766 | BI33: =IF(OR($AD33=0),"",AO33/$AD33) -> 0 | BJ33: =IF(OR($AD33=0),"",AT33/$AD33) -> 0.037648924 | BK33: =IF(OR($AD33=0),"",AZ33/$AD33) -> 0.063904094 | BL33: =IF(OR($AD33=0),"",BA33/$AD33) -> 0.046565774 | BM33: =IF(OR($AD33=0),"",BB33/$AD33) -> 0.0038441533 | BN33: =IF(OR($AD33=0),"",BC33/$AD33) -> 0.0065192084 | BO33: =IF(OR($AD33=0),"",BD33/$AD33) -> 0.057844599
A34: =A33+1 -> 44317 | B34: 16197.73 | C34: 88467.2 | D34: 56488.7 | E34: 55874.8 | F34: 4417.13 | G34: 110525.3 | H34: 5596.3 | I34: 2566.3 | J34: 967 | K34: 56 | L34: 88980.4 | M34: 61202.3 | N34: 70544.7 | O34: 100875.2 | P34: 5312.6 | Q34: 7177.3 | R34: 4465.6 | S34: 4993.6 | T34: 6422.3 | U34: 16963 | V34: 49889.9 | W34: 50838.2 | X34: 1685.4 | Y34: 1391.9 | Z34: =IF(OR(W34=""),"",(W34+X34+Y34)) -> 53915.5 | AA34: 59332.8 | AB34: 2868 | AC34: =IF(OR(AA34=""),"",(AA34+AB34)) -> 62200.8 | AE34: =IF(OR(C35=""),"",(C35-C34)*80) | AF34: =IF(OR(D35=""),"",(D35-D34)*80) | AG34: =IF(OR(E35=""),"",(E35-E34)*80) | AH34: =IF(OR(F35=""),"",(F35-F34)*80) | AI34: =IF(OR(G35=""),"",(G35-G34)*80) | AJ34: =IF(OR(AE34="",AF34="",AG34=""),"",AE34+AF34+AG34+AH34+AI34) | AK34: =IF(OR(H35=""),"",(H35-H34)*80) | AL34: =IF(OR(I35=""),"",(I35-I34)*80) | AM34: =IF(OR(J35=""),"",(J35-J34)*80) | AN34: =IF(OR(K35=""),"",(K35-K34)*80) | AO34: =IF(OR(AK34="",AL34=""),"",AK34+AL34+AM34+AN34) | AP34: =IF(OR(L35=""),"",(L35-L34)*100) | AQ34: =IF(OR(M35=""),"",(M35-M34)*100) | AR34: =IF(OR(N35=""),"",(N35-N34)*100) | AS34: =IF(OR(O35=""),"",(O35-O34)*100) | AT34: =IF(OR(AP34="",AQ34=""),"",AP34+AQ34+AR34+AS34) | AU34: =IF(OR(P35=""),"",(P35-P34)*1000) | AV34: =IF(OR(Q35=""),"",(Q35-Q34)*1000) | AW34: =IF(OR(R35=""),"",(R35-R34)*1000) | AX34: =IF(OR(S35=""),"",(S35-S34)*1000) | AY34: =IF(OR(T35=""),"",(T35-T34)*1000) | AZ34: =IF(OR(AU34="",AV34="",AW34=""),"",AU34+AV34+AW34+AX34+AY34) | BA34: =IF(OR(U35=""),"",(U35-U34)*2000) | BB34: =IF(OR(V35=""),"",(V35-V34)*80) | BC34: =IF(OR(W35=""),"",(W35-W34)*40) | BD34: =IF(OR(BE34="",BC34=""),"",BE34-BC34-BB34-BA34-AZ34-AT34-AO34-AJ34) | BE34: =IF(OR(B35=""),"",(B35-B34)*10000) | BF34: =IF(OR(AC35=""),"",AC35-AC34) | BG34: =IF(OR($AD34=0),"",BE34/$AD34) | BH34: =IF(OR($AD34=0),"",AJ34/$AD34) | BI34: =IF(OR($AD34=0),"",AO34/$AD34) | BJ34: =IF(OR($AD34=0),"",AT34/$AD34) | BK34: =IF(OR($AD34=0),"",AZ34/$AD34) | BL34: =IF(OR($AD34=0),"",BA34/$AD34) | BM34: =IF(OR($AD34=0),"",BB34/$AD34) | BN34: =IF(OR($AD34=0),"",BC34/$AD34) | BO34: =IF(OR($AD34=0),"",BD34/$AD34)
Z35: =IF(OR(W35=""),"",(W35+X35+Y35)) | BE35: 总水量 | BF35: 总电量 | BG35: =SUM(BE4:BE34) -> 1643000 | BH35: =SUM(AJ4:AJ34) -> 268860 | BI35: =SUM(AO4:AO34) -> 0 | BJ35: =SUM(AT4:AT34) -> 218420 | BK35: =SUM(AZ4:AZ34) -> 441900 | BL35: =SUM(BA4:BA34) -> 272800 | BM35: =SUM(BB4:BB34) -> 25552 | BN35: =SUM(BC4:BC34) -> 39804 | BO35: =SUM(BD4:BD34) -> 375664
BE36: =SUM(AD4:AD34) -> 5762908 | BF36: 总单耗 | BG36: =IF(OR(BG35=0),"",ROUND(BG35/$BE$36,3)) -> 0.285 | BH36: =IF(OR(BH35=0),"",ROUND(BH35/$BE$36,4)) -> 0.0467 | BI36: =IF(OR(BI35=0),"",ROUND(BI35/$BE$36,4)) | BJ36: =IF(OR(BJ35=0),"",ROUND(BJ35/$BE$36,4)) -> 0.0379 | BK36: =IF(OR(BK35=0),"",ROUND(BK35/$BE$36,4)) -> 0.0767 | BL36: =IF(OR(BL35=0),"",ROUND(BL35/$BE$36,4)) -> 0.0473 | BM36: =IF(OR(BM35=0),"",ROUND(BM35/$BE$36,4)) -> 0.0044 | BN36: =IF(OR(BN35=0),"",ROUND(BN35/$BE$36,4)) -> 0.0069 | BO36: =IF(OR(BO35=0),"",ROUND(BO35/$BE$36,4)) -> 0.0652

Sheet 5
B2: 高配电 表计数 | C2: 一次提升 | H2: 二次提升 | L2: 三次提升 | P2: 高压鼓风机 | U2: 提标 电表 | V2: 脱水 电表 | W2: 旧除臭 电表 | X2: 新除臭电表 | Z2: 除臭 总电表 | AA2: 旧除臭 水表 | AB2: 新除臭 水表 | AC2: 除臭 总水表 | AD2: 实际处 理水量 | AE2: 一次提升用电 | AK2: 二次提升 | AP2: 三次提升 | AU2: 高压鼓风机 | BA2: 提标电量 | BB2: 脱水电量 | BC2: 除臭电量 | BD2: 其他用电量 | BE2: 总电量 | BF2: 除臭水量 | BG2: 总单耗 | BH2: 一次提 升单耗 | BI2: 二次提 升单耗 | BJ2: 三次提 升单耗 | BK2: 风机 单耗 | BL2: 提标 总单耗 | BM2: 脱水 单耗 | BN2: 除臭 单耗 | BO2: 其他 单耗
C3: 1#泵 | D3: 2#泵 | E3: 3#泵 | F3: 4#泵 | G3: 5#泵 | H3: 1#泵 | I3: 2#泵 | J3: 3#泵 | K3: 4#泵 | L3: 1#泵 | M3: 2#泵 | N3: 3#泵 | O3: 4#泵 | P3: 1#风机 | Q3: 2#风机 | R3: 3#风机 | S3: 4#风机 | T3: 5#风机 | X3: 1# | Y3: 2# | AE3: 1#泵 | AF3: 2#泵 | AG3: 3#泵 | AH3: 4#泵 | AI3: 5#泵 | AJ3: 提升电量 | AK3: 1#泵 | AL3: 2#泵 | AM3: 3#泵 | AN3: 4#泵 | AO3: 提升电量 | AP3: 1#泵 | AQ3: 2#泵 | AR3: 3#泵 | AS3: 4#泵 | AT3: 提升电量 | AU3: 1#风机 | AV3: 2#风机 | AW3: 3#风机 | AX3: 4#风机 | AY3: 5#风机 | AZ3: 风机电量
A4: ='4'!A34 -> 44317 | B4: 16197.73 | C4: 88467.2 | D4: 56488.7 | E4: 55874.8 | F4: 4417.13 | G4: 110525.3 | H4: 5596.3 | I4: 2566.3 | J4: 967 | K4: 56 | L4: 88980.4 | M4: 61202.3 | N4: 70544.7 | O4: 100875.2 | P4: 5312.6 | Q4: 7177.3 | R4: 4465.6 | S4: 4993.6 | T4: 6422.3 | U4: 16963 | V4: 49889.9 | W4: 50838.2 | X4: 1685.4 | Y4: 1391.9 | Z4: =IF(OR(W4=""),"",(W4+X4+Y4)) -> 53915.5 | AA4: 59332.8 | AB4: 2868 | AC4: =IF(OR(AA4=""),"",(AA4+AB4)) -> 62200.8 | AD4: 60587 | AE4: =IF(OR(C5=""),"",(C5-C4)*80) -> 3632 | AF4: =IF(OR(D5=""),"",(D5-D4)*80) -> 152 | AG4: =IF(OR(E5=""),"",(E5-E4)*80) -> 0 | AH4: =IF(OR(F5=""),"",(F5-F4)*80) -> 128.8 | AI4: =IF(OR(G5=""),"",(G5-G4)*80) -> 1384 | AJ4: =IF(OR(AE4="",AF4="",AG4=""),"",AE4+AF4+AG4+AH4+AI4) -> 5296.8 | AK4: =IF(OR(H5=""),"",(H5-H4)*80) -> 0 | AL4: =IF(OR(I5=""),"",(I5-I4)*80) -> 0 | AM4: =IF(OR(J5=""),"",(J5-J4)*80) -> 0 | AN4: =IF(OR(K5=""),"",(K5-K4)*80) -> 0 | AO4: =IF(OR(AK4="",AL4=""),"",AK4+AL4+AM4+AN4) -> 0 | AP4: =IF(OR(L5=""),"",(L5-L4)*100) -> 1000 | AQ4: =IF(OR(M5=""),"",(M5-M4)*100) -> 0 | AR4: =IF(OR(N5=""),"",(N5-N4)*100) -> 40 | AS4: =IF(OR(O5=""),"",(O5-O4)*100) -> 1600 | AT4: =IF(OR(AP4="",AQ4=""),"",AP4+AQ4+AR4+AS4) -> 2640 | AU4: =IF(OR(P5=""),"",(P5-P4)*1000) -> 3800 | AV4: =IF(OR(Q5=""),"",(Q5-Q4)*1000) -> 3600 | AW4: =IF(OR(R5=""),"",(R5-R4)*1000) -> 2000 | AX4: =IF(OR(S5=""),"",(S5-S4)*1000) -> 0 | AY4: =IF(OR(T5=""),"",(T5-T4)*1000) -> 400 | AZ4: =IF(OR(AU4="",AV4="",AW4=""),"",AU4+AV4+AW4+AX4+AY4) -> 9800 | BA4: =IF(OR(U5=""),"",(U5-U4)*2000) -> 3200 | BB4: =IF(OR(V5=""),"",(V5-V4)*80) -> 640 | BC4: =IF(OR(Z4=""),"",(Z5-Z4)*40) -> 1372 | BD4: =IF(OR(BE4="",BC4=""),"",BE4-BC4-BB4-BA4-AZ4-AT4-AO4-AJ4) -> 13651.2 | BE4: =IF(OR(B5=""),"",(B5-B4)*10000) -> 36600 | BF4: =IF(OR(AC5=""),"",AC5-AC4) -> 52.5 | BG4: =IF(OR($AD4=0),"",BE4/$AD4) -> 0.60408999 | BH4: =IF(OR($AD4=0),"",AJ4/$AD4) -> 0.087424695 | BI4: =IF(OR($AD4=0),"",AO4/$AD4) -> 0 | BJ4: =IF(OR($AD4=0),"",AT4/$AD4) -> 0.043573704 | BK4: =IF(OR($AD4=0),"",AZ4/$AD4) -> 0.16175087 | BL4: =IF(OR($AD4=0),"",BA4/$AD4) -> 0.052816611 | BM4: =IF(OR($AD4=0),"",BB4/$AD4) -> 0.010563322 | BN4: =IF(OR($AD4=0),"",BC4/$AD4) -> 0.022645122 | BO4: =IF(OR($AD4=0),"",BD4/$AD4) -> 0.22531566
A5: =A4+1 -> 44318 | B5: 16201.39 | C5: 88512.6 | D5: 56490.6 | E5: 55874.8 | F5: 4418.74 | G5: 110542.6 | H5: 5596.3 | I5: 2566.3 | J5: 967 | K5: 56 | L5: 88990.4 | M5: 61202.3 | N5: 70545.1 | O5: 100891.2 | P5: 5316.4 | Q5: 7180.9 | R5: 4467.6 | S5: 4993.6 | T5: 6422.7 | U5: 16964.6 | V5: 49897.9 | W5: 50855.2 | X5: 1694 | Y5: 1400.6 | Z5: =IF(OR(W5=""),"",(W5+X5+Y5)) -> 53949.8 | AA5: 59376.3 | AB5: 2877 | AC5: =IF(OR(AA5=""),"",(AA5+AB5)) -> 62253.3 | AD5: 137663 | AE5: =IF(OR(C6=""),"",(C6-C5)*80) -> 8 | AF5: =IF(OR(D6=""),"",(D6-D5)*80) -> 752 | AG5: =IF(OR(E6=""),"",(E6-E5)*80) -> 2712 | AH5: =IF(OR(F6=""),"",(F6-F5)*80) -> 486.4 | AI5: =IF(OR(G6=""),"",(G6-G5)*80) -> 2088 | AJ5: =IF(OR(AE5="",AF5="",AG5=""),"",AE5+AF5+AG5+AH5+AI5) -> 6046.4 | AK5: =IF(OR(H6=""),"",(H6-H5)*80) -> 0 | AL5: =IF(OR(I6=""),"",(I6-I5)*80) -> 0 | AM5: =IF(OR(J6=""),"",(J6-J5)*80) -> 0 | AN5: =IF(OR(K6=""),"",(K6-K5)*80) -> 0 | AO5: =IF(OR(AK5="",AL5=""),"",AK5+AL5+AM5+AN5) -> 0 | AP5: =IF(OR(L6=""),"",(L6-L5)*100) -> 1190 | AQ5: =IF(OR(M6=""),"",(M6-M5)*100) -> 0 | AR5: =IF(OR(N6=""),"",(N6-N5)*100) -> 1880 | AS5: =IF(OR(O6=""),"",(O6-O5)*100) -> 2380 | AT5: =IF(OR(AP5="",AQ5=""),"",AP5+AQ5+AR5+AS5) -> 5450 | AU5: =IF(OR(P6=""),"",(P6-P5)*1000) -> 2100 | AV5: =IF(OR(Q6=""),"",(Q6-Q5)*1000) -> 300 | AW5: =IF(OR(R6=""),"",(R6-R5)*1000) -> 4600 | AX5: =IF(OR(S6=""),"",(S6-S5)*1000) -> 0 | AY5: =IF(OR(T6=""),"",(T6-T5)*1000) -> 7300 | AZ5: =IF(OR(AU5="",AV5="",AW5=""),"",AU5+AV5+AW5+AX5+AY5) -> 14300 | BA5: =IF(OR(U6=""),"",(U6-U5)*2000) -> 7600 | BB5: =IF(OR(V6=""),"",(V6-V5)*80) -> 304 | BC5: =IF(OR(Z5=""),"",(Z6-Z5)*40) -> 1396 | BD5: =IF(OR(BE5="",BC5=""),"",BE5-BC5-BB5-BA5-AZ5-AT5-AO5-AJ5) -> 15403.6 | BE5: =IF(OR(B6=""),"",(B6-B5)*10000) -> 50500 | BF5: =IF(OR(AC6=""),"",AC6-AC5) -> 55.1 | BG5: =IF(OR($AD5=0),"",BE5/$AD5) -> 0.36683786 | BH5: =IF(OR($AD5=0),"",AJ5/$AD5) -> 0.043921751 | BI5: =IF(OR($AD5=0),"",AO5/$AD5) -> 0 | BJ5: =IF(OR($AD5=0),"",AT5/$AD5) -> 0.039589432 | BK5: =IF(OR($AD5=0),"",AZ5/$AD5) -> 0.10387686 | BL5: =IF(OR($AD5=0),"",BA5/$AD5) -> 0.055207282 | BM5: =IF(OR($AD5=0),"",BB5/$AD5) -> 0.0022082913 | BN5: =IF(OR($AD5=0),"",BC5/$AD5) -> 0.010140706 | BO5: =IF(OR($AD5=0),"",BD5/$AD5) -> 0.11189354
A6: =A5+1 -> 44319 | B6: 16206.44 | C6: 88512.7 | D6: 56500 | E6: 55908.7 | F6: 4424.82 | G6: 110568.7 | H6: 5596.3 | I6: 2566.3 | J6: 967 | K6: 56 | L6: 89002.3 | M6: 61202.3 | N6: 70563.9 | O6: 100915 | P6: 5318.5 | Q6: 7181.2 | R6: 4472.2 | S6: 4993.6 | T6: 6430 | U6: 16968.4 | V6: 49901.7 | W6: 50872.6 | X6: 1702.6 | Y6: 1409.5 | Z6: =IF(OR(W6=""),"",(W6+X6+Y6)) -> 53984.7 | AA6: 59422.4 | AB6: 2886 | AC6: =IF(OR(AA6=""),"",(AA6+AB6)) -> 62308.4 | AD6: 157100 | AE6: =IF(OR(C7=""),"",(C7-C6)*80) -> 0 | AF6: =IF(OR(D7=""),"",(D7-D6)*80) -> 2496 | AG6: =IF(OR(E7=""),"",(E7-E6)*80) -> 3264 | AH6: =IF(OR(F7=""),"",(F7-F6)*80) -> 44.8 | AI6: =IF(OR(G7=""),"",(G7-G6)*80) -> 1776 | AJ6: =IF(OR(AE6="",AF6="",AG6=""),"",AE6+AF6+AG6+AH6+AI6) -> 7580.8 | AK6: =IF(OR(H7=""),"",(H7-H6)*80) -> 0 | AL6: =IF(OR(I7=""),"",(I7-I6)*80) -> 0 | AM6: =IF(OR(J7=""),"",(J7-J6)*80) -> 0 | AN6: =IF(OR(K7=""),"",(K7-K6)*80) -> 0 | AO6: =IF(OR(AK6="",AL6=""),"",AK6+AL6+AM6+AN6) -> 0 | AP6: =IF(OR(L7=""),"",(L7-L6)*100) -> 1760 | AQ6: =IF(OR(M7=""),"",(M7-M6)*100) -> 0 | AR6: =IF(OR(N7=""),"",(N7-N6)*100) -> 1590 | AS6: =IF(OR(O7=""),"",(O7-O6)*100) -> 2200 | AT6: =IF(OR(AP6="",AQ6=""),"",AP6+AQ6+AR6+AS6) -> 5550 | AU6: =IF(OR(P7=""),"",(P7-P6)*1000) -> 3600 | AV6: =IF(OR(Q7=""),"",(Q7-Q6)*1000) -> 0 | AW6: =IF(OR(R7=""),"",(R7-R6)*1000) -> 300 | AX6: =IF(OR(S7=""),"",(S7-S6)*1000) -> 0 | AY6: =IF(OR(T7=""),"",(T7-T6)*1000) -> 9000 | AZ6: =IF(OR(AU6="",AV6="",AW6=""),"",AU6+AV6+AW6+AX6+AY6) -> 12900 | BA6: =IF(OR(U7=""),"",(U7-U6)*2000) -> 7800 | BB6: =IF(OR(V7=""),"",(V7-V6)*80) -> 0 | BC6: =IF(OR(Z6=""),"",(Z7-Z6)*40) -> 1348 | BD6: =IF(OR(BE6="",BC6=""),"",BE6-BC6-BB6-BA6-AZ6-AT6-AO6-AJ6) -> 11921.2 | BE6: =IF(OR(B7=""),"",(B7-B6)*10000) -> 47100 | BF6: =IF(OR(AC7=""),"",AC7-AC6) -> 58.7 | BG6: =IF(OR($AD6=0),"",BE6/$AD6) -> 0.29980904 | BH6: =IF(OR($AD6=0),"",AJ6/$AD6) -> 0.048254615 | BI6: =IF(OR($AD6=0),"",AO6/$AD6) -> 0 | BJ6: =IF(OR($AD6=0),"",AT6/$AD6) -> 0.035327817 | BK6: =IF(OR($AD6=0),"",AZ6/$AD6) -> 0.082113304 | BL6: =IF(OR($AD6=0),"",BA6/$AD6) -> 0.049649905 | BM6: =IF(OR($AD6=0),"",BB6/$AD6) -> 0 | BN6: =IF(OR($AD6=0),"",BC6/$AD6) -> 0.008580522 | BO6: =IF(OR($AD6=0),"",BD6/$AD6) -> 0.075882877
A7: =A6+1 -> 44320 | B7: 16211.15 | C7: 88512.7 | D7: 56531.2 | E7: 55949.5 | F7: 4425.38 | G7: 110590.9 | H7: 5596.3 | I7: 2566.3 | J7: 967 | K7: 56 | L7: 89019.9 | M7: 61202.3 | N7: 70579.8 | O7: 100937 | P7: 5322.1 | Q7: 7181.2 | R7: 4472.5 | S7: 4993.6 | T7: 6439 | U7: 16972.3 | V7: 49901.7 | W7: 50889.2 | X7: 1710.8 | Y7: 1418.4 | Z7: =IF(OR(W7=""),"",(W7+X7+Y7)) -> 54018.4 | AA7: 59466.1 | AB7: 2901 | AC7: =IF(OR(AA7=""),"",(AA7+AB7)) -> 62367.1 | AD7: 208192 | AE7: =IF(OR(C8=""),"",(C8-C7)*80) -> 0 | AF7: =IF(OR(D8=""),"",(D8-D7)*80) -> 0 | AG7: =IF(OR(E8=""),"",(E8-E7)*80) -> 3096 | AH7: =IF(OR(F8=""),"",(F8-F7)*80) -> 2357.6 | AI7: =IF(OR(G8=""),"",(G8-G7)*80) -> 2248 | AJ7: =IF(OR(AE7="",AF7="",AG7=""),"",AE7+AF7+AG7+AH7+AI7) -> 7701.6 | AK7: =IF(OR(H8=""),"",(H8-H7)*80) -> 0 | AL7: =IF(OR(I8=""),"",(I8-I7)*80) -> 0 | AM7: =IF(OR(J8=""),"",(J8-J7)*80) -> 0 | AN7: =IF(OR(K8=""),"",(K8-K7)*80) -> 0 | AO7: =IF(OR(AK7="",AL7=""),"",AK7+AL7+AM7+AN7) -> 0 | AP7: =IF(OR(L8=""),"",(L8-L7)*100) -> 2830 | AQ7: =IF(OR(M8=""),"",(M8-M7)*100) -> 0 | AR7: =IF(OR(N8=""),"",(N8-N7)*100) -> 2420 | AS7: =IF(OR(O8=""),"",(O8-O7)*100) -> 2380 | AT7: =IF(OR(AP7="",AQ7=""),"",AP7+AQ7+AR7+AS7) -> 7630 | AU7: =IF(OR(P8=""),"",(P8-P7)*1000) -> 0 | AV7: =IF(OR(Q8=""),"",(Q8-Q7)*1000) -> 0 | AW7: =IF(OR(R8=""),"",(R8-R7)*1000) -> 4700 | AX7: =IF(OR(S8=""),"",(S8-S7)*1000) -> 0 | AY7: =IF(OR(T8=""),"",(T8-T7)*1000) -> 8200 | AZ7: =IF(OR(AU7="",AV7="",AW7=""),"",AU7+AV7+AW7+AX7+AY7) -> 12900 | BA7: =IF(OR(U8=""),"",(U8-U7)*2000) -> 9600 | BB7: =IF(OR(V8=""),"",(V8-V7)*80) -> 392 | BC7: =IF(OR(Z7=""),"",(Z8-Z7)*40) -> 1364 | BD7: =IF(OR(BE7="",BC7=""),"",BE7-BC7-BB7-BA7-AZ7-AT7-AO7-AJ7) -> 13412.4 | BE7: =IF(OR(B8=""),"",(B8-B7)*10000) -> 53000 | BF7: =IF(OR(AC8=""),"",AC8-AC7) -> 48.9 | BG7: =IF(OR($AD7=0),"",BE7/$AD7) -> 0.2545727 | BH7: =IF(OR($AD7=0),"",AJ7/$AD7) -> 0.036992776 | BI7: =IF(OR($AD7=0),"",AO7/$AD7) -> 0 | BJ7: =IF(OR($AD7=0),"",AT7/$AD7) -> 0.036648863 | BK7: =IF(OR($AD7=0),"",AZ7/$AD7) -> 0.061962035 | BL7: =IF(OR($AD7=0),"",BA7/$AD7) -> 0.046111282 | BM7: =IF(OR($AD7=0),"",BB7/$AD7) -> 0.0018828773 | BN7: =IF(OR($AD7=0),"",BC7/$AD7) -> 0.0065516446 | BO7: =IF(OR($AD7=0),"",BD7/$AD7) -> 0.064423225
A8: =A7+1 -> 44321 | B8: 16216.45 | C8: 88512.7 | D8: 56531.2 | E8: 55988.2 | F8: 4454.85 | G8: 110619 | H8: 5596.3 | I8: 2566.3 | J8: 967 | K8: 56 | L8: 89048.2 | M8: 61202.3 | N8: 70604 | O8: 100960.8 | P8: 5322.1 | Q8: 7181.2 | R8: 4477.2 | S8: 4993.6 | T8: 6447.2 | U8: 16977.1 | V8: 49906.6 | W8: 50906 | X8: 1719.1 | Y8: 1427.4 | Z8: =IF(OR(W8=""),"",(W8+X8+Y8)) -> 54052.5 | AA8: 59506 | AB8: 2910 | AC8: =IF(OR(AA8=""),"",(AA8+AB8)) -> 62416 | AD8: 202452 | AE8: =IF(OR(C9=""),"",(C9-C8)*80) -> 0 | AF8: =IF(OR(D9=""),"",(D9-D8)*80) -> 2600 | AG8: =IF(OR(E9=""),"",(E9-E8)*80) -> 2264 | AH8: =IF(OR(F9=""),"",(F9-F8)*80) -> 2380 | AI8: =IF(OR(G9=""),"",(G9-G8)*80) -> 1976 | AJ8: =IF(OR(AE8="",AF8="",AG8=""),"",AE8+AF8+AG8+AH8+AI8) -> 9220 | AK8: =IF(OR(H9=""),"",(H9-H8)*80) -> 0 | AL8: =IF(OR(I9=""),"",(I9-I8)*80) -> 0 | AM8: =IF(OR(J9=""),"",(J9-J8)*80) -> 0 | AN8: =IF(OR(K9=""),"",(K9-K8)*80) -> 0 | AO8: =IF(OR(AK8="",AL8=""),"",AK8+AL8+AM8+AN8) -> 0 | AP8: =IF(OR(L9=""),"",(L9-L8)*100) -> 2620 | AQ8: =IF(OR(M9=""),"",(M9-M8)*100) -> 0 | AR8: =IF(OR(N9=""),"",(N9-N8)*100) -> 2620 | AS8: =IF(OR(O9=""),"",(O9-O8)*100) -> 2440 | AT8: =IF(OR(AP8="",AQ8=""),"",AP8+AQ8+AR8+AS8) -> 7680 | AU8: =IF(OR(P9=""),"",(P9-P8)*1000) -> 0 | AV8: =IF(OR(Q9=""),"",(Q9-Q8)*1000) -> 0 | AW8: =IF(OR(R9=""),"",(R9-R8)*1000) -> 4400 | AX8: =IF(OR(S9=""),"",(S9-S8)*1000) -> 0 | AY8: =IF(OR(T9=""),"",(T9-T8)*1000) -> 9000 | AZ8: =IF(OR(AU8="",AV8="",AW8=""),"",AU8+AV8+AW8+AX8+AY8) -> 13400 | BA8: =IF(OR(U9=""),"",(U9-U8)*2000) -> 9600 | BB8: =IF(OR(V9=""),"",(V9-V8)*80) -> 920 | BC8: =IF(OR(Z8=""),"",(Z9-Z8)*40) -> 1412 | BD8: =IF(OR(BE8="",BC8=""),"",BE8-BC8-BB8-BA8-AZ8-AT8-AO8-AJ8) -> 13968 | BE8: =IF(OR(B9=""),"",(B9-B8)*10000) -> 56200 | BF8: =IF(OR(AC9=""),"",AC9-AC8) -> 55.6 | BG8: =IF(OR($AD8=0),"",BE8/$AD8) -> 0.27759666 | BH8: =IF(OR($AD8=0),"",AJ8/$AD8) -> 0.045541659 | BI8: =IF(OR($AD8=0),"",AO8/$AD8) -> 0 | BJ8: =IF(OR($AD8=0),"",AT8/$AD8) -> 0.037934918 | BK8: =IF(OR($AD8=0),"",AZ8/$AD8) -> 0.066188529 | BL8: =IF(OR($AD8=0),"",BA8/$AD8) -> 0.047418647 | BM8: =IF(OR($AD8=0),"",BB8/$AD8) -> 0.004544287 | BN8: =IF(OR($AD8=0),"",BC8/$AD8) -> 0.0069744927 | BO8: =IF(OR($AD8=0),"",BD8/$AD8) -> 0.068994132
A9: =A8+1 -> 44322 | B9: 16222.07 | C9: 88512.7 | D9: 56563.7 | E9: 56016.5 | F9: 4484.6 | G9: 110643.7 | H9: 5596.3 | I9: 2566.3 | J9: 967 | K9: 56 | L9: 89074.4 | M9: 61202.3 | N9: 70630.2 | O9: 100985.2 | P9: 5322.1 | Q9: 7181.2 | R9: 4481.6 | S9: 4993.6 | T9: 6456.2 | U9: 16981.9 | V9: 49918.1 | W9: 50923.2 | X9: 1727.7 | Y9: 1436.9 | Z9: =IF(OR(W9=""),"",(W9+X9+Y9)) -> 54087.8 | AA9: 59553.6 | AB9: 2918 | AC9: =IF(OR(AA9=""),"",(AA9+AB9)) -> 62471.6 | AD9: 180457 | AE9: =IF(OR(C10=""),"",(C10-C9)*80) -> 0 | AF9: =IF(OR(D10=""),"",(D10-D9)*80) -> 2504 | AG9: =IF(OR(E10=""),"",(E10-E9)*80) -> 2272 | AH9: =IF(OR(F10=""),"",(F10-F9)*80) -> 2000 | AI9: =IF(OR(G10=""),"",(G10-G9)*80) -> 1888 | AJ9: =IF(OR(AE9="",AF9="",AG9=""),"",AE9+AF9+AG9+AH9+AI9) -> 8664 | AK9: =IF(OR(H10=""),"",(H10-H9)*80) -> 0 | AL9: =IF(OR(I10=""),"",(I10-I9)*80) -> 0 | AM9: =IF(OR(J10=""),"",(J10-J9)*80) -> 0 | AN9: =IF(OR(K10=""),"",(K10-K9)*80) -> 0 | AO9: =IF(OR(AK9="",AL9=""),"",AK9+AL9+AM9+AN9) -> 0 | AP9: =IF(OR(L10=""),"",(L10-L9)*100) -> 2160 | AQ9: =IF(OR(M10=""),"",(M10-M9)*100) -> 0 | AR9: =IF(OR(N10=""),"",(N10-N9)*100) -> 2010 | AS9: =IF(OR(O10=""),"",(O10-O9)*100) -> 2400 | AT9: =IF(OR(AP9="",AQ9=""),"",AP9+AQ9+AR9+AS9) -> 6570 | AU9: =IF(OR(P10=""),"",(P10-P9)*1000) -> 1500 | AV9: =IF(OR(Q10=""),"",(Q10-Q9)*1000) -> 0 | AW9: =IF(OR(R10=""),"",(R10-R9)*1000) -> 3100 | AX9: =IF(OR(S10=""),"",(S10-S9)*1000) -> 0 | AY9: =IF(OR(T10=""),"",(T10-T9)*1000) -> 300 | AZ9: =IF(OR(AU9="",AV9="",AW9=""),"",AU9+AV9+AW9+AX9+AY9) -> 4900 | BA9: =IF(OR(U10=""),"",(U10-U9)*2000) -> 8400 | BB9: =IF(OR(V10=""),"",(V10-V9)*80) -> 1096 | BC9: =IF(OR(Z9=""),"",(Z10-Z9)*40) -> 1392 | BD9: =IF(OR(BE9="",BC9=""),"",BE9-BC9-BB9-BA9-AZ9-AT9-AO9-AJ9) -> 23278 | BE9: =IF(OR(B10=""),"",(B10-B9)*10000) -> 54300 | BF9: =IF(OR(AC10=""),"",AC10-AC9) -> 50.1 | BG9: =IF(OR($AD9=0),"",BE9/$AD9) -> 0.30090271 | BH9: =IF(OR($AD9=0),"",AJ9/$AD9) -> 0.048011438 | BI9: =IF(OR($AD9=0),"",AO9/$AD9) -> 0 | BJ9: =IF(OR($AD9=0),"",AT9/$AD9) -> 0.036407565 | BK9: =IF(OR($AD9=0),"",AZ9/$AD9) -> 0.027153283 | BL9: =IF(OR($AD9=0),"",BA9/$AD9) -> 0.046548485 | BM9: =IF(OR($AD9=0),"",BB9/$AD9) -> 0.006073469 | BN9: =IF(OR($AD9=0),"",BC9/$AD9) -> 0.007713749 | BO9: =IF(OR($AD9=0),"",BD9/$AD9) -> 0.12899472
A10: =A9+1 -> 44323 | B10: 16227.5 | C10: 88512.7 | D10: 56595 | E10: 56044.9 | F10: 4509.6 | G10: 110667.3 | H10: 5596.3 | I10: 2566.3 | J10: 967 | K10: 56 | L10: 89096 | M10: 61202.3 | N10: 70650.3 | O10: 101009.2 | P10: 5323.6 | Q10: 7181.2 | R10: 4484.7 | S10: 4993.6 | T10: 6456.5 | U10: 16986.1 | V10: 49931.8 | W10: 50940.2 | X10: 1736.2 | Y10: 1446.2 | Z10: =IF(OR(W10=""),"",(W10+X10+Y10)) -> 54122.6 | AA10: 59594.7 | AB10: 2927 | AC10: =IF(OR(AA10=""),"",(AA10+AB10)) -> 62521.7 | AD10: 179128 | AE10: =IF(OR(C11=""),"",(C11-C10)*80) -> 0 | AF10: =IF(OR(D11=""),"",(D11-D10)*80) -> 1840 | AG10: =IF(OR(E11=""),"",(E11-E10)*80) -> 2896 | AH10: =IF(OR(F11=""),"",(F11-F10)*80) -> 1531.2 | AI10: =IF(OR(G11=""),"",(G11-G10)*80) -> 2136 | AJ10: =IF(OR(AE10="",AF10="",AG10=""),"",AE10+AF10+AG10+AH10+AI10) -> 8403.2 | AK10: =IF(OR(H11=""),"",(H11-H10)*80) -> 0 | AL10: =IF(OR(I11=""),"",(I11-I10)*80) -> 0 | AM10: =IF(OR(J11=""),"",(J11-J10)*80) -> 0 | AN10: =IF(OR(K11=""),"",(K11-K10)*80) -> 0 | AO10: =IF(OR(AK10="",AL10=""),"",AK10+AL10+AM10+AN10) -> 0 | AP10: =IF(OR(L11=""),"",(L11-L10)*100) -> 2100 | AQ10: =IF(OR(M11=""),"",(M11-M10)*100) -> 0 | AR10: =IF(OR(N11=""),"",(N11-N10)*100) -> 2100 | AS10: =IF(OR(O11=""),"",(O11-O10)*100) -> 2400 | AT10: =IF(OR(AP10="",AQ10=""),"",AP10+AQ10+AR10+AS10) -> 6600 | AU10: =IF(OR(P11=""),"",(P11-P10)*1000) -> 1400 | AV10: =IF(OR(Q11=""),"",(Q11-Q10)*1000) -> 0 | AW10: =IF(OR(R11=""),"",(R11-R10)*1000) -> 3000 | AX10: =IF(OR(S11=""),"",(S11-S10)*1000) -> 0 | AY10: =IF(OR(T11=""),"",(T11-T10)*1000) -> 18000 | AZ10: =IF(OR(AU10="",AV10="",AW10=""),"",AU10+AV10+AW10+AX10+AY10) -> 22400 | BA10: =IF(OR(U11=""),"",(U11-U10)*2000) -> 8200 | BB10: =IF(OR(V11=""),"",(V11-V10)*80) -> 1056 | BC10: =IF(OR(Z10=""),"",(Z11-Z10)*40) -> 1372 | BD10: =IF(OR(BE10="",BC10=""),"",BE10-BC10-BB10-BA10-AZ10-AT10-AO10-AJ10) -> 5068.8 | BE10: =IF(OR(B11=""),"",(B11-B10)*10000) -> 53100 | BF10: =IF(OR(AC11=""),"",AC11-AC10) -> 50.8 | BG10: =IF(OR($AD10=0),"",BE10/$AD10) -> 0.29643607 | BH10: =IF(OR($AD10=0),"",AJ10/$AD10) -> 0.046911706 | BI10: =IF(OR($AD10=0),"",AO10/$AD10) -> 0 | BJ10: =IF(OR($AD10=0),"",AT10/$AD10) -> 0.036845161 | BK10: =IF(OR($AD10=0),"",AZ10/$AD10) -> 0.12505024 | BL10: =IF(OR($AD10=0),"",BA10/$AD10) -> 0.045777321 | BM10: =IF(OR($AD10=0),"",BB10/$AD10) -> 0.0058952258 | BN10: =IF(OR($AD10=0),"",BC10/$AD10) -> 0.0076593274 | BO10: =IF(OR($AD10=0),"",BD10/$AD10) -> 0.028297084
A11: =A10+1 -> 44324 | B11: 16232.81 | C11: 88512.7 | D11: 56618 | E11: 56081.1 | F11: 4528.74 | G11: 110694 | H11: 5596.3 | I11: 2566.3 | J11: 967 | K11: 56 | L11: 89117 | M11: 61202.3 | N11: 70671.3 | O11: 101033.2 | P11: 5325 | Q11: 7181.2 | R11: 4487.7 | S11: 4993.6 | T11: 6474.5 | U11: 16990.2 | V11: 49945 | W11: 50957.1 | X11: 1744.6 | Y11: 1455.2 | Z11: =IF(OR(W11=""),"",(W11+X11+Y11)) -> 54156.9 | AA11: 59635.5 | AB11: 2937 | AC11: =IF(OR(AA11=""),"",(AA11+AB11)) -> 62572.5 | AD11: 190016 | AE11: =IF(OR(C12=""),"",(C12-C11)*80) -> 1576 | AF11: =IF(OR(D12=""),"",(D12-D11)*80) -> 432 | AG11: =IF(OR(E12=""),"",(E12-E11)*80) -> 2504 | AH11: =IF(OR(F12=""),"",(F12-F11)*80) -> 1759.2 | AI11: =IF(OR(G12=""),"",(G12-G11)*80) -> 2080 | AJ11: =IF(OR(AE11="",AF11="",AG11=""),"",AE11+AF11+AG11+AH11+AI11) -> 8351.2 | AK11: =IF(OR(H12=""),"",(H12-H11)*80) -> 0 | AL11: =IF(OR(I12=""),"",(I12-I11)*80) -> 0 | AM11: =IF(OR(J12=""),"",(J12-J11)*80) -> 0 | AN11: =IF(OR(K12=""),"",(K12-K11)*80) -> 0 | AO11: =IF(OR(AK11="",AL11=""),"",AK11+AL11+AM11+AN11) -> 0 | AP11: =IF(OR(L12=""),"",(L12-L11)*100) -> 2070 | AQ11: =IF(OR(M12=""),"",(M12-M11)*100) -> 0 | AR11: =IF(OR(N12=""),"",(N12-N11)*100) -> 2440 | AS11: =IF(OR(O12=""),"",(O12-O11)*100) -> 2280 | AT11: =IF(OR(AP11="",AQ11=""),"",AP11+AQ11+AR11+AS11) -> 6790 | AU11: =IF(OR(P12=""),"",(P12-P11)*1000) -> 1200 | AV11: =IF(OR(Q12=""),"",(Q12-Q11)*1000) -> 0 | AW11: =IF(OR(R12=""),"",(R12-R11)*1000) -> 3000 | AX11: =IF(OR(S12=""),"",(S12-S11)*1000) -> 0 | AY11: =IF(OR(T12=""),"",(T12-T11)*1000) -> 8700 | AZ11: =IF(OR(AU11="",AV11="",AW11=""),"",AU11+AV11+AW11+AX11+AY11) -> 12900 | BA11: =IF(OR(U12=""),"",(U12-U11)*2000) -> 8400 | BB11: =IF(OR(V12=""),"",(V12-V11)*80) -> 1088 | BC11: =IF(OR(Z11=""),"",(Z12-Z11)*40) -> 1312 | BD11: =IF(OR(BE11="",BC11=""),"",BE11-BC11-BB11-BA11-AZ11-AT11-AO11-AJ11) -> 13558.8 | BE11: =IF(OR(B12=""),"",(B12-B11)*10000) -> 52400 | BF11: =IF(OR(AC12=""),"",AC12-AC11) -> 54.3 | BG11: =IF(OR($AD11=0),"",BE11/$AD11) -> 0.27576625 | BH11: =IF(OR($AD11=0),"",AJ11/$AD11) -> 0.043949983 | BI11: =IF(OR($AD11=0),"",AO11/$AD11) -> 0 | BJ11: =IF(OR($AD11=0),"",AT11/$AD11) -> 0.035733833 | BK11: =IF(OR($AD11=0),"",AZ11/$AD11) -> 0.06788902 | BL11: =IF(OR($AD11=0),"",BA11/$AD11) -> 0.044206804 | BM11: =IF(OR($AD11=0),"",BB11/$AD11) -> 0.0057258336 | BN11: =IF(OR($AD11=0),"",BC11/$AD11) -> 0.0069046817 | BO11: =IF(OR($AD11=0),"",BD11/$AD11) -> 0.071356096
A12: =A11+1 -> 44325 | B12: 16238.05 | C12: 88532.4 | D12: 56623.4 | E12: 56112.4 | F12: 4550.73 | G12: 110720 | H12: 5596.3 | I12: 2566.3 | J12: 967 | K12: 56 | L12: 89137.7 | M12: 61202.3 | N12: 70695.7 | O12: 101056 | P12: 5326.2 | Q12: 7181.2 | R12: 4490.7 | S12: 4993.6 | T12: 6483.2 | U12: 16994.4 | V12: 49958.6 | W12: 50973.6 | X12: 1752.5 | Y12: 1463.6 | Z12: =IF(OR(W12=""),"",(W12+X12+Y12)) -> 54189.7 | AA12: 59675.8 | AB12: 2951 | AC12: =IF(OR(AA12=""),"",(AA12+AB12)) -> 62626.8 | AD12: 187107 | AE12: =IF(OR(C13=""),"",(C13-C12)*80) -> 3936 | AF12: =IF(OR(D13=""),"",(D13-D12)*80) -> 1872 | AG12: =IF(OR(E13=""),"",(E13-E12)*80) -> 2536 | AH12: =IF(OR(F13=""),"",(F13-F12)*80) -> 4 | AI12: =IF(OR(G13=""),"",(G13-G12)*80) -> 2064 | AJ12: =IF(OR(AE12="",AF12="",AG12=""),"",AE12+AF12+AG12+AH12+AI12) -> 10412 | AK12: =IF(OR(H13=""),"",(H13-H12)*80) -> 0 | AL12: =IF(OR(I13=""),"",(I13-I12)*80) -> 0 | AM12: =IF(OR(J13=""),"",(J13-J12)*80) -> 0 | AN12: =IF(OR(K13=""),"",(K13-K12)*80) -> 0 | AO12: =IF(OR(AK12="",AL12=""),"",AK12+AL12+AM12+AN12) -> 0 | AP12: =IF(OR(L13=""),"",(L13-L12)*100) -> 2010 | AQ12: =IF(OR(M13=""),"",(M13-M12)*100) -> 0 | AR12: =IF(OR(N13=""),"",(N13-N12)*100) -> 2490 | AS12: =IF(OR(O13=""),"",(O13-O12)*100) -> 2230 | AT12: =IF(OR(AP12="",AQ12=""),"",AP12+AQ12+AR12+AS12) -> 6730 | AU12: =IF(OR(P13=""),"",(P13-P12)*1000) -> 900 | AV12: =IF(OR(Q13=""),"",(Q13-Q12)*1000) -> 1600 | AW12: =IF(OR(R13=""),"",(R13-R12)*1000) -> 3500 | AX12: =IF(OR(S13=""),"",(S13-S12)*1000) -> 0 | AY12: =IF(OR(T13=""),"",(T13-T12)*1000) -> 9200 | AZ12: =IF(OR(AU12="",AV12="",AW12=""),"",AU12+AV12+AW12+AX12+AY12) -> 15200 | BA12: =IF(OR(U13=""),"",(U13-U12)*2000) -> 8000 | BB12: =IF(OR(V13=""),"",(V13-V12)*80) -> 1120 | BC12: =IF(OR(Z12=""),"",(Z13-Z12)*40) -> 1364 | BD12: =IF(OR(BE12="",BC12=""),"",BE12-BC12-BB12-BA12-AZ12-AT12-AO12-AJ12) -> 13574 | BE12: =IF(OR(B13=""),"",(B13-B12)*10000) -> 56400 | BF12: =IF(OR(AC13=""),"",AC13-AC12) -> 51.6 | BG12: =IF(OR($AD12=0),"",BE12/$AD12) -> 0.3014318 | BH12: =IF(OR($AD12=0),"",AJ12/$AD12) -> 0.055647303 | BI12: =IF(OR($AD12=0),"",AO12/$AD12) -> 0 | BJ12: =IF(OR($AD12=0),"",AT12/$AD12) -> 0.035968724 | BK12: =IF(OR($AD12=0),"",AZ12/$AD12) -> 0.081236939 | BL12: =IF(OR($AD12=0),"",BA12/$AD12) -> 0.042756284 | BM12: =IF(OR($AD12=0),"",BB12/$AD12) -> 0.0059858797 | BN12: =IF(OR($AD12=0),"",BC12/$AD12) -> 0.0072899464 | BO12: =IF(OR($AD12=0),"",BD12/$AD12) -> 0.072546725
A13: =A12+1 -> 44326 | B13: 16243.69 | C13: 88581.6 | D13: 56646.8 | E13: 56144.1 | F13: 4550.78 | G13: 110745.8 | H13: 5596.3 | I13: 2566.3 | J13: 967 | K13: 56 | L13: 89157.8 | M13: 61202.3 | N13: 70720.6 | O13: 101078.3 | P13: 5327.1 | Q13: 7182.8 | R13: 4494.2 | S13: 4993.6 | T13: 6492.4 | U13: 16998.4 | V13: 49972.6 | W13: 50990.5 | X13: 1760.9 | Y13: 1472.4 | Z13: =IF(OR(W13=""),"",(W13+X13+Y13)) -> 54223.8 | AA13: 59717.4 | AB13: 2961 | AC13: =IF(OR(AA13=""),"",(AA13+AB13)) -> 62678.4 | AD13: 196921 | AE13: =IF(OR(C14=""),"",(C14-C13)*80) -> 16 | AF13: =IF(OR(D14=""),"",(D14-D13)*80) -> 2864 | AG13: =IF(OR(E14=""),"",(E14-E13)*80) -> 2168 | AH13: =IF(OR(F14=""),"",(F14-F13)*80) -> 2394.4 | AI13: =IF(OR(G14=""),"",(G14-G13)*80) -> 2000 | AJ13: =IF(OR(AE13="",AF13="",AG13=""),"",AE13+AF13+AG13+AH13+AI13) -> 9442.4 | AK13: =IF(OR(H14=""),"",(H14-H13)*80) -> 0 | AL13: =IF(OR(I14=""),"",(I14-I13)*80) -> 0 | AM13: =IF(OR(J14=""),"",(J14-J13)*80) -> 0 | AN13: =IF(OR(K14=""),"",(K14-K13)*80) -> 0 | AO13: =IF(OR(AK13="",AL13=""),"",AK13+AL13+AM13+AN13) -> 0 | AP13: =IF(OR(L14=""),"",(L14-L13)*100) -> 2370 | AQ13: =IF(OR(M14=""),"",(M14-M13)*100) -> 0 | AR13: =IF(OR(N14=""),"",(N14-N13)*100) -> 2370 | AS13: =IF(OR(O14=""),"",(O14-O13)*100) -> 2250 | AT13: =IF(OR(AP13="",AQ13=""),"",AP13+AQ13+AR13+AS13) -> 6990 | AU13: =IF(OR(P14=""),"",(P14-P13)*1000) -> 900 | AV13: =IF(OR(Q14=""),"",(Q14-Q13)*1000) -> 0 | AW13: =IF(OR(R14=""),"",(R14-R13)*1000) -> 3700 | AX13: =IF(OR(S14=""),"",(S14-S13)*1000) -> 0 | AY13: =IF(OR(T14=""),"",(T14-T13)*1000) -> 9100 | AZ13: =IF(OR(AU13="",AV13="",AW13=""),"",AU13+AV13+AW13+AX13+AY13) -> 13700 | BA13: =IF(OR(U14=""),"",(U14-U13)*2000) -> 8600 | BB13: =IF(OR(V14=""),"",(V14-V13)*80) -> 1080 | BC13: =IF(OR(Z13=""),"",(Z14-Z13)*40) -> 1348 | BD13: =IF(OR(BE13="",BC13=""),"",BE13-BC13-BB13-BA13-AZ13-AT13-AO13-AJ13) -> 15639.6 | BE13: =IF(OR(B14=""),"",(B14-B13)*10000) -> 56800 | BF13: =IF(OR(AC14=""),"",AC14-AC13) -> 48.8 | BG13: =IF(OR($AD13=0),"",BE13/$AD13) -> 0.28844054 | BH13: =IF(OR($AD13=0),"",AJ13/$AD13) -> 0.047950193 | BI13: =IF(OR($AD13=0),"",AO13/$AD13) -> 0 | BJ13: =IF(OR($AD13=0),"",AT13/$AD13) -> 0.035496468 | BK13: =IF(OR($AD13=0),"",AZ13/$AD13) -> 0.069571046 | BL13: =IF(OR($AD13=0),"",BA13/$AD13) -> 0.043672336 | BM13: =IF(OR($AD13=0),"",BB13/$AD13) -> 0.0054844328 | BN13: =IF(OR($AD13=0),"",BC13/$AD13) -> 0.0068453847 | BO13: =IF(OR($AD13=0),"",BD13/$AD13) -> 0.079420681
A14: =A13+1 -> 44327 | B14: 16249.37 | C14: 88581.8 | D14: 56682.6 | E14: 56171.2 | F14: 4580.71 | G14: 110770.8 | H14: 5596.3 | I14: 2566.3 | J14: 967 | K14: 56 | L14: 89181.5 | M14: 61202.3 | N14: 70744.3 | O14: 101100.8 | P14: 5328 | Q14: 7182.8 | R14: 4497.9 | S14: 4993.6 | T14: 6501.5 | U14: 17002.7 | V14: 49986.1 | W14: 51007 | X14: 1769.3 | Y14: 1481.2 | Z14: =IF(OR(W14=""),"",(W14+X14+Y14)) -> 54257.5 | AA14: 59757.2 | AB14: 2970 | AC14: =IF(OR(AA14=""),"",(AA14+AB14)) -> 62727.2 | AD14: 191021 | AE14: =IF(OR(C15=""),"",(C15-C14)*80) -> 0 | AF14: =IF(OR(D15=""),"",(D15-D14)*80) -> 2448 | AG14: =IF(OR(E15=""),"",(E15-E14)*80) -> 2696 | AH14: =IF(OR(F15=""),"",(F15-F14)*80) -> 2152 | AI14: =IF(OR(G15=""),"",(G15-G14)*80) -> 2280 | AJ14: =IF(OR(AE14="",AF14="",AG14=""),"",AE14+AF14+AG14+AH14+AI14) -> 9576 | AK14: =IF(OR(H15=""),"",(H15-H14)*80) -> 0 | AL14: =IF(OR(I15=""),"",(I15-I14)*80) -> 0 | AM14: =IF(OR(J15=""),"",(J15-J14)*80) -> 0 | AN14: =IF(OR(K15=""),"",(K15-K14)*80) -> 0 | AO14: =IF(OR(AK14="",AL14=""),"",AK14+AL14+AM14+AN14) -> 0 | AP14: =IF(OR(L15=""),"",(L15-L14)*100) -> 2480 | AQ14: =IF(OR(M15=""),"",(M15-M14)*100) -> 0 | AR14: =IF(OR(N15=""),"",(N15-N14)*100) -> 2360 | AS14: =IF(OR(O15=""),"",(O15-O14)*100) -> 2290 | AT14: =IF(OR(AP14="",AQ14=""),"",AP14+AQ14+AR14+AS14) -> 7130 | AU14: =IF(OR(P15=""),"",(P15-P14)*1000) -> 200 | AV14: =IF(OR(Q15=""),"",(Q15-Q14)*1000) -> 0 | AW14: =IF(OR(R15=""),"",(R15-R14)*1000) -> 4400 | AX14: =IF(OR(S15=""),"",(S15-S14)*1000) -> 0 | AY14: =IF(OR(T15=""),"",(T15-T14)*1000) -> 9100 | AZ14: =IF(OR(AU14="",AV14="",AW14=""),"",AU14+AV14+AW14+AX14+AY14) -> 13700 | BA14: =IF(OR(U15=""),"",(U15-U14)*2000) -> 9200 | BB14: =IF(OR(V15=""),"",(V15-V14)*80) -> 1040 | BC14: =IF(OR(Z14=""),"",(Z15-Z14)*40) -> 1468 | BD14: =IF(OR(BE14="",BC14=""),"",BE14-BC14-BB14-BA14-AZ14-AT14-AO14-AJ14) -> 14786 | BE14: =IF(OR(B15=""),"",(B15-B14)*10000) -> 56900 | BF14: =IF(OR(AC15=""),"",AC15-AC14) -> 51.2 | BG14: =IF(OR($AD14=0),"",BE14/$AD14) -> 0.29787301 | BH14: =IF(OR($AD14=0),"",AJ14/$AD14) -> 0.050130614 | BI14: =IF(OR($AD14=0),"",AO14/$AD14) -> 0 | BJ14: =IF(OR($AD14=0),"",AT14/$AD14) -> 0.037325739 | BK14: =IF(OR($AD14=0),"",AZ14/$AD14) -> 0.071719863 | BL14: =IF(OR($AD14=0),"",BA14/$AD14) -> 0.048162244 | BM14: =IF(OR($AD14=0),"",BB14/$AD14) -> 0.0054444276 | BN14: =IF(OR($AD14=0),"",BC14/$AD14) -> 0.0076850189 | BO14: =IF(OR($AD14=0),"",BD14/$AD14) -> 0.077405102
A15: =A14+1 -> 44328 | B15: 16255.06 | C15: 88581.8 | D15: 56713.2 | E15: 56204.9 | F15: 4607.61 | G15: 110799.3 | H15: 5596.3 | I15: 2566.3 | J15: 967 | K15: 56 | L15: 89206.3 | M15: 61202.3 | N15: 70767.9 | O15: 101123.7 | P15: 5328.2 | Q15: 7182.8 | R15: 4502.3 | S15: 4993.6 | T15: 6510.6 | U15: 17007.3 | V15: 49999.1 | W15: 51026.8 | X15: 1777.7 | Y15: 1489.7 | Z15: =IF(OR(W15=""),"",(W15+X15+Y15)) -> 54294.2 | AA15: 59800.4 | AB15: 2978 | AC15: =IF(OR(AA15=""),"",(AA15+AB15)) -> 62778.4 | AD15: 200532 | AE15: =IF(OR(C16=""),"",(C16-C15)*80) -> 2632 | AF15: =IF(OR(D16=""),"",(D16-D15)*80) -> 2440 | AG15: =IF(OR(E16=""),"",(E16-E15)*80) -> 2368 | AH15: =IF(OR(F16=""),"",(F16-F15)*80) -> 467.2 | AI15: =IF(OR(G16=""),"",(G16-G15)*80) -> 2192 | AJ15: =IF(OR(AE15="",AF15="",AG15=""),"",AE15+AF15+AG15+AH15+AI15) -> 10099.2 | AK15: =IF(OR(H16=""),"",(H16-H15)*80) -> 0 | AL15: =IF(OR(I16=""),"",(I16-I15)*80) -> 0 | AM15: =IF(OR(J16=""),"",(J16-J15)*80) -> 0 | AN15: =IF(OR(K16=""),"",(K16-K15)*80) -> 0 | AO15: =IF(OR(AK15="",AL15=""),"",AK15+AL15+AM15+AN15) -> 0 | AP15: =IF(OR(L16=""),"",(L16-L15)*100) -> 2790 | AQ15: =IF(OR(M16=""),"",(M16-M15)*100) -> 0 | AR15: =IF(OR(N16=""),"",(N16-N15)*100) -> 2210 | AS15: =IF(OR(O16=""),"",(O16-O15)*100) -> 2360 | AT15: =IF(OR(AP15="",AQ15=""),"",AP15+AQ15+AR15+AS15) -> 7360 | AU15: =IF(OR(P16=""),"",(P16-P15)*1000) -> 900 | AV15: =IF(OR(Q16=""),"",(Q16-Q15)*1000) -> 0 | AW15: =IF(OR(R16=""),"",(R16-R15)*1000) -> 3200 | AX15: =IF(OR(S16=""),"",(S16-S15)*1000) -> 0 | AY15: =IF(OR(T16=""),"",(T16-T15)*1000) -> 9000 | AZ15: =IF(OR(AU15="",AV15="",AW15=""),"",AU15+AV15+AW15+AX15+AY15) -> 13100 | BA15: =IF(OR(U16=""),"",(U16-U15)*2000) -> 9400 | BB15: =IF(OR(V16=""),"",(V16-V15)*80) -> 1088 | BC15: =IF(OR(Z15=""),"",(Z16-Z15)*40) -> 1208 | BD15: =IF(OR(BE15="",BC15=""),"",BE15-BC15-BB15-BA15-AZ15-AT15-AO15-AJ15) -> 13544.8 | BE15: =IF(OR(B16=""),"",(B16-B15)*10000) -> 55800 | BF15: =IF(OR(AC16=""),"",AC16-AC15) -> 51.9 | BG15: =IF(OR($AD15=0),"",BE15/$AD15) -> 0.27825983 | BH15: =IF(OR($AD15=0),"",AJ15/$AD15) -> 0.050362037 | BI15: =IF(OR($AD15=0),"",AO15/$AD15) -> 0 | BJ15: =IF(OR($AD15=0),"",AT15/$AD15) -> 0.036702372 | BK15: =IF(OR($AD15=0),"",AZ15/$AD15) -> 0.065326232 | BL15: =IF(OR($AD15=0),"",BA15/$AD15) -> 0.046875312 | BM15: =IF(OR($AD15=0),"",BB15/$AD15) -> 0.005425568 | BN15: =IF(OR($AD15=0),"",BC15/$AD15) -> 0.0060239762 | BO15: =IF(OR($AD15=0),"",BD15/$AD15) -> 0.067544332
A16: =A15+1 -> 44329 | B16: 16260.64 | C16: 88614.7 | D16: 56743.7 | E16: 56234.5 | F16: 4613.45 | G16: 110826.7 | H16: 5596.3 | I16: 2566.3 | J16: 967 | K16: 56 | L16: 89234.2 | M16: 61202.3 | N16: 70790 | O16: 101147.3 | P16: 5329.1 | Q16: 7182.8 | R16: 4505.5 | S16: 4993.6 | T16: 6519.6 | U16: 17012 | V16: 50012.7 | W16: 51040.5 | X16: 1785.9 | Y16: 1498 | Z16: =IF(OR(W16=""),"",(W16+X16+Y16)) -> 54324.4 | AA16: 59844.3 | AB16: 2986 | AC16: =IF(OR(AA16=""),"",(AA16+AB16)) -> 62830.3 | AD16: 204116 | AE16: =IF(OR(C17=""),"",(C17-C16)*80) -> 3752 | AF16: =IF(OR(D17=""),"",(D17-D16)*80) -> 2744 | AG16: =IF(OR(E17=""),"",(E17-E16)*80) -> 2200 | AH16: =IF(OR(F17=""),"",(F17-F16)*80) -> 4 | AI16: =IF(OR(G17=""),"",(G17-G16)*80) -> 2144 | AJ16: =IF(OR(AE16="",AF16="",AG16=""),"",AE16+AF16+AG16+AH16+AI16) -> 10844 | AK16: =IF(OR(H17=""),"",(H17-H16)*80) -> 0 | AL16: =IF(OR(I17=""),"",(I17-I16)*80) -> 0 | AM16: =IF(OR(J17=""),"",(J17-J16)*80) -> 0 | AN16: =IF(OR(K17=""),"",(K17-K16)*80) -> 0 | AO16: =IF(OR(AK16="",AL16=""),"",AK16+AL16+AM16+AN16) -> 0 | AP16: =IF(OR(L17=""),"",(L17-L16)*100) -> 2930 | AQ16: =IF(OR(M17=""),"",(M17-M16)*100) -> 0 | AR16: =IF(OR(N17=""),"",(N17-N16)*100) -> 2500 | AS16: =IF(OR(O17=""),"",(O17-O16)*100) -> 2440 | AT16: =IF(OR(AP16="",AQ16=""),"",AP16+AQ16+AR16+AS16) -> 7870 | AU16: =IF(OR(P17=""),"",(P17-P16)*1000) -> 300 | AV16: =IF(OR(Q17=""),"",(Q17-Q16)*1000) -> 0 | AW16: =IF(OR(R17=""),"",(R17-R16)*1000) -> 4900 | AX16: =IF(OR(S17=""),"",(S17-S16)*1000) -> 0 | AY16: =IF(OR(T17=""),"",(T17-T16)*1000) -> 8100 | AZ16: =IF(OR(AU16="",AV16="",AW16=""),"",AU16+AV16+AW16+AX16+AY16) -> 13300 | BA16: =IF(OR(U17=""),"",(U17-U16)*2000) -> 9800 | BB16: =IF(OR(V17=""),"",(V17-V16)*80) -> 640 | BC16: =IF(OR(Z16=""),"",(Z17-Z16)*40) -> 1364 | BD16: =IF(OR(BE16="",BC16=""),"",BE16-BC16-BB16-BA16-AZ16-AT16-AO16-AJ16) -> 12082 | BE16: =IF(OR(B17=""),"",(B17-B16)*10000) -> 55900 | BF16: =IF(OR(AC17=""),"",AC17-AC16) -> 61.2 | BG16: =IF(OR($AD16=0),"",BE16/$AD16) -> 0.27386388 | BH16: =IF(OR($AD16=0),"",AJ16/$AD16) -> 0.053126653 | BI16: =IF(OR($AD16=0),"",AO16/$AD16) -> 0 | BJ16: =IF(OR($AD16=0),"",AT16/$AD16) -> 0.038556507 | BK16: =IF(OR($AD16=0),"",AZ16/$AD16) -> 0.065159027 | BL16: =IF(OR($AD16=0),"",BA16/$AD16) -> 0.048011915 | BM16: =IF(OR($AD16=0),"",BB16/$AD16) -> 0.003135472 | BN16: =IF(OR($AD16=0),"",BC16/$AD16) -> 0.0066824747 | BO16: =IF(OR($AD16=0),"",BD16/$AD16) -> 0.059191832
... A34: =A33+1 -> 44347 | B34: 16355.88 | C34: 89419 | D34: 57199.3 | E34: 56546.3 | F34: 4670.69 | G34: 111285.5 | H34: 5596.3 | I34: 2566.3 | J34: 967 | K34: 56 | L34: 89770.8 | M34: 61207.1 | N34: 71240.1 | O34: 101589.7 | P34: 5376.6 | Q34: 7188.2 | R34: 4528.9 | S34: 5064.3 | T34: 6552.3 | U34: 17101 | V34: 50197.6 | W34: 51340.3 | X34: 1937.1 | Y34: 1661.7 | Z34: =IF(OR(W34=""),"",(W34+X34+Y34)) -> 54939.1 | AA34: 60679.2 | AB34: 3169 | AC34: =IF(OR(AA34=""),"",(AA34+AB34)) -> 63848.2 | AD34: 209045 | AE34: =IF(OR(C35=""),"",(C35-C34)*80) -> 3752 | AF34: =IF(OR(D35=""),"",(D35-D34)*80) -> 3032 | AG34: =IF(OR(E35=""),"",(E35-E34)*80) -> 0 | AH34: =IF(OR(F35=""),"",(F35-F34)*80) -> 4.8 | AI34: =IF(OR(G35=""),"",(G35-G34)*80) -> 2032 | AJ34: =IF(OR(AE34="",AF34="",AG34=""),"",AE34+AF34+AG34+AH34+AI34) -> 8820.8 | AK34: =IF(OR(H35=""),"",(H35-H34)*80) -> 0 | AL34: =IF(OR(I35=""),"",(I35-I34)*80) -> 0 | AM34: =IF(OR(J35=""),"",(J35-J34)*80) -> 0 | AN34: =IF(OR(K35=""),"",(K35-K34)*80) -> 0 | AO34: =IF(OR(AK34="",AL34=""),"",AK34+AL34+AM34+AN34) -> 0 | AP34: =IF(OR(L35=""),"",(L35-L34)*100) -> 3050 | AQ34: =IF(OR(M35=""),"",(M35-M34)*100) -> 0 | AR34: =IF(OR(N35=""),"",(N35-N34)*100) -> 2540 | AS34: =IF(OR(O35=""),"",(O35-O34)*100) -> 2720 | AT34: =IF(OR(AP34="",AQ34=""),"",AP34+AQ34+AR34+AS34) -> 8310 | AU34: =IF(OR(P35=""),"",(P35-P34)*1000) -> 100 | AV34: =IF(OR(Q35=""),"",(Q35-Q34)*1000) -> 1800 | AW34: =IF(OR(R35=""),"",(R35-R34)*1000) -> 0 | AX34: =IF(OR(S35=""),"",(S35-S34)*1000) -> 4900 | AY34: =IF(OR(T35=""),"",(T35-T34)*1000) -> 6900 | AZ34: =IF(OR(AU34="",AV34="",AW34=""),"",AU34+AV34+AW34+AX34+AY34) -> 13700 | BA34: =IF(OR(U35=""),"",(U35-U34)*2000) -> 9800 | BB34: =IF(OR(V35=""),"",(V35-V34)*80) -> 664 | BC34: =IF(OR(Z34=""),"",(Z35-Z34)*40) -> 1356 | BD34: =IF(OR(BE34="",BC34=""),"",BE34-BC34-BB34-BA34-AZ34-AT34-AO34-AJ34) -> 10449.2 | BE34: =IF(OR(B35=""),"",(B35-B34)*10000) -> 53100 | BF34: =IF(OR(AC35=""),"",AC35-AC34) -> 36.7 | BG34: =IF(OR($AD34=0),"",BE34/$AD34) -> 0.25401229 | BH34: =IF(OR($AD34=0),"",AJ34/$AD34) -> 0.042195699 | BI34: =IF(OR($AD34=0),"",AO34/$AD34) -> 0 | BJ34: =IF(OR($AD34=0),"",AT34/$AD34) -> 0.039752206 | BK34: =IF(OR($AD34=0),"",AZ34/$AD34) -> 0.065536129 | BL34: =IF(OR($AD34=0),"",BA34/$AD34) -> 0.046879858 | BM34: =IF(OR($AD34=0),"",BB34/$AD34) -> 0.0031763496 | BN34: =IF(OR($AD34=0),"",BC34/$AD34) -> 0.0064866416 | BO34: =IF(OR($AD34=0),"",BD34/$AD34) -> 0.04998541
A35: =A34+1 -> 44348 | B35: 16361.19 | C35: 89465.9 | D35: 57237.2 | E35: 56546.3 | F35: 4670.75 | G35: 111310.9 | H35: 5596.3 | I35: 2566.3 | J35: 967 | K35: 56 | L35: 89801.3 | M35: 61207.1 | N35: 71265.5 | O35: 101616.9 | P35: 5376.7 | Q35: 7190 | R35: 4528.9 | S35: 5069.2 | T35: 6559.2 | U35: 17105.9 | V35: 50205.9 | W35: 51357.1 | X35: 1945.3 | Y35: 1670.6 | Z35: =IF(OR(W35=""),"",(W35+X35+Y35)) -> 54973 | AA35: 60707.9 | AB35: 3177 | AC35: =IF(OR(AA35=""),"",(AA35+AB35)) -> 63884.9 | BE35: 总水量 | BF35: 总电量 | BG35: =SUM(BE4:BE34) -> 1634600 | BH35: =SUM(AJ4:AJ34) -> 276633.6 | BI35: =SUM(AO4:AO34) -> 0 | BJ35: =SUM(AT4:AT34) -> 228820 | BK35: =SUM(AZ4:AZ34) -> 352600 | BL35: =SUM(BA4:BA34) -> 285800 | BM35: =SUM(BB4:BB34) -> 25280 | BN35: =SUM(BC4:BC34) -> 42300 | BO35: =SUM(BD4:BD34) -> 423166.4
BE36: =SUM(AD4:AD34) -> 6041191 | BF36: 总单耗 | BG36: =IF(OR(BG35=0),"",ROUND(BG35/$BE$36,3)) -> 0.271 | BH36: =IF(OR(BH35=0),"",ROUND(BH35/$BE$36,4)) -> 0.0458 | BI36: =IF(OR(BI35=0),"",ROUND(BI35/$BE$36,4)) | BJ36: =IF(OR(BJ35=0),"",ROUND(BJ35/$BE$36,4)) -> 0.0379 | BK36: =IF(OR(BK35=0),"",ROUND(BK35/$BE$36,4)) -> 0.0584 | BL36: =IF(OR(BL35=0),"",ROUND(BL35/$BE$36,4)) -> 0.0473 | BM36: =IF(OR(BM35=0),"",ROUND(BM35/$BE$36,4)) -> 0.0042 | BN36: =IF(OR(BN35=0),"",ROUND(BN35/$BE$36,4)) -> 0.007 | BO36: =IF(OR(BO35=0),"",ROUND(BO35/$BE$36,4)) -> 0.07

Sheet 6
B2: 高配电 表计数 | C2: 一次提升 | H2: 二次提升 | L2: 三次提升 | P2: 高压鼓风机 | U2: 提标 电表 | V2: 脱水 电表 | W2: 旧除臭 电表 | X2: 新除臭电表 | Z2: 除臭 总电表 | AA2: 旧除臭 水表 | AB2: 新除臭 水表 | AC2: 除臭 总水表 | AD2: 实际处 理水量 | AE2: 一次提升用电 | AK2: 二次提升 | AP2: 三次提升 | AU2: 高压鼓风机 | BA2: 提标电量 | BB2: 脱水电量 | BC2: 除臭电量 | BD2: 其他用电量 | BE2: 总电量 | BF2: 除臭水量 | BG2: 总单耗 | BH2: 一次提 升单耗 | BI2: 二次提 升单耗 | BJ2: 三次提 升单耗 | BK2: 风机 单耗 | BL2: 提标 总单耗 | BM2: 脱水 单耗 | BN2: 除臭 单耗 | BO2: 其他 单耗
C3: 1#泵 | D3: 2#泵 | E3: 3#泵 | F3: 4#泵 | G3: 5#泵 | H3: 1#泵 | I3: 2#泵 | J3: 3#泵 | K3: 4#泵 | L3: 1#泵 | M3: 2#泵 | N3: 3#泵 | O3: 4#泵 | P3: 1#风机 | Q3: 2#风机 | R3: 3#风机 | S3: 4#风机 | T3: 5#风机 | X3: 1# | Y3: 2# | AE3: 1#泵 | AF3: 2#泵 | AG3: 3#泵 | AH3: 4#泵 | AI3: 5#泵 | AJ3: 提升电量 | AK3: 1#泵 | AL3: 2#泵 | AM3: 3#泵 | AN3: 4#泵 | AO3: 提升电量 | AP3: 1#泵 | AQ3: 2#泵 | AR3: 3#泵 | AS3: 4#泵 | AT3: 提升电量 | AU3: 1#风机 | AV3: 2#风机 | AW3: 3#风机 | AX3: 4#风机 | AY3: 5#风机 | AZ3: 风机电量
A4: ='5'!A35 -> 44348 | B4: 16361.19 | C4: 89465.9 | D4: 57237.2 | E4: 56546.3 | F4: 4670.75 | G4: 111310.9 | H4: 5596.3 | I4: 2566.3 | J4: 967 | K4: 56 | L4: 89801.3 | M4: 61207.1 | N4: 71265.5 | O4: 101616.9 | P4: 5376.7 | Q4: 7190 | R4: 4528.9 | S4: 5069.2 | T4: 6559.2 | U4: 17105.9 | V4: 50205.9 | W4: 51357.1 | X4: 1945.3 | Y4: 1670.6 | Z4: =IF(OR(W4=""),"",(W4+X4+Y4)) -> 54973 | AA4: 60707.9 | AB4: 3177 | AC4: =IF(OR(AA4=""),"",(AA4+AB4)) -> 63884.9 | AD4: 206711 | AE4: =IF(OR(C5=""),"",(C5-C4)*80) -> 3744 | AF4: =IF(OR(D5=""),"",(D5-D4)*80) -> 3056 | AG4: =IF(OR(E5=""),"",(E5-E4)*80) -> 0 | AH4: =IF(OR(F5=""),"",(F5-F4)*80) -> 4 | AI4: =IF(OR(G5=""),"",(G5-G4)*80) -> 1880 | AJ4: =IF(OR(AE4="",AF4="",AG4=""),"",AE4+AF4+AG4+AH4+AI4) -> 8684 | AK4: =IF(OR(H5=""),"",(H5-H4)*80) -> 0 | AL4: =IF(OR(I5=""),"",(I5-I4)*80) -> 0 | AM4: =IF(OR(J5=""),"",(J5-J4)*80) -> 0 | AN4: =IF(OR(K5=""),"",(K5-K4)*80) -> 0 | AO4: =IF(OR(AK4="",AL4=""),"",AK4+AL4+AM4+AN4) -> 0 | AP4: =IF(OR(L5=""),"",(L5-L4)*100) -> 2930 | AQ4: =IF(OR(M5=""),"",(M5-M4)*100) -> 0 | AR4: =IF(OR(N5=""),"",(N5-N4)*100) -> 2490 | AS4: =IF(OR(O5=""),"",(O5-O4)*100) -> 2700 | AT4: =IF(OR(AP4="",AQ4=""),"",AP4+AQ4+AR4+AS4) -> 8120 | AU4: =IF(OR(P5=""),"",(P5-P4)*1000) -> 1500 | AV4: =IF(OR(Q5=""),"",(Q5-Q4)*1000) -> 4400 | AW4: =IF(OR(R5=""),"",(R5-R4)*1000) -> 0 | AX4: =IF(OR(S5=""),"",(S5-S4)*1000) -> 0 | AY4: =IF(OR(T5=""),"",(T5-T4)*1000) -> 0 | AZ4: =IF(OR(AU4="",AV4="",AW4=""),"",AU4+AV4+AW4+AX4+AY4) -> 5900 | BA4: =IF(OR(U5=""),"",(U5-U4)*2000) -> 10000 | BB4: =IF(OR(V5=""),"",(V5-V4)*80) -> 624 | BC4: =IF(OR(Z4=""),"",(Z5-Z4)*40) -> 1336 | BD4: =IF(OR(BE4="",BC4=""),"",BE4-BC4-BB4-BA4-AZ4-AT4-AO4-AJ4) -> 18636 | BE4: =IF(OR(B5=""),"",(B5-B4)*10000) -> 53300 | BF4: =IF(OR(AC5=""),"",AC5-AC4) -> 76.9 | BG4: =IF(OR($AD4=0),"",BE4/$AD4) -> 0.25784791 | BH4: =IF(OR($AD4=0),"",AJ4/$AD4) -> 0.042010343 | BI4: =IF(OR($AD4=0),"",AO4/$AD4) -> 0 | BJ4: =IF(OR($AD4=0),"",AT4/$AD4) -> 0.039281896 | BK4: =IF(OR($AD4=0),"",AZ4/$AD4) -> 0.028542264 | BL4: =IF(OR($AD4=0),"",BA4/$AD4) -> 0.048376719 | BM4: =IF(OR($AD4=0),"",BB4/$AD4) -> 0.0030187073 | BN4: =IF(OR($AD4=0),"",BC4/$AD4) -> 0.0064631297 | BO4: =IF(OR($AD4=0),"",BD4/$AD4) -> 0.090154854
